image_name,x0,y0,x1,y1,x2,y2,x3,y3,x4,y4,x5,y5,x6,y6,x7,y7,x8,y8,x9,y9,x10,y10,x11,y11,x12,y12,x13,y13,x14,y14,x15,y15,x16,y16
person_nn_0.jpg,0.42975521087646484,0.27522000670433044,0.4264889061450958,0.25576797127723694,0.414347380399704,0.2694200575351715,0.0,0.0,0.38071903586387634,0.2960589528083801,0.43095478415489197,0.349540114402771,0.3574663996696472,0.40515848994255066,0.46523550152778625,0.44757792353630066,0.3478894829750061,0.5321211814880371,0.47908398509025574,0.5631003975868225,0.41661345958709717,0.5849624872207642,0.4409187138080597,0.5889160633087158,0.4013802111148834,0.6220346689224243,0.41549572348594666,0.6932530403137207,0.42326197028160095,0.7480366826057434,0.37923911213874817,0.8038856387138367,0.4309380352497101,0.8408913016319275
person_nn_1.jpg,0.0,0.0,0.0,0.0,0.0,0.0,0.0,0.0,0.9632793068885803,0.07683851569890976,0.9425830245018005,0.12027333676815033,0.9388201832771301,0.13763485848903656,0.0,0.0,0.9409350156784058,0.24227210879325867,0.0,0.0,0.9770780205726624,0.20785430073738098,0.9099454283714294,0.3013857901096344,0.9078437089920044,0.30791568756103516,0.895896852016449,0.42821425199508667,0.8978341221809387,0.4465250074863434,0.8787809014320374,0.5421136617660522,0.8784366250038147,0.5652340650558472
person_nn_2.jpg,0.44669246673583984,0.283404141664505,0.4439525604248047,0.2654896378517151,0.43274015188217163,0.2758384346961975,0.0,0.0,0.3999197483062744,0.3020768463611603,0.44869476556777954,0.3659590184688568,0.3746906816959381,0.41733673214912415,0.4752953052520752,0.4755439758300781,0.3762896955013275,0.5617568492889404,0.48599720001220703,0.5684416890144348,0.4427439868450165,0.6110418438911438,0.4646804630756378,0.6200046539306641,0.4189690351486206,0.650682270526886,0.45526522397994995,0.7305926084518433,0.4276834726333618,0.7776771783828735,0.4350145161151886,0.8470821976661682,0.4383690357208252,0.879789412021637
person_nn_3.jpg,0.0,0.0,0.0,0.0,0.0,0.0,0.0,0.0,0.9629042148590088,0.08088915795087814,0.943047821521759,0.1191382110118866,0.9382445216178894,0.1382550746202469,0.0,0.0,0.9415507912635803,0.24058224260807037,0.0,0.0,0.9774172306060791,0.20510666072368622,0.9098920822143555,0.2926199734210968,0.9072099328041077,0.3001791834831238,0.8981383442878723,0.41924068331718445,0.899186372756958,0.4397437572479248,0.8788487911224365,0.5317490100860596,0.878080427646637,0.5576031804084778
person_nn_4.jpg,0.4714582860469818,0.2904849350452423,0.0,0.0,0.4565008282661438,0.2815726697444916,0.0,0.0,0.42002105712890625,0.3105619251728058,0.46325844526290894,0.3889499306678772,0.3924572765827179,0.4342256784439087,0.4879762530326843,0.5076962113380432,0.399393767118454,0.5836153030395508,0.5078725814819336,0.5869089365005493,0.471341609954834,0.6218330264091492,0.4798949956893921,0.6336399912834167,0.43394383788108826,0.6649147272109985,0.48250672221183777,0.7370830774307251,0.440818727016449,0.7959275245666504,0.4660314619541168,0.8220834136009216,0.4391186535358429,0.881912112236023
person_nn_5.jpg,0.0,0.0,0.0,0.0,0.9789667725563049,0.08254116773605347,0.0,0.0,0.9630213379859924,0.08023416996002197,0.9462679624557495,0.12035594880580902,0.9369606971740723,0.13579250872135162,0.0,0.0,0.9398688077926636,0.23809584975242615,0.0,0.0,0.9793601632118225,0.20507214963436127,0.9113247990608215,0.2941160798072815,0.9054233431816101,0.3000974953174591,0.8978453874588013,0.42213618755340576,0.8975388407707214,0.4404822289943695,0.8781449794769287,0.5359720587730408,0.8762067556381226,0.5608519911766052
person_nn_6.jpg,0.4714582860469818,0.2904849350452423,0.0,0.0,0.4565008282661438,0.2815726697444916,0.0,0.0,0.42002105712890625,0.3105619251728058,0.46325844526290894,0.3889499306678772,0.3924572765827179,0.4342256784439087,0.4879762530326843,0.5076962113380432,0.399393767118454,0.5836153030395508,0.5078725814819336,0.5869089365005493,0.471341609954834,0.6218330264091492,0.4798949956893921,0.6336399912834167,0.43394383788108826,0.6649147272109985,0.48250672221183777,0.7370830774307251,0.440818727016449,0.7959275245666504,0.4660314619541168,0.8220834136009216,0.4391186535358429,0.881912112236023
person_nn_7.jpg,0.0,0.0,0.0,0.0,0.9789667725563049,0.08254116773605347,0.0,0.0,0.9630213379859924,0.08023416996002197,0.9462679624557495,0.12035594880580902,0.9369606971740723,0.13579250872135162,0.0,0.0,0.9398688077926636,0.23809584975242615,0.0,0.0,0.9793601632118225,0.20507214963436127,0.9113247990608215,0.2941160798072815,0.9054233431816101,0.3000974953174591,0.8978453874588013,0.42213618755340576,0.8975388407707214,0.4404822289943695,0.8781449794769287,0.5359720587730408,0.8762067556381226,0.5608519911766052
person_nn_8.jpg,0.49848878383636475,0.3109615445137024,0.0,0.0,0.4845999479293823,0.30106016993522644,0.0,0.0,0.4464932978153229,0.32476407289505005,0.48725831508636475,0.38817936182022095,0.4205094277858734,0.44630512595176697,0.5052238702774048,0.5029591917991638,0.4275466203689575,0.6116893887519836,0.5201586484909058,0.5843046307563782,0.5061580538749695,0.6326263546943665,0.49924761056900024,0.642266571521759,0.45156705379486084,0.6746188402175903,0.521248459815979,0.7618845105171204,0.45076611638069153,0.8012051582336426,0.5123188495635986,0.8928205370903015,0.4346790909767151,0.9052868485450745
person_nn_9.jpg,0.0,0.0,0.0,0.0,0.981831431388855,0.07554586976766586,0.0,0.0,0.9635446071624756,0.07523608952760696,0.9589346647262573,0.12148243933916092,0.9354285597801208,0.13427028059959412,0.0,0.0,0.9397949576377869,0.23641972243785858,0.0,0.0,0.9791908860206604,0.20515596866607666,0.9199778437614441,0.2939957082271576,0.9045476317405701,0.2979696989059448,0.9017794132232666,0.4202515184879303,0.896938681602478,0.4366714358329773,0.8767666816711426,0.5363590121269226,0.8755442500114441,0.5610775947570801
person_nn_10.jpg,0.5316163897514343,0.32723674178123474,0.0,0.0,0.5162264108657837,0.31782591342926025,0.0,0.0,0.4747401475906372,0.3490002155303955,0.5101110339164734,0.43119752407073975,0.45364469289779663,0.470453143119812,0.5175365805625916,0.5516664385795593,0.45285969972610474,0.6308937072753906,0.5496237277984619,0.6142942905426025,0.5358752608299255,0.6480270624160767,0.5128974318504333,0.6734066605567932,0.4673800766468048,0.6940534710884094,0.549547553062439,0.7918633818626404,0.45646965503692627,0.8069494366645813,0.5712296962738037,0.9075849652290344,0.4377640187740326,0.8890919089317322
person_nn_11.jpg,0.0,0.0,0.0,0.0,0.9811272025108337,0.08033274114131927,0.0,0.0,0.9631709456443787,0.07976780086755753,0.9547259211540222,0.12396126985549927,0.9367036819458008,0.1367422193288803,0.0,0.0,0.9370028972625732,0.23661495745182037,0.0,0.0,0.9772183895111084,0.2089337855577469,0.9140363931655884,0.29882049560546875,0.9024507403373718,0.30307209491729736,0.8976839184761047,0.42381274700164795,0.8965205550193787,0.43996164202690125,0.8772479295730591,0.5384842753410339,0.8755830526351929,0.5614088177680969
person_nn_12.jpg,0.5674325823783875,0.3437591791152954,0.0,0.0,0.5535726547241211,0.33343619108200073,0.0,0.0,0.511875331401825,0.35671624541282654,0.5381714105606079,0.4342317581176758,0.48845475912094116,0.4755273461341858,0.5377219319343567,0.5541755557060242,0.4765832722187042,0.6418994665145874,0.5746021270751953,0.6260092258453369,0.5602652430534363,0.6669861078262329,0.5388821959495544,0.6788890957832336,0.4978000223636627,0.6992518901824951,0.5715339183807373,0.8100051879882812,0.47871050238609314,0.820837676525116,0.5830616354942322,0.9343209862709045,0.4475643038749695,0.9071927666664124
person_nn_13.jpg,0.0,0.0,0.0,0.0,0.982201874256134,0.0776912271976471,0.0,0.0,0.965239942073822,0.0781187042593956,0.9562615156173706,0.1265297681093216,0.9372605681419373,0.1365896612405777,0.0,0.0,0.935786247253418,0.23464304208755493,0.0,0.0,0.9774186015129089,0.21053996682167053,0.9167108535766602,0.30266937613487244,0.9044336080551147,0.3056260943412781,0.8974503874778748,0.429635614156723,0.8948659896850586,0.44363439083099365,0.878944993019104,0.5445985198020935,0.8776465654373169,0.5670157074928284
person_nn_14.jpg,0.6023492813110352,0.3486146628856659,0.0,0.0,0.5908946990966797,0.3356070816516876,0.0,0.0,0.5536712408065796,0.3548714518547058,0.5554114580154419,0.4409415125846863,0.5378963351249695,0.4740314781665802,0.0,0.0,0.5291343331336975,0.6431171894073486,0.6010848879814148,0.6352196335792542,0.5973238945007324,0.6751556992530823,0.5570904016494751,0.688096284866333,0.5367046594619751,0.704795777797699,0.5926915407180786,0.8189701437950134,0.5193329453468323,0.8266420364379883,0.5921522974967957,0.9302677512168884,0.45811519026756287,0.9077038764953613
person_nn_15.jpg,0.0,0.0,0.0,0.0,0.9803779125213623,0.08678289502859116,0.0,0.0,0.9637759923934937,0.08466904610395432,0.9510312080383301,0.12843021750450134,0.9358915090560913,0.13970531523227692,0.0,0.0,0.9380919933319092,0.23670564591884613,0.0,0.0,0.9779505133628845,0.20948825776576996,0.9142710566520691,0.3006032109260559,0.9045022130012512,0.30398014187812805,0.8980347514152527,0.4285580813884735,0.8951829671859741,0.44208604097366333,0.8779963254928589,0.5429584980010986,0.8772458434104919,0.5643777847290039
person_nn_16.jpg,0.6023492813110352,0.3486146628856659,0.0,0.0,0.5908946990966797,0.3356070816516876,0.0,0.0,0.5536712408065796,0.3548714518547058,0.5554114580154419,0.4409415125846863,0.5378963351249695,0.4740314781665802,0.0,0.0,0.5291343331336975,0.6431171894073486,0.6010848879814148,0.6352196335792542,0.5973238945007324,0.6751556992530823,0.5570904016494751,0.688096284866333,0.5367046594619751,0.704795777797699,0.5926915407180786,0.8189701437950134,0.5193329453468323,0.8266420364379883,0.5921522974967957,0.9302677512168884,0.45811519026756287,0.9077038764953613
person_nn_17.jpg,0.0,0.0,0.0,0.0,0.9803779125213623,0.08678289502859116,0.0,0.0,0.9637759923934937,0.08466904610395432,0.9510312080383301,0.12843021750450134,0.9358915090560913,0.13970531523227692,0.0,0.0,0.9380919933319092,0.23670564591884613,0.0,0.0,0.9779505133628845,0.20948825776576996,0.9142710566520691,0.3006032109260559,0.9045022130012512,0.30398014187812805,0.8980347514152527,0.4285580813884735,0.8951829671859741,0.44208604097366333,0.8779963254928589,0.5429584980010986,0.8772458434104919,0.5643777847290039
person_nn_18.jpg,0.6355100870132446,0.351429283618927,0.0,0.0,0.6263909339904785,0.33822622895240784,0.0,0.0,0.5914350152015686,0.35081711411476135,0.5951899290084839,0.44429412484169006,0.5561391711235046,0.4757275879383087,0.0,0.0,0.5641754865646362,0.6315662264823914,0.0,0.0,0.6263889074325562,0.6630951166152954,0.5878632068634033,0.681809663772583,0.567844808101654,0.7021216154098511,0.5753586888313293,0.8178579807281494,0.5933223962783813,0.8516495823860168,0.5107572674751282,0.8988068699836731,0.5839742422103882,0.9343931078910828
person_nn_19.jpg,0.9819716811180115,0.09002459049224854,0.0,0.0,0.9794413447380066,0.08189495652914047,0.0,0.0,0.9623090624809265,0.0816260501742363,0.9529826045036316,0.1301094889640808,0.9352331757545471,0.14019201695919037,0.0,0.0,0.9390863180160522,0.23868624866008759,0.0,0.0,0.9788024425506592,0.20934949815273285,0.9169152975082397,0.3035210371017456,0.905229926109314,0.3063105642795563,0.8998093605041504,0.4298837184906006,0.8957910537719727,0.44269657135009766,0.8779512047767639,0.542394757270813,0.8767772912979126,0.5636467933654785
person_nn_20.jpg,0.6685675382614136,0.35062986612319946,0.0,0.0,0.658832311630249,0.3388212025165558,0.0,0.0,0.6205901503562927,0.35436463356018066,0.6197181344032288,0.43577367067337036,0.5927021503448486,0.4777844250202179,0.0,0.0,0.5883930325508118,0.6503124833106995,0.0,0.0,0.6618203520774841,0.6807783842086792,0.6168423295021057,0.7068952322006226,0.5988844633102417,0.7309089303016663,0.6227251291275024,0.843792200088501,0.6129850149154663,0.8769439458847046,0.5823805928230286,0.9164680242538452,0.56340092420578,0.9358209371566772
person_nn_21.jpg,0.0,0.0,0.0,0.0,0.9801911115646362,0.08277462422847748,0.0,0.0,0.9630633592605591,0.08205890655517578,0.9566664099693298,0.1318507194519043,0.9345150589942932,0.13997051119804382,0.0,0.0,0.9378963112831116,0.2370312213897705,0.0,0.0,0.9778544306755066,0.21246986091136932,0.9224920868873596,0.3038959205150604,0.9075285792350769,0.305942177772522,0.9049827456474304,0.43032896518707275,0.8972542881965637,0.4419991970062256,0.8804377317428589,0.542034387588501,0.8777756690979004,0.5635077953338623
person_nn_22.jpg,0.6954481601715088,0.3709883391857147,0.0,0.0,0.6888834238052368,0.3599669337272644,0.0,0.0,0.6525557637214661,0.3648255169391632,0.6563141345977783,0.4342581629753113,0.6188228726387024,0.4808034300804138,0.670391857624054,0.55242520570755,0.6235663294792175,0.6619094610214233,0.7038490176200867,0.6324754357337952,0.6943910717964172,0.6895683407783508,0.6435991525650024,0.713527500629425,0.6172394752502441,0.7359806299209595,0.6520522236824036,0.8705726861953735,0.6202456951141357,0.8974177241325378,0.0,0.0,0.5818077325820923,0.9596799612045288
person_nn_23.jpg,0.0,0.0,0.0,0.0,0.9809426665306091,0.08069576323032379,0.0,0.0,0.9631877541542053,0.08027146011590958,0.9639341831207275,0.13024263083934784,0.9335280060768127,0.13859745860099792,0.0,0.0,0.9380003809928894,0.2364507019519806,0.0,0.0,0.9795799851417542,0.2144511640071869,0.9266775250434875,0.30460283160209656,0.9059795141220093,0.3062596023082733,0.908626139163971,0.42998096346855164,0.8968454003334045,0.44116801023483276,0.8814349174499512,0.5393487811088562,0.8781931400299072,0.5600443482398987
person_nn_24.jpg,0.7301837801933289,0.3896152675151825,0.0,0.0,0.7241741418838501,0.3813536465167999,0.0,0.0,0.6903054714202881,0.38592663407325745,0.676473081111908,0.4286262094974518,0.6561163067817688,0.49887338280677795,0.7041499018669128,0.5379399061203003,0.6677971482276917,0.676807165145874,0.7366926670074463,0.632262647151947,0.7306512594223022,0.6980147957801819,0.653948962688446,0.6990769505500793,0.6496475338935852,0.7355298399925232,0.6357981562614441,0.8296997547149658,0.6844449639320374,0.8938999176025391,0.5872147083282471,0.9162225127220154,0.6804222464561462,0.9716219902038574
person_nn_25.jpg,0.0,0.0,0.0,0.0,0.9825300574302673,0.0799977108836174,0.0,0.0,0.9640094041824341,0.07883365452289581,0.0,0.0,0.9331114292144775,0.13652600347995758,0.0,0.0,0.9378544092178345,0.23503074049949646,0.0,0.0,0.9812179207801819,0.21614214777946472,0.9287269115447998,0.3026334047317505,0.9061791896820068,0.3040623068809509,0.9112182259559631,0.4279245436191559,0.8980738520622253,0.43855035305023193,0.8822498917579651,0.5405091643333435,0.8784244656562805,0.5607419610023499
person_nn_26.jpg,0.7660172581672668,0.40893885493278503,0.0,0.0,0.7598711252212524,0.40120962262153625,0.0,0.0,0.7252185344696045,0.4048123061656952,0.707856297492981,0.4541042447090149,0.6911128163337708,0.5137706995010376,0.7357219457626343,0.5632737874984741,0.7101683616638184,0.6746483445167542,0.7644974589347839,0.659191370010376,0.7599813938140869,0.7145807147026062,0.678838312625885,0.7149138450622559,0.6800398230552673,0.7468131184577942,0.646156370639801,0.8425955772399902,0.7168824672698975,0.9070942401885986,0.0,0.0,0.7198793888092041,0.9755589962005615
person_nn_27.jpg,0.0,0.0,0.0,0.0,0.9819193482398987,0.08037033677101135,0.0,0.0,0.9633890986442566,0.07931873202323914,0.0,0.0,0.9330674409866333,0.13724946975708008,0.0,0.0,0.9396711587905884,0.2359597533941269,0.0,0.0,0.9823526740074158,0.21769510209560394,0.9292193651199341,0.30515003204345703,0.9067828059196472,0.3060672879219055,0.9112153649330139,0.4299713671207428,0.8976082801818848,0.4394593834877014,0.8817381858825684,0.543887197971344,0.8781659603118896,0.5625452399253845
person_nn_28.jpg,0.7660172581672668,0.40893885493278503,0.0,0.0,0.7598711252212524,0.40120962262153625,0.0,0.0,0.7252185344696045,0.4048123061656952,0.707856297492981,0.4541042447090149,0.6911128163337708,0.5137706995010376,0.7357219457626343,0.5632737874984741,0.7101683616638184,0.6746483445167542,0.7644974589347839,0.659191370010376,0.7599813938140869,0.7145807147026062,0.678838312625885,0.7149138450622559,0.6800398230552673,0.7468131184577942,0.646156370639801,0.8425955772399902,0.7168824672698975,0.9070942401885986,0.0,0.0,0.7198793888092041,0.9755589962005615
person_nn_29.jpg,0.0,0.0,0.0,0.0,0.9819193482398987,0.08037033677101135,0.0,0.0,0.9633890986442566,0.07931873202323914,0.0,0.0,0.9330674409866333,0.13724946975708008,0.0,0.0,0.9396711587905884,0.2359597533941269,0.0,0.0,0.9823526740074158,0.21769510209560394,0.9292193651199341,0.30515003204345703,0.9067828059196472,0.3060672879219055,0.9112153649330139,0.4299713671207428,0.8976082801818848,0.4394593834877014,0.8817381858825684,0.543887197971344,0.8781659603118896,0.5625452399253845
person_nn_30.jpg,0.800123393535614,0.42564231157302856,0.0,0.0,0.7946776151657104,0.41744133830070496,0.0,0.0,0.7624257206916809,0.4167041778564453,0.7364839911460876,0.4630850851535797,0.7226890921592712,0.5266357660293579,0.0,0.0,0.7383482456207275,0.6739214658737183,0.0,0.0,0.7883673906326294,0.7197061777114868,0.7157078981399536,0.7123119235038757,0.7186393141746521,0.7507665157318115,0.6830779910087585,0.8268938064575195,0.7496213316917419,0.9125750660896301,0.6048004627227783,0.8733340501785278,0.748254656791687,0.9793489575386047
person_nn_31.jpg,0.0,0.0,0.0,0.0,0.980724573135376,0.08487936854362488,0.0,0.0,0.9623232483863831,0.08185093849897385,0.9579188823699951,0.12580537796020508,0.9327121376991272,0.13699769973754883,0.0,0.0,0.9416952133178711,0.23667892813682556,0.0,0.0,0.9834757447242737,0.21519431471824646,0.9169634580612183,0.30006399750709534,0.9000647664070129,0.3028496503829956,0.9034443497657776,0.4277636706829071,0.89482581615448,0.4398493468761444,0.8765747547149658,0.542205274105072,0.8768245577812195,0.5606105327606201
person_nn_32.jpg,0.0,0.0,0.0,0.0,0.9838989973068237,0.0814058855175972,0.0,0.0,0.9640780091285706,0.07870481163263321,0.0,0.0,0.9346768856048584,0.133018359541893,0.0,0.0,0.9477964043617249,0.23600956797599792,0.0,0.0,0.9884968996047974,0.20882807672023773,0.9194802045822144,0.2984163761138916,0.8980083465576172,0.30026036500930786,0.9027438759803772,0.4260954260826111,0.8919239640235901,0.4390453100204468,0.8725836873054504,0.5379071831703186,0.8736765384674072,0.5588650703430176
person_nn_33.jpg,0.0,0.0,0.0,0.0,0.0,0.0,0.0,0.0,0.8077884912490845,0.4271615147590637,0.7538716793060303,0.46041762828826904,0.7715698480606079,0.5369696617126465,0.0,0.0,0.7782928347587585,0.7177504301071167,0.0,0.0,0.8339576125144958,0.7312273383140564,0.7397634983062744,0.7340406179428101,0.7515392899513245,0.7727603912353516,0.7356241941452026,0.8623205423355103,0.7539042830467224,0.9306789040565491,0.0,0.0,0.7025172114372253,0.9405955076217651
person_nn_34.jpg,0.0,0.0,0.0,0.0,0.8510898351669312,0.4376472532749176,0.0,0.0,0.8246913552284241,0.4309030771255493,0.7753022909164429,0.4700193405151367,0.8012822866439819,0.529312252998352,0.0,0.0,0.809141993522644,0.6969513297080994,0.0,0.0,0.8600372672080994,0.7335633039474487,0.760466456413269,0.7482955455780029,0.7779091596603394,0.7784774899482727,0.7601264119148254,0.8669829368591309,0.7721160650253296,0.921844482421875,0.0,0.0,0.7169308066368103,0.9501441717147827
person_nn_35.jpg,0.0,0.0,0.0,0.0,0.0,0.0,0.0,0.0,0.9638075232505798,0.08035293221473694,0.9575062990188599,0.12433986365795135,0.9366000890731812,0.13460619747638702,0.0,0.0,0.9510034918785095,0.23021665215492249,0.0,0.0,0.9901939034461975,0.20915962755680084,0.931468665599823,0.29509103298187256,0.9166898131370544,0.29828527569770813,0.9168241024017334,0.42410075664520264,0.901768147945404,0.4354488253593445,0.889693021774292,0.5386927127838135,0.8836513161659241,0.5568970441818237
person_nn_36.jpg,0.0,0.0,0.0,0.0,0.8902698159217834,0.44949644804000854,0.0,0.0,0.864601731300354,0.4376901686191559,0.8190306425094604,0.4251295328140259,0.8258232474327087,0.5584184527397156,0.0,0.0,0.8256831765174866,0.7739866971969604,0.0,0.0,0.879414975643158,0.7531647086143494,0.8107652068138123,0.7658987641334534,0.8165860772132874,0.8332222104072571,0.0,0.0,0.8028207421302795,0.9290138483047485,0.0,0.0,0.0,0.0
person_nn_37.jpg,0.0,0.0,0.0,0.0,0.8902698159217834,0.44949644804000854,0.0,0.0,0.864601731300354,0.4376901686191559,0.8190306425094604,0.4251295328140259,0.8258232474327087,0.5584184527397156,0.0,0.0,0.8256831765174866,0.7739866971969604,0.0,0.0,0.879414975643158,0.7531647086143494,0.8107652068138123,0.7658987641334534,0.8165860772132874,0.8332222104072571,0.0,0.0,0.8028207421302795,0.9290138483047485,0.0,0.0,0.0,0.0
person_nn_38.jpg,0.0,0.0,0.0,0.0,0.0,0.0,0.0,0.0,0.91514652967453,0.4385974109172821,0.8334505558013916,0.47090470790863037,0.8650485873222351,0.5543261766433716,0.0,0.0,0.844943642616272,0.7859857082366943,0.0,0.0,0.9046005010604858,0.7599874138832092,0.0,0.0,0.8458631634712219,0.8814428448677063,0.0,0.0,0.0,0.0,0.0,0.0,0.0,0.0
person_nn_39.jpg,0.963068962097168,0.4628108739852905,0.0,0.0,0.957753598690033,0.4477366507053375,0.0,0.0,0.9246311783790588,0.44842976331710815,0.8725433945655823,0.45111486315727234,0.8846442103385925,0.588543176651001,0.0,0.0,0.8730164170265198,0.8408176898956299,0.0,0.0,0.917597770690918,0.8020173907279968,0.0,0.0,0.8516389727592468,0.8951175212860107,0.0,0.0,0.0,0.0,0.0,0.0,0.0,0.0
person_nn_40.jpg,0.0,0.0,0.0,0.0,0.0,0.0,0.0,0.0,0.9598034024238586,0.4542807638645172,0.8898328542709351,0.48081329464912415,0.9203172326087952,0.5928599834442139,0.0,0.0,0.9067891836166382,0.7960290908813477,0.0,0.0,0.9634231328964233,0.7647973299026489,0.0,0.0,0.8885007500648499,0.8489465117454529,0.0,0.0,0.0,0.0,0.0,0.0,0.0,0.0
person_nn_41.jpg,0.9720777869224548,0.09647870063781738,0.9722313284873962,0.08296450972557068,0.9673202037811279,0.0862630307674408,0.0,0.0,0.9489694237709045,0.08441146463155746,0.9464929103851318,0.1198035180568695,0.9395897388458252,0.13800443708896637,0.0,0.0,0.9694817066192627,0.21715602278709412,0.0,0.0,0.9975137114524841,0.20806239545345306,0.921827495098114,0.26908549666404724,0.9147912859916687,0.27594780921936035,0.9199629426002502,0.39002135396003723,0.9043907523155212,0.4072764217853546,0.0,0.0,0.8883426189422607,0.5049071311950684
person_nn_42.jpg,0.973463237285614,0.10129476338624954,0.0,0.0,0.9696832895278931,0.0910581424832344,0.0,0.0,0.9511380195617676,0.08930714428424835,0.9386765360832214,0.12333394587039948,0.9424929022789001,0.14075367152690887,0.0,0.0,0.9733287692070007,0.22035987675189972,0.0,0.0,0.9971746206283569,0.20463311672210693,0.9141779541969299,0.2829286456108093,0.9162043929100037,0.2881314158439636,0.9002297520637512,0.4072398841381073,0.9038705229759216,0.42228472232818604,0.0,0.0,0.0,0.0
person_nn_43.jpg,0.0,0.0,0.0,0.0,0.0,0.0,0.0,0.0,0.9692113399505615,0.43511077761650085,0.0,0.0,0.943057119846344,0.5585132837295532,0.0,0.0,0.9057915210723877,0.8729373216629028,0.0,0.0,0.0,0.0,0.0,0.0,0.0,0.0,0.0,0.0,0.0,0.0,0.0,0.0,0.0,0.0
person_nn_44.jpg,0.973463237285614,0.10129476338624954,0.0,0.0,0.9696832895278931,0.0910581424832344,0.0,0.0,0.9511380195617676,0.08930714428424835,0.9386765360832214,0.12333394587039948,0.9424929022789001,0.14075367152690887,0.0,0.0,0.9733287692070007,0.22035987675189972,0.0,0.0,0.9971746206283569,0.20463311672210693,0.9141779541969299,0.2829286456108093,0.9162043929100037,0.2881314158439636,0.9002297520637512,0.4072398841381073,0.9038705229759216,0.42228472232818604,0.0,0.0,0.0,0.0
person_nn_45.jpg,0.0,0.0,0.0,0.0,0.0,0.0,0.0,0.0,0.9692113399505615,0.43511077761650085,0.0,0.0,0.943057119846344,0.5585132837295532,0.0,0.0,0.9057915210723877,0.8729373216629028,0.0,0.0,0.0,0.0,0.0,0.0,0.0,0.0,0.0,0.0,0.0,0.0,0.0,0.0,0.0,0.0
person_nn_46.jpg,0.0,0.0,0.0,0.0,0.9738435745239258,0.08777367323637009,0.0,0.0,0.9577522873878479,0.08734025061130524,0.9342293739318848,0.1209724172949791,0.9454582929611206,0.14256608486175537,0.0,0.0,0.9734802842140198,0.22651606798171997,0.0,0.0,0.9969848990440369,0.20408020913600922,0.9105653762817383,0.28002920746803284,0.9173282980918884,0.2867885231971741,0.9017983675003052,0.4024893343448639,0.9003915190696716,0.4170915484428406,0.887804388999939,0.5178678035736084,0.8810890913009644,0.5350334048271179
person_nn_47.jpg,0.0,0.0,0.0,0.0,0.0,0.0,0.0,0.0,0.9593872427940369,0.08634738624095917,0.9399878978729248,0.12446103245019913,0.9449846148490906,0.1433936059474945,0.0,0.0,0.9745970964431763,0.2282535284757614,0.0,0.0,0.9990546107292175,0.20169903337955475,0.9199826121330261,0.28930410742759705,0.9225127100944519,0.2951841354370117,0.9111710786819458,0.40725594758987427,0.9067804217338562,0.42012229561805725,0.0,0.0,0.8867189884185791,0.5338638424873352
person_nn_48.jpg,0.0,0.0,0.0,0.0,0.0,0.0,0.0,0.0,0.9657709002494812,0.0764336809515953,0.0,0.0,0.9448901414871216,0.13772927224636078,0.0,0.0,0.9674660563468933,0.21911653876304626,0.0,0.0,0.9960091710090637,0.21270346641540527,0.9121701717376709,0.2903452217578888,0.9102799296379089,0.29264169931411743,0.9017807841300964,0.4217839241027832,0.9009045362472534,0.433303564786911,0.8786202669143677,0.5333874821662903,0.8775951862335205,0.552820086479187
person_nn_49.jpg,0.0,0.0,0.0,0.0,0.0,0.0,0.0,0.0,0.9662511348724365,0.07273213565349579,0.0,0.0,0.9428767561912537,0.13732996582984924,0.0,0.0,0.9701735973358154,0.22491587698459625,0.0,0.0,1.0,0.22611172497272491,0.9128496050834656,0.2943077087402344,0.9092435240745544,0.2986980676651001,0.898531973361969,0.42028486728668213,0.8937252759933472,0.4350627660751343,0.8725312948226929,0.5353021025657654,0.8750717043876648,0.5578879117965698
person_nn_50.jpg,0.0,0.0,0.0,0.0,0.0,0.0,0.0,0.0,0.9662511348724365,0.07273213565349579,0.0,0.0,0.9428767561912537,0.13732996582984924,0.0,0.0,0.9701735973358154,0.22491587698459625,0.0,0.0,1.0,0.22611172497272491,0.9128496050834656,0.2943077087402344,0.9092435240745544,0.2986980676651001,0.898531973361969,0.42028486728668213,0.8937252759933472,0.4350627660751343,0.8725312948226929,0.5353021025657654,0.8750717043876648,0.5578879117965698
person_nn_51.jpg,0.0,0.0,0.0,0.0,0.0,0.0,0.0,0.0,0.9655331373214722,0.07381600141525269,0.0,0.0,0.9421190023422241,0.13785430788993835,0.0,0.0,0.9705427289009094,0.22291550040245056,0.0,0.0,1.0,0.23055849969387054,0.9145630598068237,0.29714834690093994,0.9079802632331848,0.3016946017742157,0.9025594592094421,0.41948655247688293,0.8942070007324219,0.43557775020599365,0.8746717572212219,0.5296888947486877,0.8746102452278137,0.5555731058120728
person_nn_52.jpg,0.0,0.0,0.0,0.0,0.0,0.0,0.0,0.0,0.9645689725875854,0.07670103758573532,0.0,0.0,0.9428206086158752,0.14008517563343048,0.0,0.0,0.9730360507965088,0.2234145551919937,0.0,0.0,1.0,0.2282954454421997,0.9140506982803345,0.2943650484085083,0.9084347486495972,0.30033597350120544,0.9047843813896179,0.41410237550735474,0.8955089449882507,0.43297505378723145,0.8754364848136902,0.5253965258598328,0.8749205470085144,0.5537062287330627
person_nn_53.jpg,0.0,0.0,0.0,0.0,0.0,0.0,0.0,0.0,0.9676000475883484,0.07607721537351608,0.0,0.0,0.9443190097808838,0.1398286074399948,0.0,0.0,0.9742604494094849,0.2201261669397354,0.0,0.0,1.0,0.23103155195713043,0.9100309014320374,0.2950577437877655,0.9055889844894409,0.3012184798717499,0.9047285318374634,0.41297322511672974,0.8963199853897095,0.43381646275520325,0.8734740614891052,0.5199170708656311,0.8750647306442261,0.5531298518180847
person_nn_54.jpg,0.0,0.0,0.0,0.0,0.0,0.0,0.0,0.0,0.965997040271759,0.07212471961975098,0.0,0.0,0.9428123235702515,0.13716529309749603,0.0,0.0,0.9715697765350342,0.21901613473892212,0.0,0.0,1.0,0.23380254209041595,0.9115308523178101,0.2880231440067291,0.9068757891654968,0.29486072063446045,0.9068403244018555,0.4075291156768799,0.8993492126464844,0.42872706055641174,0.8761681318283081,0.5153416991233826,0.8771724104881287,0.5481528043746948
person_nn_55.jpg,0.0,0.0,0.0,0.0,0.0,0.0,0.0,0.0,0.965997040271759,0.07212471961975098,0.0,0.0,0.9428123235702515,0.13716529309749603,0.0,0.0,0.9715697765350342,0.21901613473892212,0.0,0.0,1.0,0.23380254209041595,0.9115308523178101,0.2880231440067291,0.9068757891654968,0.29486072063446045,0.9068403244018555,0.4075291156768799,0.8993492126464844,0.42872706055641174,0.8761681318283081,0.5153416991233826,0.8771724104881287,0.5481528043746948
person_nn_56.jpg,0.0,0.0,0.0,0.0,0.0,0.0,0.0,0.0,0.9640690088272095,0.06933733075857162,0.0,0.0,0.941521167755127,0.13650335371494293,0.0,0.0,0.9722989797592163,0.21991762518882751,0.0,0.0,1.0,0.23065847158432007,0.9127593040466309,0.28894558548927307,0.9067955017089844,0.29512637853622437,0.9071619510650635,0.40791115164756775,0.899885892868042,0.4276752173900604,0.8761394619941711,0.5162133574485779,0.8772042393684387,0.5470157861709595
person_nn_57.jpg,0.0,0.0,0.0,0.0,0.0,0.0,0.0,0.0,0.9650782942771912,0.06965657323598862,0.0,0.0,0.940780520439148,0.13628089427947998,0.0,0.0,0.9694468379020691,0.2238399237394333,0.0,0.0,0.9994036555290222,0.21994377672672272,0.9138607978820801,0.29310667514801025,0.9074192047119141,0.2986757159233093,0.905342698097229,0.4113878011703491,0.8974087834358215,0.4300815463066101,0.8745917677879333,0.5220398902893066,0.8765051960945129,0.5514639019966125
person_nn_58.jpg,0.0,0.0,0.0,0.0,0.0,0.0,0.0,0.0,0.965715765953064,0.07710865139961243,0.9446716904640198,0.11837247014045715,0.940428614616394,0.1387634575366974,0.0,0.0,0.9630627036094666,0.23292233049869537,0.0,0.0,0.9897019267082214,0.1942574679851532,0.9101225733757019,0.288084477186203,0.9066392183303833,0.29571202397346497,0.9059876203536987,0.4078606069087982,0.8993643522262573,0.43076807260513306,0.8769894242286682,0.5179596543312073,0.8776589632034302,0.551288366317749
person_nn_59.jpg,0.0,0.0,0.0,0.0,0.0,0.0,0.0,0.0,0.9699577689170837,0.0858619213104248,0.9465345740318298,0.122798852622509,0.941002368927002,0.13738079369068146,0.0,0.0,0.9477857351303101,0.22961609065532684,0.0,0.0,0.9789029359817505,0.2348707616329193,0.9095298647880554,0.28934767842292786,0.9055910706520081,0.2959359586238861,0.9081218838691711,0.40481531620025635,0.9018018841743469,0.42709168791770935,0.8791431188583374,0.512901782989502,0.8775878548622131,0.5517763495445251
person_nn_60.jpg,0.0,0.0,0.0,0.0,0.0,0.0,0.0,0.0,0.9699577689170837,0.0858619213104248,0.9465345740318298,0.122798852622509,0.941002368927002,0.13738079369068146,0.0,0.0,0.9477857351303101,0.22961609065532684,0.0,0.0,0.9789029359817505,0.2348707616329193,0.9095298647880554,0.28934767842292786,0.9055910706520081,0.2959359586238861,0.9081218838691711,0.40481531620025635,0.9018018841743469,0.42709168791770935,0.8791431188583374,0.512901782989502,0.8775878548622131,0.5517763495445251
person_nn_61.jpg,0.0,0.0,0.0,0.0,0.9839922785758972,0.10605922341346741,0.0,0.0,0.9692659974098206,0.09514803439378738,0.0,0.0,0.9402958154678345,0.14161011576652527,0.0,0.0,0.9343557357788086,0.23616264760494232,0.0,0.0,0.9636061191558838,0.2955852150917053,0.909704327583313,0.29621967673301697,0.9070072174072266,0.3017006814479828,0.9105310440063477,0.4112871289253235,0.9051075577735901,0.42963820695877075,0.8808305263519287,0.5164478421211243,0.8786419034004211,0.5529906749725342
person_nn_62.jpg,0.0,0.0,0.0,0.0,0.9850797057151794,0.0958910584449768,0.0,0.0,0.9696126580238342,0.09047884494066238,0.9450133442878723,0.13204742968082428,0.9410662651062012,0.14400169253349304,0.0,0.0,0.9258281588554382,0.24255231022834778,0.0,0.0,0.9466025233268738,0.32718199491500854,0.9138138890266418,0.29981163144111633,0.9097502827644348,0.3058002293109894,0.9154740571975708,0.41077688336372375,0.9068793654441833,0.4274756908416748,0.8827447891235352,0.5229644775390625,0.8727719783782959,0.5523918271064758
person_nn_63.jpg,0.0,0.0,0.0,0.0,0.9824541807174683,0.09046419709920883,0.0,0.0,0.9678982496261597,0.08380196988582611,0.0,0.0,0.940394401550293,0.1362748146057129,0.0,0.0,0.9180098176002502,0.24131739139556885,0.0,0.0,0.9350360631942749,0.33716410398483276,0.9260643124580383,0.3039694130420685,0.9164103269577026,0.307538241147995,0.9212144017219543,0.4257499575614929,0.9013612866401672,0.43618378043174744,0.8926085829734802,0.5339416265487671,0.8662123084068298,0.5556307435035706
person_nn_64.jpg,0.0,0.0,0.0,0.0,0.980789840221405,0.1153242215514183,0.0,0.0,0.9678063988685608,0.10185050964355469,0.0,0.0,0.9390456676483154,0.14486640691757202,0.0,0.0,0.9099981188774109,0.24449554085731506,0.0,0.0,0.922275185585022,0.3395184874534607,0.920499861240387,0.31015822291374207,0.9126115441322327,0.311332643032074,0.9053404331207275,0.43317580223083496,0.893910825252533,0.4419708847999573,0.8726752400398254,0.5377252697944641,0.8575785160064697,0.5591188073158264
person_nn_65.jpg,0.0,0.0,0.0,0.0,0.0,0.0,0.0,0.0,0.9749143123626709,0.10664719343185425,0.0,0.0,0.9437588453292847,0.14992588758468628,0.0,0.0,0.9091991782188416,0.24939195811748505,0.0,0.0,0.9052526354789734,0.35033074021339417,0.9228548407554626,0.3003880977630615,0.910544216632843,0.2994191348552704,0.9128269553184509,0.41759422421455383,0.8937731981277466,0.42537131905555725,0.8807157278060913,0.5338738560676575,0.8555940985679626,0.5573986768722534
person_nn_66.jpg,0.0,0.0,0.0,0.0,0.0,0.0,0.0,0.0,0.9749143123626709,0.10664719343185425,0.0,0.0,0.9437588453292847,0.14992588758468628,0.0,0.0,0.9091991782188416,0.24939195811748505,0.0,0.0,0.9052526354789734,0.35033074021339417,0.9228548407554626,0.3003880977630615,0.910544216632843,0.2994191348552704,0.9128269553184509,0.41759422421455383,0.8937731981277466,0.42537131905555725,0.8807157278060913,0.5338738560676575,0.8555940985679626,0.5573986768722534
person_nn_67.jpg,0.0,0.0,0.0,0.0,0.9798411130905151,0.13608737289905548,0.0,0.0,0.9696504473686218,0.12355009466409683,0.0,0.0,0.9383200407028198,0.16400936245918274,0.0,0.0,0.9027198553085327,0.2620919644832611,0.0,0.0,0.8962638974189758,0.3596693277359009,0.9175963401794434,0.30851301550865173,0.9049013257026672,0.309076189994812,0.9169182181358337,0.423216313123703,0.8898266553878784,0.43334484100341797,0.8986793160438538,0.5302367210388184,0.8592292070388794,0.5571966767311096
person_nn_68.jpg,0.9784491658210754,0.15903422236442566,0.0,0.0,0.9775490760803223,0.14967042207717896,0.0,0.0,0.9654538631439209,0.13386200368404388,0.9545238614082336,0.16520270705223083,0.9332367777824402,0.17606934905052185,0.0,0.0,0.8993154764175415,0.27372822165489197,0.0,0.0,0.8924187421798706,0.3716568946838379,0.9073761701583862,0.3262777626514435,0.892802894115448,0.32798323035240173,0.901797890663147,0.4430236220359802,0.8843070864677429,0.45692089200019836,0.8749120235443115,0.532745897769928,0.8552617430686951,0.5640434622764587
person_nn_69.jpg,0.9737083911895752,0.15317122638225555,0.0,0.0,0.9719527959823608,0.14317180216312408,0.0,0.0,0.958189070224762,0.13370384275913239,0.9483776688575745,0.17916789650917053,0.9258701205253601,0.18730232119560242,0.0,0.0,0.8932713866233826,0.28321385383605957,0.0,0.0,0.8961188197135925,0.37809261679649353,0.9093695878982544,0.338278591632843,0.8932487368583679,0.3408374488353729,0.9059633016586304,0.4486021399497986,0.881385087966919,0.46438729763031006,0.884486734867096,0.535808265209198,0.8533216118812561,0.5705907940864563
person_nn_70.jpg,0.9743273854255676,0.14434342086315155,0.0,0.0,0.9703443646430969,0.1328452229499817,0.0,0.0,0.9513068199157715,0.12497197836637497,0.950179934501648,0.17967182397842407,0.9177492260932922,0.18740533292293549,0.0,0.0,0.8926813006401062,0.2930203974246979,0.0,0.0,0.9057993292808533,0.38636544346809387,0.9187406301498413,0.33646106719970703,0.8936043977737427,0.3419873118400574,0.9320308566093445,0.4358066916465759,0.8843384385108948,0.456642746925354,0.9164800047874451,0.5128365159034729,0.8539680242538452,0.5565284490585327
person_nn_71.jpg,0.9743273854255676,0.14434342086315155,0.0,0.0,0.9703443646430969,0.1328452229499817,0.0,0.0,0.9513068199157715,0.12497197836637497,0.950179934501648,0.17967182397842407,0.9177492260932922,0.18740533292293549,0.0,0.0,0.8926813006401062,0.2930203974246979,0.0,0.0,0.9057993292808533,0.38636544346809387,0.9187406301498413,0.33646106719970703,0.8936043977737427,0.3419873118400574,0.9320308566093445,0.4358066916465759,0.8843384385108948,0.456642746925354,0.9164800047874451,0.5128365159034729,0.8539680242538452,0.5565284490585327
person_nn_72.jpg,0.9743137955665588,0.14708824455738068,0.0,0.0,0.9697145223617554,0.13644185662269592,0.0,0.0,0.9500864744186401,0.12854693830013275,0.9516308307647705,0.18120814859867096,0.9175257086753845,0.1906583160161972,0.0,0.0,0.8965070843696594,0.2976653277873993,0.0,0.0,0.9198195934295654,0.38662877678871155,0.9193724393844604,0.34178632497787476,0.8925685286521912,0.3483462631702423,0.9359633922576904,0.4418281614780426,0.8855395913124084,0.46349889039993286,0.9167085886001587,0.5226297974586487,0.8523387908935547,0.5663244128227234
person_nn_73.jpg,0.9753319025039673,0.152714341878891,0.0,0.0,0.9714956879615784,0.1418263167142868,0.0,0.0,0.9536374807357788,0.1336875855922699,0.9511863589286804,0.1908482164144516,0.9229595065116882,0.19467128813266754,0.0,0.0,0.9039602875709534,0.30343127250671387,0.0,0.0,0.9346919655799866,0.38621264696121216,0.9122216701507568,0.3518241047859192,0.8913017511367798,0.35323628783226013,0.9204735159873962,0.46040624380111694,0.890357255935669,0.46695005893707275,0.8843619227409363,0.5526293516159058,0.8550898432731628,0.5746195912361145
person_nn_74.jpg,0.9832305312156677,0.16147129237651825,0.0,0.0,0.9801211953163147,0.15208573639392853,0.0,0.0,0.9606781601905823,0.1489829570055008,0.9606100916862488,0.20055943727493286,0.930442750453949,0.2074882835149765,0.0,0.0,0.9137851595878601,0.3212457001209259,0.0,0.0,0.9535406827926636,0.3814122974872589,0.9185194373130798,0.36375439167022705,0.8962675929069519,0.36078083515167236,0.9183122515678406,0.48768341541290283,0.8833979964256287,0.47483697533607483,0.8996096253395081,0.5872941613197327,0.8581699132919312,0.5737848281860352
person_nn_75.jpg,0.9919106960296631,0.1656789481639862,0.0,0.0,0.9885704517364502,0.15531907975673676,0.0,0.0,0.9697000980377197,0.1548607051372528,0.9692997336387634,0.21286267042160034,0.9425935745239258,0.21556083858013153,0.0,0.0,0.9161401391029358,0.3286057114601135,0.0,0.0,0.9626166820526123,0.3835488259792328,0.932580828666687,0.37872937321662903,0.9123423099517822,0.3732650876045227,0.9298754930496216,0.5067599415779114,0.8980827331542969,0.4839355945587158,0.9102907776832581,0.6078588366508484,0.8635451793670654,0.5727970004081726
person_nn_76.jpg,0.9919106960296631,0.1656789481639862,0.0,0.0,0.9885704517364502,0.15531907975673676,0.0,0.0,0.9697000980377197,0.1548607051372528,0.9692997336387634,0.21286267042160034,0.9425935745239258,0.21556083858013153,0.0,0.0,0.9161401391029358,0.3286057114601135,0.0,0.0,0.9626166820526123,0.3835488259792328,0.932580828666687,0.37872937321662903,0.9123423099517822,0.3732650876045227,0.9298754930496216,0.5067599415779114,0.8980827331542969,0.4839355945587158,0.9102907776832581,0.6078588366508484,0.8635451793670654,0.5727970004081726
person_nn_77.jpg,0.0,0.0,0.0,0.0,0.0,0.0,0.0,0.0,0.9869191646575928,0.1720225065946579,0.0,0.0,0.9607890844345093,0.2257048785686493,0.0,0.0,0.9322047829627991,0.33736440539360046,0.0,0.0,0.9707906246185303,0.4088585376739502,0.9545097351074219,0.4022735059261322,0.9359690546989441,0.39575180411338806,0.945330023765564,0.5261561870574951,0.9155693650245667,0.5039429664611816,0.9076101779937744,0.6118611097335815,0.86983323097229,0.5796892046928406
person_nn_78.jpg,0.0,0.0,0.0,0.0,0.0,0.0,0.0,0.0,0.0,0.0,0.0,0.0,0.9712333679199219,0.23592066764831543,0.0,0.0,0.9311497211456299,0.33903080224990845,0.0,0.0,0.9590074419975281,0.42040589451789856,0.9505677819252014,0.40860795974731445,0.9342089891433716,0.39996445178985596,0.948778510093689,0.5398788452148438,0.9218153357505798,0.5119755268096924,0.9103867411613464,0.625393271446228,0.8694627285003662,0.5805779099464417
person_nn_79.jpg,0.0,0.0,0.0,0.0,0.0,0.0,0.0,0.0,0.0,0.0,0.0,0.0,0.9763100743293762,0.22560188174247742,0.0,0.0,0.9298427104949951,0.32732564210891724,0.0,0.0,0.9449489116668701,0.4209120571613312,0.9579560160636902,0.4034639298915863,0.9424546957015991,0.3959215581417084,0.952504575252533,0.539729654788971,0.9297000765800476,0.5212494730949402,0.9104053974151611,0.6318711638450623,0.8717184662818909,0.604083776473999
person_nn_80.jpg,0.0,0.0,0.0,0.0,0.0,0.0,0.0,0.0,0.0,0.0,0.0,0.0,0.9799787998199463,0.21473664045333862,0.0,0.0,0.9371716976165771,0.31416988372802734,0.0,0.0,0.9284963607788086,0.41975244879722595,0.9590885043144226,0.3969850540161133,0.9426607489585876,0.3885120749473572,0.949252724647522,0.5361814498901367,0.9276790022850037,0.525931715965271,0.9135248064994812,0.6346065402030945,0.8759493231773376,0.6269437074661255
person_nn_81.jpg,0.1679130643606186,0.05728559568524361,0.17039069533348083,0.045204874128103256,0.15763279795646667,0.049465082585811615,0.0,0.0,0.1371491551399231,0.055222880095243454,0.1873621940612793,0.09868332743644714,0.12922066450119019,0.11913777887821198,0.2131865918636322,0.16716623306274414,0.14122864603996277,0.21025247871875763,0.21987804770469666,0.18335025012493134,0.17953257262706757,0.20775821805000305,0.2072570025920868,0.2604794204235077,0.1673189401626587,0.27644580602645874,0.2329847365617752,0.37484851479530334,0.18446984887123108,0.3972259759902954,0.24690407514572144,0.4793488681316376,0.1978173851966858,0.4968482553958893
person_nn_82.jpg,0.0,0.0,0.0,0.0,0.0,0.0,0.0,0.0,0.0,0.0,0.0,0.0,0.9799787998199463,0.21473664045333862,0.0,0.0,0.9371716976165771,0.31416988372802734,0.0,0.0,0.9284963607788086,0.41975244879722595,0.9590885043144226,0.3969850540161133,0.9426607489585876,0.3885120749473572,0.949252724647522,0.5361814498901367,0.9276790022850037,0.525931715965271,0.9135248064994812,0.6346065402030945,0.8759493231773376,0.6269437074661255
person_nn_83.jpg,0.1679130643606186,0.05728559568524361,0.17039069533348083,0.045204874128103256,0.15763279795646667,0.049465082585811615,0.0,0.0,0.1371491551399231,0.055222880095243454,0.1873621940612793,0.09868332743644714,0.12922066450119019,0.11913777887821198,0.2131865918636322,0.16716623306274414,0.14122864603996277,0.21025247871875763,0.21987804770469666,0.18335025012493134,0.17953257262706757,0.20775821805000305,0.2072570025920868,0.2604794204235077,0.1673189401626587,0.27644580602645874,0.2329847365617752,0.37484851479530334,0.18446984887123108,0.3972259759902954,0.24690407514572144,0.4793488681316376,0.1978173851966858,0.4968482553958893
person_nn_84.jpg,0.17816007137298584,0.06559742242097855,0.18054096400737762,0.05333791673183441,0.16851921379566193,0.05751238390803337,0.0,0.0,0.14515964686870575,0.06216807663440704,0.19586916267871857,0.10797322541475296,0.1383984535932541,0.12787823379039764,0.2249288260936737,0.1742101013660431,0.1488770842552185,0.2176074981689453,0.21973520517349243,0.19164159893989563,0.18884477019309998,0.212169349193573,0.21155798435211182,0.2706727385520935,0.17267724871635437,0.28288230299949646,0.23667331039905548,0.37656864523887634,0.1879061907529831,0.38572457432746887,0.25146567821502686,0.4834403097629547,0.19787229597568512,0.4797045886516571
person_nn_85.jpg,0.0,0.0,0.0,0.0,0.0,0.0,0.0,0.0,0.0,0.0,0.0,0.0,0.9808568358421326,0.22583287954330444,0.0,0.0,0.9364582896232605,0.3198963701725006,0.0,0.0,0.9228836894035339,0.4260709881782532,0.9566658735275269,0.40235042572021484,0.9426200985908508,0.3973569869995117,0.9429291486740112,0.5400182008743286,0.923927903175354,0.5443605184555054,0.9098390936851501,0.6424340605735779,0.8737594485282898,0.6593418717384338
person_nn_86.jpg,0.18876689672470093,0.0682138055562973,0.1897803395986557,0.05673086270689964,0.1788897067308426,0.06130156293511391,0.0,0.0,0.15595963597297668,0.06609354168176651,0.20267456769943237,0.09846026450395584,0.1464550942182541,0.12648464739322662,0.22560469806194305,0.15236257016658783,0.15563903748989105,0.21803151071071625,0.23533543944358826,0.175855815410614,0.1943119317293167,0.21083873510360718,0.22252103686332703,0.2510049641132355,0.1853470653295517,0.26732367277145386,0.24078990519046783,0.35682010650634766,0.2013738602399826,0.3727528750896454,0.2418203055858612,0.4670550525188446,0.21097733080387115,0.46622076630592346
person_nn_87.jpg,0.0,0.0,0.0,0.0,0.0,0.0,0.0,0.0,0.0,0.0,0.0,0.0,0.9816191792488098,0.22700662910938263,0.0,0.0,0.9387475848197937,0.3210340738296509,0.0,0.0,0.9277504682540894,0.4470858871936798,0.9605394005775452,0.4190688133239746,0.9494393467903137,0.41428157687187195,0.9413843750953674,0.5470067858695984,0.9208126664161682,0.5548036694526672,0.9145969152450562,0.6472594141960144,0.8741362690925598,0.6733875274658203
person_nn_88.jpg,0.19713211059570312,0.06518015265464783,0.19888897240161896,0.05398035794496536,0.18634262681007385,0.05965988710522652,0.0,0.0,0.16558293998241425,0.06646936386823654,0.2156476527452469,0.10070259124040604,0.15428970754146576,0.1330394297838211,0.23921819031238556,0.16294802725315094,0.16371984779834747,0.22675585746765137,0.24721509218215942,0.18842613697052002,0.19989308714866638,0.22319142520427704,0.23569798469543457,0.2603469491004944,0.1968027800321579,0.2812587320804596,0.24733223021030426,0.3598085641860962,0.21638625860214233,0.39304202795028687,0.24892759323120117,0.4626269042491913,0.23845261335372925,0.48975709080696106
person_nn_89.jpg,0.0,0.0,0.0,0.0,0.0,0.0,0.0,0.0,0.0,0.0,0.0,0.0,0.9806607365608215,0.23647509515285492,0.0,0.0,0.9380530714988708,0.3392963707447052,0.0,0.0,0.9346181750297546,0.4601212441921234,0.956757128238678,0.43735942244529724,0.9431103467941284,0.4331081211566925,0.942713737487793,0.5635245442390442,0.9190903902053833,0.5714898109436035,0.9134595990180969,0.6514335870742798,0.8748381733894348,0.6772075295448303
person_nn_90.jpg,0.20431870222091675,0.07392079383134842,0.20425018668174744,0.059155214577913284,0.19075573980808258,0.07006391137838364,0.0,0.0,0.1668635904788971,0.08566824346780777,0.22542938590049744,0.10793185234069824,0.16376331448554993,0.1522427648305893,0.25777193903923035,0.16837574541568756,0.17299005389213562,0.24238194525241852,0.2535810172557831,0.20386487245559692,0.2087157517671585,0.23370270431041718,0.24224235117435455,0.27763426303863525,0.20490595698356628,0.30151480436325073,0.2512238621711731,0.4078672230243683,0.23380807042121887,0.4404367506504059,0.26684892177581787,0.5298338532447815,0.2650021016597748,0.5437997579574585
person_nn_91.jpg,0.0,0.0,0.0,0.0,0.0,0.0,0.0,0.0,0.0,0.0,0.0,0.0,0.9757978320121765,0.2454172968864441,0.0,0.0,0.9357979893684387,0.35685068368911743,0.0,0.0,0.9434195160865784,0.4714789390563965,0.9543197154998779,0.43476808071136475,0.9367061257362366,0.43272119760513306,0.9468297362327576,0.5646313428878784,0.917535662651062,0.5763533711433411,0.9151105880737305,0.6502989530563354,0.8750779032707214,0.6799121499061584
person_nn_92.jpg,0.20431870222091675,0.07392079383134842,0.20425018668174744,0.059155214577913284,0.19075573980808258,0.07006391137838364,0.0,0.0,0.1668635904788971,0.08566824346780777,0.22542938590049744,0.10793185234069824,0.16376331448554993,0.1522427648305893,0.25777193903923035,0.16837574541568756,0.17299005389213562,0.24238194525241852,0.2535810172557831,0.20386487245559692,0.2087157517671585,0.23370270431041718,0.24224235117435455,0.27763426303863525,0.20490595698356628,0.30151480436325073,0.2512238621711731,0.4078672230243683,0.23380807042121887,0.4404367506504059,0.26684892177581787,0.5298338532447815,0.2650021016597748,0.5437997579574585
person_nn_93.jpg,0.0,0.0,0.0,0.0,0.0,0.0,0.0,0.0,0.0,0.0,0.0,0.0,0.9757978320121765,0.2454172968864441,0.0,0.0,0.9357979893684387,0.35685068368911743,0.0,0.0,0.9434195160865784,0.4714789390563965,0.9543197154998779,0.43476808071136475,0.9367061257362366,0.43272119760513306,0.9468297362327576,0.5646313428878784,0.917535662651062,0.5763533711433411,0.9151105880737305,0.6502989530563354,0.8750779032707214,0.6799121499061584
person_nn_94.jpg,0.0,0.0,0.0,0.0,0.0,0.0,0.0,0.0,0.0,0.0,0.0,0.0,0.9717976450920105,0.25580713152885437,0.0,0.0,0.9337643980979919,0.3726320266723633,0.0,0.0,0.9478761553764343,0.4851732850074768,0.9482300281524658,0.44033491611480713,0.9325402975082397,0.4412790834903717,0.9433878660202026,0.5642271637916565,0.9159152507781982,0.5801935791969299,0.9147928953170776,0.6478331685066223,0.8751841187477112,0.6815270781517029
person_nn_95.jpg,0.2126685380935669,0.09839170426130295,0.212143674492836,0.08328180760145187,0.2012767344713211,0.09251389652490616,0.0,0.0,0.1773885041475296,0.09664813429117203,0.22549119591712952,0.11519145965576172,0.17070195078849792,0.15836451947689056,0.24814534187316895,0.16331090033054352,0.178175687789917,0.2492532879114151,0.2618027329444885,0.20276771485805511,0.21517054736614227,0.25282663106918335,0.2412700206041336,0.2764330506324768,0.20773836970329285,0.2988801598548889,0.24931898713111877,0.3852076232433319,0.2243315875530243,0.4116317629814148,0.26123714447021484,0.49874740839004517,0.2578343152999878,0.5033978819847107
person_nn_96.jpg,0.0,0.0,0.0,0.0,0.0,0.0,0.0,0.0,0.0,0.0,0.0,0.0,0.9708303809165955,0.25421786308288574,0.0,0.0,0.9365297555923462,0.38039982318878174,0.0,0.0,0.9464684128761292,0.49439266324043274,0.9446104764938354,0.4373854100704193,0.9329214692115784,0.44088631868362427,0.941872775554657,0.5543384552001953,0.9181953072547913,0.5731598734855652,0.9152155518531799,0.6481209993362427,0.8746404051780701,0.68305504322052
person_nn_97.jpg,0.2156478315591812,0.10434702783823013,0.21632631123065948,0.09000520408153534,0.20342501997947693,0.09879543632268906,0.0,0.0,0.18243290483951569,0.11026391386985779,0.23532940447330475,0.13479962944984436,0.17762616276741028,0.1777576506137848,0.2613983154296875,0.1818028688430786,0.18298861384391785,0.26615241169929504,0.27336105704307556,0.21859043836593628,0.21914225816726685,0.2603003680706024,0.2522237300872803,0.2951730489730835,0.21702565252780914,0.31788715720176697,0.2584645748138428,0.4056931734085083,0.23755450546741486,0.434406578540802,0.266218900680542,0.5173314213752747,0.2649020850658417,0.5239635109901428
person_nn_98.jpg,0.22033536434173584,0.11391884833574295,0.221713587641716,0.09537877887487411,0.20763655006885529,0.10697314143180847,0.0,0.0,0.18488922715187073,0.11453506350517273,0.24262195825576782,0.14024370908737183,0.17880700528621674,0.18902704119682312,0.2729930281639099,0.19912376999855042,0.18891823291778564,0.2808918356895447,0.27647241950035095,0.24376516044139862,0.22228984534740448,0.27827513217926025,0.2639281749725342,0.3121665418148041,0.2249479740858078,0.34053897857666016,0.2692650556564331,0.4211629629135132,0.24460448324680328,0.4674501419067383,0.2676430940628052,0.5290705561637878,0.269557923078537,0.5644187927246094
person_nn_99.jpg,0.0,0.0,0.0,0.0,0.0,0.0,0.0,0.0,0.9938062429428101,0.18724283576011658,0.0,0.0,0.970268726348877,0.263132244348526,0.0,0.0,0.9385253190994263,0.39373886585235596,0.0,0.0,0.9518311023712158,0.49844181537628174,0.9399544596672058,0.45273977518081665,0.9355767965316772,0.4588596522808075,0.9390547275543213,0.5637297034263611,0.9178139567375183,0.5824483633041382,0.9146183133125305,0.6556278467178345,0.8737459778785706,0.6841133236885071
person_nn_100.jpg,0.22829510271549225,0.12181036919355392,0.22926191985607147,0.10323801636695862,0.2141418308019638,0.11551765352487564,0.0,0.0,0.19124749302864075,0.1276847869157791,0.2515464425086975,0.15424063801765442,0.19050227105617523,0.2019258290529251,0.27669939398765564,0.20365312695503235,0.1951935887336731,0.2911910116672516,0.28238144516944885,0.2354038953781128,0.23026499152183533,0.28913456201553345,0.2673339247703552,0.32950496673583984,0.22958584129810333,0.3550042510032654,0.27877819538116455,0.44105595350265503,0.2529658079147339,0.47408726811408997,0.28580009937286377,0.5497401356697083,0.2791304290294647,0.5607245564460754
person_nn_101.jpg,0.0,0.0,0.0,0.0,0.0,0.0,0.0,0.0,0.0,0.0,0.0,0.0,0.973838746547699,0.27674439549446106,0.0,0.0,0.9454108476638794,0.40117403864860535,0.0,0.0,0.9613769054412842,0.49484071135520935,0.9265402555465698,0.4541777968406677,0.9332285523414612,0.4639469385147095,0.9327799677848816,0.560495138168335,0.9177156686782837,0.5833715796470642,0.9125082492828369,0.6573308706283569,0.8739185929298401,0.6870189905166626
person_nn_102.jpg,0.22829510271549225,0.12181036919355392,0.22926191985607147,0.10323801636695862,0.2141418308019638,0.11551765352487564,0.0,0.0,0.19124749302864075,0.1276847869157791,0.2515464425086975,0.15424063801765442,0.19050227105617523,0.2019258290529251,0.27669939398765564,0.20365312695503235,0.1951935887336731,0.2911910116672516,0.28238144516944885,0.2354038953781128,0.23026499152183533,0.28913456201553345,0.2673339247703552,0.32950496673583984,0.22958584129810333,0.3550042510032654,0.27877819538116455,0.44105595350265503,0.2529658079147339,0.47408726811408997,0.28580009937286377,0.5497401356697083,0.2791304290294647,0.5607245564460754
person_nn_103.jpg,0.0,0.0,0.0,0.0,0.0,0.0,0.0,0.0,0.0,0.0,0.0,0.0,0.973838746547699,0.27674439549446106,0.0,0.0,0.9454108476638794,0.40117403864860535,0.0,0.0,0.9613769054412842,0.49484071135520935,0.9265402555465698,0.4541777968406677,0.9332285523414612,0.4639469385147095,0.9327799677848816,0.560495138168335,0.9177156686782837,0.5833715796470642,0.9125082492828369,0.6573308706283569,0.8739185929298401,0.6870189905166626
person_nn_104.jpg,0.23554006218910217,0.13005997240543365,0.23608161509037018,0.11312911659479141,0.22163309156894684,0.1246185451745987,0.0,0.0,0.19877445697784424,0.13706734776496887,0.2612716555595398,0.1651792675256729,0.19683943688869476,0.20807857811450958,0.2882135510444641,0.2226383239030838,0.20037227869033813,0.3007063865661621,0.29818886518478394,0.2566257417201996,0.23824621737003326,0.3036671578884125,0.27792641520500183,0.3444375991821289,0.23657183349132538,0.3673781156539917,0.29579442739486694,0.4568850100040436,0.2558777928352356,0.4834102392196655,0.30815809965133667,0.5777118802070618,0.2805519998073578,0.5806581377983093
person_nn_105.jpg,0.0,0.0,0.0,0.0,0.0,0.0,0.0,0.0,0.9948634505271912,0.21069656312465668,0.0,0.0,0.9770342707633972,0.27914828062057495,0.0,0.0,0.9534939527511597,0.4047962427139282,0.0,0.0,0.966084361076355,0.4959224462509155,0.9177358746528625,0.45089370012283325,0.9328321218490601,0.46149682998657227,0.9319330453872681,0.555997908115387,0.9216397404670715,0.5783826112747192,0.9104388356208801,0.6572746634483337,0.8760668635368347,0.6844947338104248
person_nn_106.jpg,0.24539464712142944,0.14626212418079376,0.24619872868061066,0.1291723996400833,0.23245549201965332,0.13937102258205414,0.0,0.0,0.2088746726512909,0.15347754955291748,0.27021533250808716,0.19191241264343262,0.20434728264808655,0.2303011119365692,0.300846129655838,0.24820904433727264,0.20369312167167664,0.3264281451702118,0.30756068229675293,0.2731846570968628,0.2488865703344345,0.32300373911857605,0.2804732620716095,0.3736044466495514,0.23890526592731476,0.39240118861198425,0.30133256316185,0.49071425199508667,0.2621041238307953,0.504121720790863,0.31474122405052185,0.6149812340736389,0.2856990098953247,0.5993093252182007
person_nn_107.jpg,0.0,0.0,0.0,0.0,0.0,0.0,0.0,0.0,0.9959542155265808,0.21226248145103455,0.9459077715873718,0.2526053488254547,0.9795780777931213,0.27929815649986267,0.0,0.0,0.9587960839271545,0.40647754073143005,0.0,0.0,0.9760196208953857,0.49857768416404724,0.9205107688903809,0.45816442370414734,0.9401507377624512,0.469011127948761,0.9302614331245422,0.5683388113975525,0.9220893383026123,0.5875977873802185,0.903356671333313,0.6663645505905151,0.876018226146698,0.6883124113082886
person_nn_108.jpg,0.2550571858882904,0.15885001420974731,0.2555218040943146,0.14199751615524292,0.24196559190750122,0.1521979123353958,0.0,0.0,0.21897579729557037,0.16666463017463684,0.2814672291278839,0.2047971785068512,0.21663634479045868,0.24140891432762146,0.30869144201278687,0.264563649892807,0.20958846807479858,0.33953556418418884,0.31623947620391846,0.29294493794441223,0.24964138865470886,0.3376538157463074,0.28674647212028503,0.3842613995075226,0.24578925967216492,0.3993263840675354,0.30360814929008484,0.4987238943576813,0.2630908787250519,0.501285195350647,0.31835031509399414,0.6280422806739807,0.2851044833660126,0.5935094952583313
person_nn_109.jpg,0.0,0.0,0.0,0.0,0.0,0.0,0.0,0.0,0.9932268857955933,0.2096697837114334,0.0,0.0,0.9778526425361633,0.2783418297767639,0.0,0.0,0.9682621359825134,0.41973263025283813,0.0,0.0,0.9914628267288208,0.5014964938163757,0.9257249236106873,0.45810672640800476,0.9427050352096558,0.4706187844276428,0.9325098395347595,0.572230875492096,0.9244027137756348,0.5924525260925293,0.9005909562110901,0.6678608059883118,0.8767096996307373,0.688289225101471
person_nn_110.jpg,0.26711177825927734,0.16713814437389374,0.266388863325119,0.14994660019874573,0.2537880539894104,0.16129042208194733,0.0,0.0,0.2294212430715561,0.1770012229681015,0.28845709562301636,0.2089439183473587,0.22143130004405975,0.25338613986968994,0.31911638379096985,0.2734268605709076,0.2186463326215744,0.3561767339706421,0.32800939679145813,0.2974400222301483,0.2565706670284271,0.34927403926849365,0.29877978563308716,0.39493951201438904,0.25590288639068604,0.4164389669895172,0.3111666142940521,0.5107059478759766,0.26868027448654175,0.5331265926361084,0.3187207579612732,0.6285414695739746,0.28725796937942505,0.6254504919052124
person_nn_111.jpg,0.0,0.0,0.0,0.0,0.0,0.0,0.0,0.0,0.9901070594787598,0.2076186239719391,0.0,0.0,0.9760288596153259,0.2782011926174164,0.0,0.0,0.9842958450317383,0.4135068655014038,0.0,0.0,0.998720109462738,0.46850457787513733,0.9177215099334717,0.4494681656360626,0.9332677721977234,0.4639553725719452,0.9369264245033264,0.5618459582328796,0.9200080633163452,0.5892285108566284,0.9085801243782043,0.6640808582305908,0.8728756904602051,0.6956754922866821
person_nn_112.jpg,0.2712658941745758,0.17244887351989746,0.2718026041984558,0.15592588484287262,0.2582537531852722,0.16682273149490356,0.0,0.0,0.2358914315700531,0.1820429414510727,0.29384684562683105,0.2092156708240509,0.22461526095867157,0.2619905173778534,0.3228943347930908,0.2593972980976105,0.22482389211654663,0.36496031284332275,0.33325833082199097,0.2944597005844116,0.2651221752166748,0.3650150001049042,0.3066413700580597,0.3972637355327606,0.26380598545074463,0.42440304160118103,0.3133777379989624,0.5155174732208252,0.2822309732437134,0.5521553158760071,0.3095402419567108,0.6417989134788513,0.3031037151813507,0.6576952338218689
person_nn_113.jpg,0.0,0.0,0.0,0.0,0.0,0.0,0.0,0.0,0.9905136823654175,0.2051069587469101,0.9482666850090027,0.24556681513786316,0.9770095348358154,0.27524933218955994,0.0,0.0,0.9917618632316589,0.39807072281837463,0.0,0.0,0.9987161159515381,0.45290353894233704,0.9245097041130066,0.45507386326789856,0.9372748136520386,0.4676797389984131,0.9490267038345337,0.566373884677887,0.920616626739502,0.5921133160591125,0.9181305766105652,0.6668986678123474,0.8727548122406006,0.6994800567626953
person_nn_114.jpg,0.2712658941745758,0.17244887351989746,0.2718026041984558,0.15592588484287262,0.2582537531852722,0.16682273149490356,0.0,0.0,0.2358914315700531,0.1820429414510727,0.29384684562683105,0.2092156708240509,0.22461526095867157,0.2619905173778534,0.3228943347930908,0.2593972980976105,0.22482389211654663,0.36496031284332275,0.33325833082199097,0.2944597005844116,0.2651221752166748,0.3650150001049042,0.3066413700580597,0.3972637355327606,0.26380598545074463,0.42440304160118103,0.3133777379989624,0.5155174732208252,0.2822309732437134,0.5521553158760071,0.3095402419567108,0.6417989134788513,0.3031037151813507,0.6576952338218689
person_nn_115.jpg,0.0,0.0,0.0,0.0,0.0,0.0,0.0,0.0,0.9905136823654175,0.2051069587469101,0.9482666850090027,0.24556681513786316,0.9770095348358154,0.27524933218955994,0.0,0.0,0.9917618632316589,0.39807072281837463,0.0,0.0,0.9987161159515381,0.45290353894233704,0.9245097041130066,0.45507386326789856,0.9372748136520386,0.4676797389984131,0.9490267038345337,0.566373884677887,0.920616626739502,0.5921133160591125,0.9181305766105652,0.6668986678123474,0.8727548122406006,0.6994800567626953
person_nn_116.jpg,0.0,0.0,0.0,0.0,0.0,0.0,0.0,0.0,0.0,0.0,0.0,0.0,0.9801899790763855,0.2715637683868408,0.0,0.0,0.9934354424476624,0.3668693006038666,0.0,0.0,1.0,0.3858514130115509,0.9343729615211487,0.4531971216201782,0.9418435096740723,0.46141406893730164,0.9432904720306396,0.5700942277908325,0.9195085167884827,0.5850107073783875,0.911665141582489,0.6678469181060791,0.8747119307518005,0.6947217583656311
person_nn_117.jpg,0.27936846017837524,0.18917222321033478,0.2793446481227875,0.17050907015800476,0.2662351727485657,0.1829826831817627,0.0,0.0,0.24213692545890808,0.1937534213066101,0.30255749821662903,0.22065134346485138,0.22910454869270325,0.2743993103504181,0.3379582464694977,0.2855629622936249,0.2293090522289276,0.3815455734729767,0.3460579514503479,0.33265164494514465,0.26868340373039246,0.38251790404319763,0.3165225684642792,0.4262883961200714,0.27180013060569763,0.4550662338733673,0.3228864371776581,0.5526741743087769,0.2921948730945587,0.5945402383804321,0.3108970820903778,0.6726539731025696,0.31094467639923096,0.6962515711784363
person_nn_118.jpg,0.28864383697509766,0.20777855813503265,0.29002079367637634,0.1908450871706009,0.27468305826187134,0.20151524245738983,0.0,0.0,0.2501586675643921,0.21737588942050934,0.30783554911613464,0.2504273056983948,0.2379622757434845,0.3067551255226135,0.3386184573173523,0.30657264590263367,0.23830294609069824,0.42128801345825195,0.3523188829421997,0.347780704498291,0.28946733474731445,0.4132823348045349,0.3223651051521301,0.4661232531070709,0.2799729108810425,0.4968605935573578,0.32538041472435,0.6092443466186523,0.30489256978034973,0.6544800400733948,0.3302786350250244,0.776990532875061,0.3302958309650421,0.8004947304725647
person_nn_119.jpg,0.0,0.0,0.0,0.0,0.0,0.0,0.0,0.0,0.0,0.0,0.0,0.0,0.9823104739189148,0.26360273361206055,0.0,0.0,0.9912187457084656,0.34879782795906067,0.0,0.0,1.0,0.3272768557071686,0.9403054714202881,0.44932428002357483,0.9463329911231995,0.4564436376094818,0.9473358988761902,0.5706071853637695,0.924330472946167,0.5878351926803589,0.9099592566490173,0.6655481457710266,0.8754013776779175,0.6940891742706299
person_nn_120.jpg,0.29987987875938416,0.2201078236103058,0.29984593391418457,0.20266789197921753,0.28633570671081543,0.21436220407485962,0.0,0.0,0.26040148735046387,0.23087476193904877,0.31754323840141296,0.26351991295814514,0.24876393377780914,0.3176063597202301,0.3505951166152954,0.32487499713897705,0.2529541254043579,0.42645636200904846,0.36296918988227844,0.3645414412021637,0.2979544997215271,0.4268091917037964,0.33025869727134705,0.4735071361064911,0.28814345598220825,0.5027002692222595,0.33414629101753235,0.6037188768386841,0.3072272539138794,0.6438983082771301,0.33036524057388306,0.7365232706069946,0.3255656063556671,0.7548960447311401
person_nn_121.jpg,0.0,0.0,0.0,0.0,0.0,0.0,0.0,0.0,0.0,0.0,0.0,0.0,0.982796847820282,0.2448410987854004,0.0,0.0,0.9866751432418823,0.3480325937271118,0.0,0.0,1.0,0.3240092098712921,0.9477001428604126,0.4444376230239868,0.9498922824859619,0.4489554464817047,0.9471262693405151,0.5736958980560303,0.9307276010513306,0.5867483615875244,0.9129540920257568,0.667773425579071,0.8751851916313171,0.6910746097564697
person_nn_122.jpg,0.3142611086368561,0.23366114497184753,0.3142576217651367,0.21455775201320648,0.3000826835632324,0.22594240307807922,0.0,0.0,0.2725197374820709,0.23996411263942719,0.3276378810405731,0.2852712869644165,0.2576102316379547,0.3323118984699249,0.35276442766189575,0.3612460792064667,0.261407732963562,0.4561704397201538,0.3721405267715454,0.38128331303596497,0.31483349204063416,0.4536334276199341,0.34002214670181274,0.49397802352905273,0.29609042406082153,0.5209288001060486,0.34780895709991455,0.6116071343421936,0.3111943304538727,0.6526216268539429,0.3341910243034363,0.736047625541687,0.32334592938423157,0.7650899887084961
person_nn_123.jpg,0.0,0.0,0.0,0.0,0.0,0.0,0.0,0.0,0.0,0.0,0.0,0.0,0.972281277179718,0.21415573358535767,0.0,0.0,0.9586871862411499,0.2998574376106262,0.0,0.0,0.989372730255127,0.22166410088539124,0.9772220253944397,0.44247445464134216,0.9602743983268738,0.440095990896225,0.9595593214035034,0.5898241400718689,0.9399238228797913,0.5918855667114258,0.9184869527816772,0.6736751794815063,0.8881043195724487,0.680343508720398
person_nn_124.jpg,0.3142611086368561,0.23366114497184753,0.3142576217651367,0.21455775201320648,0.3000826835632324,0.22594240307807922,0.0,0.0,0.2725197374820709,0.23996411263942719,0.3276378810405731,0.2852712869644165,0.2576102316379547,0.3323118984699249,0.35276442766189575,0.3612460792064667,0.261407732963562,0.4561704397201538,0.3721405267715454,0.38128331303596497,0.31483349204063416,0.4536334276199341,0.34002214670181274,0.49397802352905273,0.29609042406082153,0.5209288001060486,0.34780895709991455,0.6116071343421936,0.3111943304538727,0.6526216268539429,0.3341910243034363,0.736047625541687,0.32334592938423157,0.7650899887084961
person_nn_125.jpg,0.0,0.0,0.0,0.0,0.0,0.0,0.0,0.0,0.0,0.0,0.0,0.0,0.972281277179718,0.21415573358535767,0.0,0.0,0.9586871862411499,0.2998574376106262,0.0,0.0,0.989372730255127,0.22166410088539124,0.9772220253944397,0.44247445464134216,0.9602743983268738,0.440095990896225,0.9595593214035034,0.5898241400718689,0.9399238228797913,0.5918855667114258,0.9184869527816772,0.6736751794815063,0.8881043195724487,0.680343508720398
person_nn_126.jpg,0.32943305373191833,0.2428000420331955,0.32895249128341675,0.22306932508945465,0.31568261981010437,0.23497480154037476,0.0,0.0,0.28789493441581726,0.2478928565979004,0.3373415470123291,0.28658318519592285,0.2733389139175415,0.3408043086528778,0.35937097668647766,0.3514985144138336,0.2813290059566498,0.4609427750110626,0.3826278746128082,0.3793666362762451,0.33653226494789124,0.4657370448112488,0.35282373428344727,0.5018430948257446,0.31066271662712097,0.5328885912895203,0.3658638894557953,0.6173492670059204,0.32001572847366333,0.6645653247833252,0.3556799590587616,0.7542910575866699,0.3256770968437195,0.7885769605636597
person_nn_127.jpg,0.0,0.0,0.0,0.0,0.0,0.0,0.0,0.0,0.0,0.0,0.0,0.0,0.0,0.0,0.0,0.0,0.9854797720909119,0.3297885060310364,0.0,0.0,0.0,0.0,0.957491934299469,0.4372512400150299,0.9655547738075256,0.44317755103111267,0.9516918063163757,0.5760464072227478,0.9620730876922607,0.5882871747016907,0.9018673896789551,0.6676267385482788,0.9105640053749084,0.6765592098236084
person_nn_128.jpg,0.3510587513446808,0.25398924946784973,0.3495929539203644,0.23540166020393372,0.3355977237224579,0.24685247242450714,0.0,0.0,0.3029424846172333,0.2668282389640808,0.35795873403549194,0.3093043267726898,0.29465699195861816,0.3615359663963318,0.37817659974098206,0.3712937533855438,0.3043607473373413,0.48557236790657043,0.40266183018684387,0.3987250328063965,0.359698086977005,0.47865059971809387,0.37386244535446167,0.524613082408905,0.3287453353404999,0.5507203340530396,0.3981268107891083,0.6455986499786377,0.3314107358455658,0.6720514893531799,0.4045327603816986,0.7948459982872009,0.3321213722229004,0.789361298084259
person_nn_129.jpg,0.0,0.0,0.0,0.0,0.0,0.0,0.0,0.0,0.0,0.0,0.0,0.0,0.0,0.0,0.0,0.0,0.0,0.0,0.0,0.0,0.0,0.0,0.9518021941184998,0.4337228536605835,0.9723883271217346,0.4389900267124176,0.9481313824653625,0.562536358833313,0.9762912392616272,0.5726181268692017,0.9192386865615845,0.6842247843742371,0.9350619912147522,0.6857637763023376
person_nn_130.jpg,0.3708136975765228,0.27513909339904785,0.36960116028785706,0.2571454346179962,0.3563673198223114,0.2666323781013489,0.0,0.0,0.3255610466003418,0.2840517461299896,0.3792109489440918,0.3324362635612488,0.31743332743644714,0.3804228603839874,0.40138664841651917,0.397713303565979,0.32738569378852844,0.507020890712738,0.42602431774139404,0.42327073216438293,0.38031309843063354,0.5063230395317078,0.3924954831600189,0.5482242703437805,0.34664595127105713,0.5702359676361084,0.41743093729019165,0.6721312403678894,0.3436161279678345,0.6888208389282227,0.42772626876831055,0.8140859603881836,0.3422389626502991,0.7987717986106873
person_nn_131.jpg,0.0,0.0,0.0,0.0,0.0,0.0,0.0,0.0,0.0,0.0,0.0,0.0,0.0,0.0,0.0,0.0,0.0,0.0,0.0,0.0,0.0,0.0,0.9521716237068176,0.43399423360824585,0.9765617847442627,0.44682520627975464,0.9467118978500366,0.5452547073364258,0.9808710217475891,0.584084689617157,0.9207521677017212,0.6598382592201233,0.9518651366233826,0.7106066942214966
person_nn_132.jpg,0.3942887485027313,0.28427061438560486,0.3923458755016327,0.26389190554618835,0.3799217939376831,0.27579420804977417,0.0,0.0,0.3499959111213684,0.2961854338645935,0.4000028371810913,0.3465427756309509,0.34310224652290344,0.39755794405937195,0.4230475425720215,0.417386531829834,0.3557097315788269,0.5232305526733398,0.44596022367477417,0.4290647804737091,0.4082225263118744,0.5169695615768433,0.41335466504096985,0.5628203749656677,0.37309378385543823,0.5880442261695862,0.4345714747905731,0.6783679723739624,0.3780260682106018,0.7023258209228516,0.42860692739486694,0.8174902200698853,0.3682936728000641,0.8130879402160645
person_nn_133.jpg,0.0,0.0,0.0,0.0,0.0,0.0,0.0,0.0,0.0,0.0,0.0,0.0,0.0,0.0,0.0,0.0,0.0,0.0,0.0,0.0,0.0,0.0,0.9607714414596558,0.43611347675323486,0.9795772433280945,0.4426923990249634,0.9444015026092529,0.5470485091209412,0.9858739376068115,0.5735177993774414,0.9203914403915405,0.6644971966743469,0.9769359827041626,0.7054556012153625
person_nn_134.jpg,0.3942887485027313,0.28427061438560486,0.3923458755016327,0.26389190554618835,0.3799217939376831,0.27579420804977417,0.0,0.0,0.3499959111213684,0.2961854338645935,0.4000028371810913,0.3465427756309509,0.34310224652290344,0.39755794405937195,0.4230475425720215,0.417386531829834,0.3557097315788269,0.5232305526733398,0.44596022367477417,0.4290647804737091,0.4082225263118744,0.5169695615768433,0.41335466504096985,0.5628203749656677,0.37309378385543823,0.5880442261695862,0.4345714747905731,0.6783679723739624,0.3780260682106018,0.7023258209228516,0.42860692739486694,0.8174902200698853,0.3682936728000641,0.8130879402160645
person_nn_135.jpg,0.0,0.0,0.0,0.0,0.0,0.0,0.0,0.0,0.0,0.0,0.0,0.0,0.0,0.0,0.0,0.0,0.0,0.0,0.0,0.0,0.0,0.0,0.9607714414596558,0.43611347675323486,0.9795772433280945,0.4426923990249634,0.9444015026092529,0.5470485091209412,0.9858739376068115,0.5735177993774414,0.9203914403915405,0.6644971966743469,0.9769359827041626,0.7054556012153625
person_nn_136.jpg,0.41913825273513794,0.2853761911392212,0.4174908399581909,0.2665700614452362,0.4046374261379242,0.27690669894218445,0.0,0.0,0.3736773729324341,0.2995128333568573,0.42031002044677734,0.35610058903694153,0.3652285635471344,0.3995562195777893,0.44434529542922974,0.43423599004745483,0.3775636553764343,0.5317649245262146,0.4701351225376129,0.4336208701133728,0.4340462386608124,0.5148494243621826,0.4357987642288208,0.5642901062965393,0.3996894955635071,0.5867257714271545,0.4427175521850586,0.6856253147125244,0.4102835953235626,0.7113985419273376,0.4326775074005127,0.8253650069236755,0.4071587920188904,0.8307026624679565
person_nn_137.jpg,0.0,0.0,0.0,0.0,0.0,0.0,0.0,0.0,0.0,0.0,0.0,0.0,0.0,0.0,0.0,0.0,0.0,0.0,0.0,0.0,0.0,0.0,0.9599763751029968,0.42525041103363037,0.975217342376709,0.4323035776615143,0.9452282190322876,0.5458841323852539,0.9828941226005554,0.5772536396980286,0.9181557297706604,0.6634736657142639,0.964142382144928,0.7116867303848267
person_nn_138.jpg,0.4419679641723633,0.2851008176803589,0.43956294655799866,0.26673221588134766,0.4290703535079956,0.2777712643146515,0.0,0.0,0.40031957626342773,0.29972147941589355,0.4417945146560669,0.3523281216621399,0.38608279824256897,0.40424755215644836,0.46770209074020386,0.4345998167991638,0.4034788906574249,0.5393676161766052,0.48941677808761597,0.4428262412548065,0.45687854290008545,0.5195831656455994,0.4584420621395111,0.5669849514961243,0.42119574546813965,0.5949730277061462,0.4671191871166229,0.6890104413032532,0.4371797442436218,0.7283251881599426,0.44913455843925476,0.8373515009880066,0.43919551372528076,0.8617029786109924
person_nn_139.jpg,0.0,0.0,0.0,0.0,0.0,0.0,0.0,0.0,0.0,0.0,0.0,0.0,0.0,0.0,0.0,0.0,0.0,0.0,0.0,0.0,0.0,0.0,0.9627122282981873,0.4233892858028412,0.9767721891403198,0.4254271984100342,0.9468186497688293,0.5430464744567871,0.9845735430717468,0.5612550377845764,0.9164177179336548,0.6643500328063965,0.970854640007019,0.7012420892715454
person_nn_140.jpg,0.4696708619594574,0.29565104842185974,0.0,0.0,0.45608437061309814,0.2878152132034302,0.0,0.0,0.4235832989215851,0.30911436676979065,0.4575960040092468,0.35927337408065796,0.41402679681777954,0.41008102893829346,0.48318684101104736,0.4342863857746124,0.4313867390155792,0.5469584465026855,0.5081341862678528,0.44736889004707336,0.48575082421302795,0.557371973991394,0.4706190526485443,0.5800743699073792,0.44554558396339417,0.6065836548805237,0.46702417731285095,0.7001627683639526,0.466458261013031,0.7347741723060608,0.46101054549217224,0.8422750234603882,0.4800191819667816,0.8617839813232422
person_nn_141.jpg,0.0,0.0,0.0,0.0,0.0,0.0,0.0,0.0,0.0,0.0,0.0,0.0,0.0,0.0,0.0,0.0,0.0,0.0,0.0,0.0,0.0,0.0,0.9663142561912537,0.4357982277870178,0.9786767959594727,0.437271386384964,0.9456691145896912,0.55975741147995,0.9810411334037781,0.576408863067627,0.9146755933761597,0.671152651309967,0.9677956104278564,0.7048327922821045
person_nn_142.jpg,0.4976401627063751,0.3023886978626251,0.49405229091644287,0.28402072191238403,0.4844261705875397,0.2949627637863159,0.0,0.0,0.45375457406044006,0.32022973895072937,0.4892958104610443,0.3762410879135132,0.44617024064064026,0.42475593090057373,0.512789249420166,0.45948660373687744,0.46750199794769287,0.5534964799880981,0.5360854864120483,0.463996946811676,0.5216637849807739,0.535796046257019,0.5030744075775146,0.6050690412521362,0.4710210859775543,0.6290101408958435,0.5124871134757996,0.7203077077865601,0.4758737087249756,0.7460886240005493,0.506771445274353,0.8566733598709106,0.46626976132392883,0.8600779175758362
person_nn_143.jpg,0.0,0.0,0.0,0.0,0.0,0.0,0.0,0.0,0.0,0.0,0.0,0.0,0.0,0.0,0.0,0.0,0.0,0.0,0.0,0.0,0.0,0.0,0.9659045934677124,0.435040682554245,0.9821463227272034,0.436781108379364,0.9460524916648865,0.5632224082946777,0.9847817420959473,0.5784982442855835,0.9151017069816589,0.6764482855796814,0.9677704572677612,0.7057013511657715
person_nn_144.jpg,0.5301758646965027,0.3200571835041046,0.0,0.0,0.5183120965957642,0.30968788266181946,0.0,0.0,0.4825948178768158,0.32653525471687317,0.509813129901886,0.3823000192642212,0.4740518033504486,0.43021127581596375,0.53680419921875,0.46462127566337585,0.49823009967803955,0.567990779876709,0.5614591240882874,0.48916366696357727,0.5511480569839478,0.5494347810745239,0.5198920965194702,0.6096625328063965,0.49353495240211487,0.6313218474388123,0.533844530582428,0.7309121489524841,0.494655042886734,0.7513452768325806,0.5311869382858276,0.8650075197219849,0.47932982444763184,0.8588435649871826
person_nn_145.jpg,0.5301758646965027,0.3200571835041046,0.0,0.0,0.5183120965957642,0.30968788266181946,0.0,0.0,0.4825948178768158,0.32653525471687317,0.509813129901886,0.3823000192642212,0.4740518033504486,0.43021127581596375,0.53680419921875,0.46462127566337585,0.49823009967803955,0.567990779876709,0.5614591240882874,0.48916366696357727,0.5511480569839478,0.5494347810745239,0.5198920965194702,0.6096625328063965,0.49353495240211487,0.6313218474388123,0.533844530582428,0.7309121489524841,0.494655042886734,0.7513452768325806,0.5311869382858276,0.8650075197219849,0.47932982444763184,0.8588435649871826
person_nn_146.jpg,0.5639789700508118,0.31790077686309814,0.0,0.0,0.555144190788269,0.3073965013027191,0.0,0.0,0.5238281488418579,0.32138675451278687,0.5393147468566895,0.38888609409332275,0.5058109760284424,0.4267936646938324,0.0,0.0,0.5340692400932312,0.561936616897583,0.0,0.0,0.5845804214477539,0.5650561451911926,0.5463773012161255,0.6055934429168701,0.5293821096420288,0.6250085830688477,0.5341848731040955,0.72397780418396,0.5469488501548767,0.7520202398300171,0.4947473406791687,0.8495084047317505,0.5416614413261414,0.8728188276290894
person_nn_147.jpg,0.0,0.0,0.0,0.0,0.0,0.0,0.0,0.0,0.0,0.0,0.0,0.0,0.0,0.0,0.0,0.0,0.0,0.0,0.0,0.0,0.0,0.0,0.976439356803894,0.4211887717247009,0.9869117140769958,0.4227389097213745,0.9537315368652344,0.5577293634414673,0.9884423017501831,0.5724301338195801,0.9148169755935669,0.6759973764419556,0.9678820967674255,0.7033441066741943
person_nn_148.jpg,0.5934504270553589,0.31914225220680237,0.0,0.0,0.5880193710327148,0.3071320950984955,0.0,0.0,0.5630194544792175,0.31651127338409424,0.5447852611541748,0.38253629207611084,0.5475729703903198,0.41676458716392517,0.0,0.0,0.5693490505218506,0.5486279726028442,0.0,0.0,0.6127403974533081,0.568288266658783,0.5422347784042358,0.5941892266273499,0.5464909672737122,0.6128899455070496,0.5418997406959534,0.7061044573783875,0.5567637085914612,0.7355608344078064,0.5380678772926331,0.8550618290901184,0.5539417266845703,0.8819748163223267
person_nn_149.jpg,0.0,0.0,0.0,0.0,0.0,0.0,0.0,0.0,0.0,0.0,0.0,0.0,0.0,0.0,0.0,0.0,0.0,0.0,0.0,0.0,0.0,0.0,0.9764814376831055,0.4228861331939697,0.9873092174530029,0.4242459237575531,0.954058051109314,0.5574288964271545,0.9872727394104004,0.5721446871757507,0.9164831042289734,0.6765863299369812,0.9668945670127869,0.702724277973175
person_nn_150.jpg,0.6235284805297852,0.32166990637779236,0.0,0.0,0.6199991106987,0.31024664640426636,0.0,0.0,0.5976102352142334,0.32280758023262024,0.5515688061714172,0.3756747543811798,0.5859659910202026,0.4329376220703125,0.0,0.0,0.6025980114936829,0.5707423686981201,0.0,0.0,0.6524936556816101,0.5543957948684692,0.5511835813522339,0.6062929034233093,0.5782198309898376,0.6336929798126221,0.5554424524307251,0.72527676820755,0.5851854085922241,0.7571610808372498,0.5621741414070129,0.8742304444313049,0.5873511433601379,0.8869757056236267
person_nn_151.jpg,0.0,0.0,0.0,0.0,0.0,0.0,0.0,0.0,0.0,0.0,0.0,0.0,0.0,0.0,0.0,0.0,0.0,0.0,0.0,0.0,0.0,0.0,0.9774048328399658,0.4322345554828644,0.9849680662155151,0.433927983045578,0.9567345380783081,0.5618930459022522,0.9811379313468933,0.5758211016654968,0.920531153678894,0.6717938780784607,0.9637147784233093,0.6994185447692871
person_nn_152.jpg,0.0,0.0,0.0,0.0,0.6470142006874084,0.3131742775440216,0.0,0.0,0.6299762725830078,0.3305976688861847,0.5789146423339844,0.3922726511955261,0.6212925314903259,0.4380735754966736,0.0,0.0,0.6396177411079407,0.5785186886787415,0.0,0.0,0.6884105205535889,0.546683669090271,0.5759150385856628,0.6178866028785706,0.6110272407531738,0.6378664970397949,0.5720192790031433,0.7323875427246094,0.629858672618866,0.7513204216957092,0.5594245791435242,0.8773456811904907,0.633664608001709,0.8790335059165955
person_nn_153.jpg,0.0,0.0,0.0,0.0,0.0,0.0,0.0,0.0,0.0,0.0,0.0,0.0,0.0,0.0,0.0,0.0,0.0,0.0,0.0,0.0,0.0,0.0,0.9772123098373413,0.4347328841686249,0.9871129393577576,0.43691107630729675,0.955743670463562,0.5549517869949341,0.9862582683563232,0.5731499195098877,0.919741690158844,0.6689386963844299,0.9684262871742249,0.702946126461029
person_nn_154.jpg,0.0,0.0,0.0,0.0,0.6470142006874084,0.3131742775440216,0.0,0.0,0.6299762725830078,0.3305976688861847,0.5789146423339844,0.3922726511955261,0.6212925314903259,0.4380735754966736,0.0,0.0,0.6396177411079407,0.5785186886787415,0.0,0.0,0.6884105205535889,0.546683669090271,0.5759150385856628,0.6178866028785706,0.6110272407531738,0.6378664970397949,0.5720192790031433,0.7323875427246094,0.629858672618866,0.7513204216957092,0.5594245791435242,0.8773456811904907,0.633664608001709,0.8790335059165955
person_nn_155.jpg,0.0,0.0,0.0,0.0,0.0,0.0,0.0,0.0,0.0,0.0,0.0,0.0,0.0,0.0,0.0,0.0,0.0,0.0,0.0,0.0,0.0,0.0,0.9772123098373413,0.4347328841686249,0.9871129393577576,0.43691107630729675,0.955743670463562,0.5549517869949341,0.9862582683563232,0.5731499195098877,0.919741690158844,0.6689386963844299,0.9684262871742249,0.702946126461029
person_nn_156.jpg,0.6758911609649658,0.3339379131793976,0.0,0.0,0.6740501523017883,0.3227114975452423,0.0,0.0,0.6563339829444885,0.33489200472831726,0.5962477922439575,0.37037184834480286,0.6489356756210327,0.445826917886734,0.5948153734207153,0.354531854391098,0.6632988452911377,0.5721042156219482,0.0,0.0,0.700820803642273,0.5739080309867859,0.5980793833732605,0.6025968194007874,0.6390737891197205,0.6320962309837341,0.5898652672767639,0.7318612337112427,0.6499418616294861,0.7465096712112427,0.5704796314239502,0.8722991943359375,0.653702437877655,0.8585209250450134
person_nn_157.jpg,0.0,0.0,0.0,0.0,0.0,0.0,0.0,0.0,0.0,0.0,0.0,0.0,0.0,0.0,0.0,0.0,0.0,0.0,0.0,0.0,0.0,0.0,0.9777411818504333,0.4347548484802246,0.9875169396400452,0.43629729747772217,0.9554213881492615,0.5553462505340576,0.9847033619880676,0.5735576152801514,0.9200567007064819,0.6687003374099731,0.9680365324020386,0.7033824324607849
person_nn_158.jpg,0.0,0.0,0.0,0.0,0.0,0.0,0.0,0.0,0.6922506093978882,0.32660266757011414,0.6254319548606873,0.384909987449646,0.6787869930267334,0.43068602681159973,0.0,0.0,0.6883243918418884,0.5597829222679138,0.0,0.0,0.7251447439193726,0.5712606310844421,0.6225345730781555,0.6006657481193542,0.6635470986366272,0.61944979429245,0.6203662753105164,0.7338297367095947,0.6697300672531128,0.7504577040672302,0.5927823781967163,0.8642690181732178,0.6643168330192566,0.8705792427062988
person_nn_159.jpg,0.0,0.0,0.0,0.0,0.0,0.0,0.0,0.0,0.0,0.0,0.0,0.0,0.0,0.0,0.0,0.0,0.0,0.0,0.0,0.0,0.0,0.0,0.9777124524116516,0.4383145570755005,0.9881128668785095,0.44004425406455994,0.9548936486244202,0.559230625629425,0.9855560660362244,0.5771205425262451,0.9201163053512573,0.6692376136779785,0.9686132073402405,0.7024156451225281
person_nn_160.jpg,0.0,0.0,0.0,0.0,0.7281898856163025,0.30877068638801575,0.0,0.0,0.7074350118637085,0.32062453031539917,0.6561713218688965,0.36383378505706787,0.697986364364624,0.42480698227882385,0.0,0.0,0.7100565433502197,0.5589985847473145,0.0,0.0,0.740131139755249,0.579851508140564,0.6503433585166931,0.5698498487472534,0.6835288405418396,0.5975800156593323,0.6495545506477356,0.7014227509498596,0.689286470413208,0.7304279804229736,0.6349757313728333,0.8504260182380676,0.6746036410331726,0.8589703440666199
person_nn_161.jpg,0.0,0.0,0.0,0.0,0.0,0.0,0.0,0.0,0.0,0.0,0.0,0.0,0.0,0.0,0.0,0.0,0.0,0.0,0.0,0.0,0.0,0.0,0.9793568849563599,0.43780142068862915,0.9872445464134216,0.43812286853790283,0.95469731092453,0.5575017333030701,0.9833627343177795,0.5735534429550171,0.92111736536026,0.6690136790275574,0.9679237008094788,0.7017606496810913
person_nn_162.jpg,0.0,0.0,0.0,0.0,0.0,0.0,0.0,0.0,0.0,0.0,0.0,0.0,0.0,0.0,0.0,0.0,0.0,0.0,0.0,0.0,0.0,0.0,0.9802930355072021,0.4390105605125427,0.987488329410553,0.44012510776519775,0.9563165903091431,0.5540696978569031,0.9848849773406982,0.5721703767776489,0.9188985824584961,0.6646265387535095,0.9684005379676819,0.7002132534980774
person_nn_163.jpg,0.0,0.0,0.0,0.0,0.7506420016288757,0.3037784993648529,0.0,0.0,0.7334848046302795,0.3175552189350128,0.6768237948417664,0.3795543313026428,0.725758969783783,0.4148937463760376,0.0,0.0,0.7316861748695374,0.547013521194458,0.0,0.0,0.7665309906005859,0.5584182143211365,0.672208309173584,0.5959724187850952,0.7071021795272827,0.6121619343757629,0.682554304599762,0.7193864583969116,0.7100866436958313,0.7361549735069275,0.6783519387245178,0.850149393081665,0.6924368143081665,0.8582055568695068
person_nn_164.jpg,0.0,0.0,0.0,0.0,0.0,0.0,0.0,0.0,0.0,0.0,0.0,0.0,0.0,0.0,0.0,0.0,0.0,0.0,0.0,0.0,0.0,0.0,0.9802930355072021,0.4390105605125427,0.987488329410553,0.44012510776519775,0.9563165903091431,0.5540696978569031,0.9848849773406982,0.5721703767776489,0.9188985824584961,0.6646265387535095,0.9684005379676819,0.7002132534980774
person_nn_165.jpg,0.0,0.0,0.0,0.0,0.7506420016288757,0.3037784993648529,0.0,0.0,0.7334848046302795,0.3175552189350128,0.6768237948417664,0.3795543313026428,0.725758969783783,0.4148937463760376,0.0,0.0,0.7316861748695374,0.547013521194458,0.0,0.0,0.7665309906005859,0.5584182143211365,0.672208309173584,0.5959724187850952,0.7071021795272827,0.6121619343757629,0.682554304599762,0.7193864583969116,0.7100866436958313,0.7361549735069275,0.6783519387245178,0.850149393081665,0.6924368143081665,0.8582055568695068
person_nn_166.jpg,0.0,0.0,0.0,0.0,0.0,0.0,0.0,0.0,0.7586352825164795,0.31314438581466675,0.6922996640205383,0.3610174357891083,0.7471625804901123,0.40073826909065247,0.0,0.0,0.7536189556121826,0.5305749177932739,0.0,0.0,0.7863767147064209,0.5662280321121216,0.6855627298355103,0.5678650736808777,0.7277273535728455,0.5857788920402527,0.6877913475036621,0.6978448629379272,0.7436090111732483,0.7164841890335083,0.6773583889007568,0.8389644622802734,0.7431439161300659,0.8533909916877747
person_nn_167.jpg,0.0,0.0,0.0,0.0,0.0,0.0,0.0,0.0,0.0,0.0,0.0,0.0,0.0,0.0,0.0,0.0,0.0,0.0,0.0,0.0,0.0,0.0,0.9801788926124573,0.43444401025772095,0.9860700964927673,0.4366430640220642,0.9552745819091797,0.5575349926948547,0.9834755659103394,0.5780684947967529,0.9175320267677307,0.6672534942626953,0.963092565536499,0.7028961181640625
person_nn_168.jpg,0.0,0.0,0.0,0.0,0.0,0.0,0.0,0.0,0.7808743119239807,0.32225391268730164,0.7205511927604675,0.38665029406547546,0.7694383263587952,0.4256448447704315,0.0,0.0,0.7812315821647644,0.5601621270179749,0.0,0.0,0.8245342969894409,0.5340692400932312,0.7095702886581421,0.596168577671051,0.7497783303260803,0.6146318316459656,0.7084152698516846,0.7114009857177734,0.7712722420692444,0.7341265082359314,0.6946620345115662,0.8445450067520142,0.7759305238723755,0.858334481716156
person_nn_169.jpg,0.0,0.0,0.0,0.0,0.0,0.0,0.0,0.0,0.0,0.0,0.0,0.0,0.0,0.0,0.0,0.0,0.0,0.0,0.0,0.0,0.0,0.0,0.9839662909507751,0.44696131348609924,0.9858415126800537,0.4458636939525604,0.9542330503463745,0.5659043192863464,0.9763551354408264,0.578213095664978,0.9211013317108154,0.6684509515762329,0.9609544277191162,0.6982637047767639
person_nn_170.jpg,0.0,0.0,0.0,0.0,0.8062728643417358,0.3210914731025696,0.0,0.0,0.7937573790550232,0.32673391699790955,0.7381389141082764,0.39522263407707214,0.7877264618873596,0.4260733127593994,0.0,0.0,0.8059784770011902,0.5597023963928223,0.0,0.0,0.8484327793121338,0.5243873000144958,0.7250595688819885,0.6041187047958374,0.7644833326339722,0.6189578175544739,0.7172437906265259,0.7135312557220459,0.7846500277519226,0.731911301612854,0.6930826902389526,0.8420434594154358,0.7773745656013489,0.8523906469345093
person_nn_171.jpg,0.0,0.0,0.0,0.0,0.8373222351074219,0.3179970681667328,0.0,0.0,0.8173862099647522,0.3252793550491333,0.7624689936637878,0.3809798061847687,0.8103498220443726,0.4269067943096161,0.0,0.0,0.8323615789413452,0.5588090419769287,0.0,0.0,0.8640359044075012,0.5376285314559937,0.7504056096076965,0.5875207185745239,0.7895750403404236,0.6089895963668823,0.7472134232521057,0.699609100818634,0.8072018623352051,0.7333350777626038,0.7129348516464233,0.8286498188972473,0.7886627316474915,0.8589090704917908
person_nn_172.jpg,0.847233235836029,0.3302428424358368,0.0,0.0,0.842606246471405,0.3150874972343445,0.0,0.0,0.8308306932449341,0.3107050955295563,0.7836663722991943,0.36029449105262756,0.8286788463592529,0.40047892928123474,0.0,0.0,0.8499872088432312,0.5366317629814148,0.0,0.0,0.8785417079925537,0.5519921183586121,0.7772917151451111,0.5609535574913025,0.8089519143104553,0.5800149440765381,0.7671524286270142,0.6890950202941895,0.8130572438240051,0.720815896987915,0.7342256903648376,0.8181405067443848,0.7871936559677124,0.8556346893310547
person_nn_173.jpg,0.847233235836029,0.3302428424358368,0.0,0.0,0.842606246471405,0.3150874972343445,0.0,0.0,0.8308306932449341,0.3107050955295563,0.7836663722991943,0.36029449105262756,0.8286788463592529,0.40047892928123474,0.0,0.0,0.8499872088432312,0.5366317629814148,0.0,0.0,0.8785417079925537,0.5519921183586121,0.7772917151451111,0.5609535574913025,0.8089519143104553,0.5800149440765381,0.7671524286270142,0.6890950202941895,0.8130572438240051,0.720815896987915,0.7342256903648376,0.8181405067443848,0.7871936559677124,0.8556346893310547
person_nn_174.jpg,0.8629891872406006,0.32847878336906433,0.0,0.0,0.8601121306419373,0.3137320578098297,0.0,0.0,0.8493301272392273,0.3187148869037628,0.7916781306266785,0.38197869062423706,0.8490906357765198,0.4148433208465576,0.0,0.0,0.868545413017273,0.5397652983665466,0.0,0.0,0.8966661095619202,0.5310965180397034,0.7889491319656372,0.5855063199996948,0.8256145119667053,0.601459264755249,0.7947649955749512,0.7110704779624939,0.8294773101806641,0.7325926423072815,0.7858494520187378,0.8517482876777649,0.8062177300453186,0.8754667043685913
person_nn_175.jpg,0.0,0.0,0.0,0.0,0.0,0.0,0.0,0.0,0.8745641112327576,0.31342363357543945,0.8067415952682495,0.35720035433769226,0.8636621236801147,0.4001957178115845,0.0,0.0,0.8709847331047058,0.532589852809906,0.0,0.0,0.8861339688301086,0.5735217928886414,0.7986904978752136,0.5540570020675659,0.8370897173881531,0.5718590021133423,0.8045637011528015,0.6887617707252502,0.8337521553039551,0.7089903950691223,0.7928497791290283,0.8328631520271301,0.8164414167404175,0.8570811748504639
person_nn_176.jpg,0.9236061573028564,0.3169375956058502,0.0,0.0,0.9206134080886841,0.30528146028518677,0.0,0.0,0.8993553519248962,0.3087054491043091,0.8531189560890198,0.35808223485946655,0.8855562210083008,0.4000678062438965,0.0,0.0,0.9003793001174927,0.5297402739524841,0.0,0.0,0.9388549327850342,0.5037553310394287,0.8325214982032776,0.5505313873291016,0.8577783107757568,0.567884624004364,0.8215939402580261,0.6780100464820862,0.8605903387069702,0.7022095322608948,0.7943388223648071,0.8247166872024536,0.8358202576637268,0.8377988934516907
person_nn_177.jpg,0.9326109886169434,0.30895179510116577,0.0,0.0,0.9287645220756531,0.2980038821697235,0.0,0.0,0.9061546325683594,0.30030256509780884,0.8702577948570251,0.3486762046813965,0.8882527351379395,0.39301377534866333,0.0,0.0,0.892439603805542,0.5196706652641296,0.0,0.0,0.9371387958526611,0.5184731483459473,0.8547137379646301,0.5685597062110901,0.8682422041893005,0.590755045413971,0.8536769151687622,0.6759596467018127,0.8689516186714172,0.7138580083847046,0.8235504627227783,0.7812766432762146,0.8326801061630249,0.8229763507843018
person_nn_178.jpg,0.9420843720436096,0.30784791707992554,0.0,0.0,0.9377962350845337,0.2944125235080719,0.0,0.0,0.9123126268386841,0.2916703522205353,0.8803699016571045,0.33969739079475403,0.8912526965141296,0.38741132616996765,0.0,0.0,0.8977740406990051,0.5240384340286255,0.0,0.0,0.9432837963104248,0.5065658092498779,0.8663279414176941,0.568152666091919,0.873893678188324,0.590894877910614,0.8600629568099976,0.6895847916603088,0.8760920763015747,0.7229726910591125,0.8227570056915283,0.7940858602523804,0.8382148146629333,0.818469762802124
person_nn_179.jpg,0.9482173323631287,0.3054598569869995,0.0,0.0,0.9441637992858887,0.2923196256160736,0.0,0.0,0.9178783297538757,0.2890368103981018,0.8911178112030029,0.33563709259033203,0.8928579688072205,0.3808300495147705,0.0,0.0,0.8985472917556763,0.5174579620361328,0.0,0.0,0.9466783404350281,0.5023770928382874,0.8742225170135498,0.5571807622909546,0.8750517964363098,0.5785730481147766,0.8654780983924866,0.6699541807174683,0.872323215007782,0.702546238899231,0.8311120867729187,0.7843374609947205,0.8395147919654846,0.8098316192626953
person_nn_180.jpg,0.9482173323631287,0.3054598569869995,0.0,0.0,0.9441637992858887,0.2923196256160736,0.0,0.0,0.9178783297538757,0.2890368103981018,0.8911178112030029,0.33563709259033203,0.8928579688072205,0.3808300495147705,0.0,0.0,0.8985472917556763,0.5174579620361328,0.0,0.0,0.9466783404350281,0.5023770928382874,0.8742225170135498,0.5571807622909546,0.8750517964363098,0.5785730481147766,0.8654780983924866,0.6699541807174683,0.872323215007782,0.702546238899231,0.8311120867729187,0.7843374609947205,0.8395147919654846,0.8098316192626953
person_nn_181.jpg,0.9532662630081177,0.30549362301826477,0.0,0.0,0.9484893083572388,0.2907717227935791,0.0,0.0,0.9206438660621643,0.2867129445075989,0.9049243330955505,0.34970688819885254,0.8926594257354736,0.37669801712036133,0.0,0.0,0.8967181444168091,0.5150810480117798,0.0,0.0,0.9422946572303772,0.5090948939323425,0.8821346163749695,0.561547040939331,0.8731601238250732,0.5747320055961609,0.8718961477279663,0.6675122976303101,0.8691077828407288,0.6888806223869324,0.8411611318588257,0.7754475474357605,0.8412050008773804,0.7978171706199646
person_nn_182.jpg,0.9582440853118896,0.3062617778778076,0.0,0.0,0.9521760940551758,0.2936405539512634,0.0,0.0,0.9238706231117249,0.2900221347808838,0.9249721169471741,0.3535569906234741,0.8937329053878784,0.3764207661151886,0.0,0.0,0.8911144137382507,0.510000467300415,0.0,0.0,0.9418582916259766,0.5116291642189026,0.9052350521087646,0.5563106536865234,0.8845928311347961,0.5680546164512634,0.8871303200721741,0.6450531482696533,0.868182897567749,0.6729610562324524,0.8474953174591064,0.7621870636940002,0.8303086757659912,0.8021200895309448
person_nn_183.jpg,0.9606603384017944,0.30505818128585815,0.0,0.0,0.9539245963096619,0.2931143343448639,0.0,0.0,0.9250360727310181,0.2904108464717865,0.923030436038971,0.35183894634246826,0.8968448638916016,0.37688642740249634,0.0,0.0,0.8923386335372925,0.5071239471435547,0.0,0.0,0.9472855925559998,0.5024114847183228,0.8964110016822815,0.5564656853675842,0.8795244097709656,0.568946361541748,0.878440797328949,0.6458304524421692,0.866567850112915,0.6746218204498291,0.8432748317718506,0.7690346240997314,0.8286873698234558,0.8061165809631348
person_nn_184.jpg,0.9649447202682495,0.3044581413269043,0.0,0.0,0.9585173726081848,0.2925938069820404,0.0,0.0,0.9297036528587341,0.2915479838848114,0.931785523891449,0.35758286714553833,0.8992434144020081,0.38177043199539185,0.0,0.0,0.8946719765663147,0.510178804397583,0.0,0.0,0.9490022659301758,0.5002904534339905,0.8984239101409912,0.5662721395492554,0.8777218461036682,0.5756648182868958,0.8744726777076721,0.6631518602371216,0.8613622188568115,0.6846206784248352,0.8330348134040833,0.7775900959968567,0.8272681832313538,0.8049657344818115
person_nn_185.jpg,0.9660454392433167,0.3051852583885193,0.0,0.0,0.9604389667510986,0.2928931415081024,0.0,0.0,0.9320216774940491,0.28926634788513184,0.9349116683006287,0.3550005555152893,0.8988164663314819,0.3755670487880707,0.0,0.0,0.8921136856079102,0.5035857558250427,0.0,0.0,0.9460425972938538,0.5099503397941589,0.8987687826156616,0.5596354007720947,0.875908374786377,0.5667724609375,0.8732767701148987,0.6602417230606079,0.8571634888648987,0.678117036819458,0.8301332592964172,0.7817255854606628,0.8231304287910461,0.8078778982162476
person_nn_186.jpg,0.9660454392433167,0.3051852583885193,0.0,0.0,0.9604389667510986,0.2928931415081024,0.0,0.0,0.9320216774940491,0.28926634788513184,0.9349116683006287,0.3550005555152893,0.8988164663314819,0.3755670487880707,0.0,0.0,0.8921136856079102,0.5035857558250427,0.0,0.0,0.9460425972938538,0.5099503397941589,0.8987687826156616,0.5596354007720947,0.875908374786377,0.5667724609375,0.8732767701148987,0.6602417230606079,0.8571634888648987,0.678117036819458,0.8301332592964172,0.7817255854606628,0.8231304287910461,0.8078778982162476
person_nn_187.jpg,0.9662156105041504,0.3098798990249634,0.0,0.0,0.960570752620697,0.295549213886261,0.0,0.0,0.9311957955360413,0.2876647710800171,0.932181179523468,0.3506626486778259,0.899225115776062,0.375991553068161,0.0,0.0,0.889316976070404,0.49933308362960815,0.0,0.0,0.9386895895004272,0.5272635221481323,0.8981052041053772,0.5577131509780884,0.8780659437179565,0.5674440264701843,0.8724843859672546,0.6584226489067078,0.8639520406723022,0.6818405389785767,0.0,0.0,0.8291558027267456,0.8087636232376099
person_nn_188.jpg,0.9682027101516724,0.3083018660545349,0.0,0.0,0.960199236869812,0.2933785617351532,0.0,0.0,0.928301215171814,0.2896263003349304,0.9315474033355713,0.35299021005630493,0.8976860642433167,0.3731861710548401,0.0,0.0,0.8920926451683044,0.49750691652297974,0.0,0.0,0.9392690658569336,0.519368588924408,0.8932344317436218,0.5497256517410278,0.8701472282409668,0.5582733750343323,0.8696650862693787,0.6581857800483704,0.8559391498565674,0.6801332831382751,0.8361390829086304,0.7821266651153564,0.8235225081443787,0.8135464191436768
person_nn_189.jpg,0.964949369430542,0.30888164043426514,0.0,0.0,0.9575319886207581,0.29556187987327576,0.0,0.0,0.9259830713272095,0.2882334291934967,0.931508481502533,0.35094428062438965,0.8945464491844177,0.3757983148097992,0.0,0.0,0.8881038427352905,0.5066586136817932,0.0,0.0,0.9436710476875305,0.513899028301239,0.8972759246826172,0.5619481801986694,0.8740056753158569,0.5723416805267334,0.8760864734649658,0.6618707180023193,0.8591717481613159,0.6847484111785889,0.8344086408615112,0.7765325307846069,0.8259901404380798,0.8086093664169312
person_nn_190.jpg,0.9662371277809143,0.30920910835266113,0.0,0.0,0.9585524201393127,0.2950710356235504,0.0,0.0,0.9262728095054626,0.2904977798461914,0.9238130450248718,0.36212286353111267,0.8958082795143127,0.3820056617259979,0.0,0.0,0.8916841149330139,0.5145363807678223,0.0,0.0,0.9468621015548706,0.5039257407188416,0.8887454867362976,0.57298344373703,0.8710938096046448,0.5832316875457764,0.8732813596725464,0.683124303817749,0.8634940981864929,0.7077844142913818,0.0,0.0,0.827789843082428,0.8295348286628723
person_nn_191.jpg,0.9662371277809143,0.30920910835266113,0.0,0.0,0.9585524201393127,0.2950710356235504,0.0,0.0,0.9262728095054626,0.2904977798461914,0.9238130450248718,0.36212286353111267,0.8958082795143127,0.3820056617259979,0.0,0.0,0.8916841149330139,0.5145363807678223,0.0,0.0,0.9468621015548706,0.5039257407188416,0.8887454867362976,0.57298344373703,0.8710938096046448,0.5832316875457764,0.8732813596725464,0.683124303817749,0.8634940981864929,0.7077844142913818,0.0,0.0,0.827789843082428,0.8295348286628723
person_nn_192.jpg,0.9645405411720276,0.30605125427246094,0.0,0.0,0.9590085744857788,0.2943902313709259,0.0,0.0,0.9310929775238037,0.29514843225479126,0.9226133823394775,0.3675605356693268,0.8989855647087097,0.3903513550758362,0.0,0.0,0.895797610282898,0.5249496698379517,0.0,0.0,0.9472846388816833,0.506096601486206,0.8897149562835693,0.5843216776847839,0.8746084570884705,0.5959516167640686,0.8782767057418823,0.6809247136116028,0.8673507571220398,0.708351194858551,0.0,0.0,0.8313313126564026,0.8232898712158203
person_nn_193.jpg,0.9647867679595947,0.3041262924671173,0.0,0.0,0.9589500427246094,0.2918410301208496,0.0,0.0,0.9332002997398376,0.29661914706230164,0.9253015518188477,0.36374983191490173,0.9023744463920593,0.3890672028064728,0.0,0.0,0.8914271593093872,0.5203729271888733,0.0,0.0,0.9523425698280334,0.5167192220687866,0.8930009007453918,0.6244764924049377,0.8785954117774963,0.6382359862327576,0.0,0.0,0.8839172720909119,0.8027772903442383,0.0,0.0,0.0,0.0
person_nn_194.jpg,0.9660768508911133,0.3185317814350128,0.0,0.0,0.9597818851470947,0.30453670024871826,0.0,0.0,0.9297007322311401,0.3012107014656067,0.9097228646278381,0.37457334995269775,0.8975293636322021,0.3957122564315796,0.0,0.0,0.8921274542808533,0.5300346612930298,0.0,0.0,0.9479362964630127,0.5159157514572144,0.883554995059967,0.6065706014633179,0.875094473361969,0.6224331259727478,0.8813657164573669,0.7055492401123047,0.87227463722229,0.743747889995575,0.0,0.0,0.8396219611167908,0.852008044719696
person_nn_195.jpg,0.9616232514381409,0.3220694065093994,0.0,0.0,0.9545298218727112,0.30740854144096375,0.0,0.0,0.9255802035331726,0.3024279773235321,0.9086967706680298,0.3786337375640869,0.8972163796424866,0.3999183475971222,0.0,0.0,0.8931587934494019,0.5379580855369568,0.0,0.0,0.9493105411529541,0.5224785804748535,0.880789577960968,0.618146538734436,0.8746771812438965,0.633483350276947,0.8661429286003113,0.7395278215408325,0.8727936148643494,0.7790835499763489,0.0,0.0,0.8400875926017761,0.8990960717201233
person_nn_196.jpg,0.9616232514381409,0.3220694065093994,0.0,0.0,0.9545298218727112,0.30740854144096375,0.0,0.0,0.9255802035331726,0.3024279773235321,0.9086967706680298,0.3786337375640869,0.8972163796424866,0.3999183475971222,0.0,0.0,0.8931587934494019,0.5379580855369568,0.0,0.0,0.9493105411529541,0.5224785804748535,0.880789577960968,0.618146538734436,0.8746771812438965,0.633483350276947,0.8661429286003113,0.7395278215408325,0.8727936148643494,0.7790835499763489,0.0,0.0,0.8400875926017761,0.8990960717201233
person_nn_197.jpg,0.964050829410553,0.32933753728866577,0.0,0.0,0.9585348963737488,0.3131810128688812,0.0,0.0,0.9307380318641663,0.30797404050827026,0.910001277923584,0.37959811091423035,0.9027373790740967,0.39904966950416565,0.0,0.0,0.8874406218528748,0.5382120013237,0.0,0.0,0.9539010524749756,0.5311890244483948,0.8796784281730652,0.6507600545883179,0.8758919835090637,0.6634798049926758,0.0,0.0,0.8766579627990723,0.8163207173347473,0.0,0.0,0.0,0.0
person_nn_198.jpg,0.9681057929992676,0.3286946713924408,0.0,0.0,0.962502658367157,0.31547945737838745,0.0,0.0,0.9345421195030212,0.3104756474494934,0.9209211468696594,0.3563711941242218,0.9045203328132629,0.39648255705833435,0.0,0.0,0.8899032473564148,0.5418106317520142,0.0,0.0,0.9551058411598206,0.5347926020622253,0.8886126279830933,0.6101682782173157,0.879298746585846,0.6299439668655396,0.8655497431755066,0.7466269135475159,0.8771455883979797,0.7793570756912231,0.0,0.0,0.8456552028656006,0.8945178985595703
person_nn_199.jpg,0.9703072309494019,0.32686999440193176,0.0,0.0,0.9647790789604187,0.3150820732116699,0.0,0.0,0.9370342493057251,0.31461232900619507,0.9373945593833923,0.3748200833797455,0.9055325388908386,0.40843096375465393,0.0,0.0,0.8940096497535706,0.5460078716278076,0.0,0.0,0.9555977582931519,0.5414185523986816,0.9003080129623413,0.6382136344909668,0.8792959451675415,0.6511859893798828,0.8788118958473206,0.7988515496253967,0.8650251626968384,0.8200055956840515,0.0,0.0,0.0,0.0
person_nn_200.jpg,0.9707157611846924,0.3234187066555023,0.0,0.0,0.9644534587860107,0.3090246021747589,0.0,0.0,0.9377138018608093,0.3136410117149353,0.9450809359550476,0.38041698932647705,0.9072388410568237,0.41802892088890076,0.0,0.0,0.8974882960319519,0.5411593914031982,0.9769654870033264,0.5100226998329163,0.9525129795074463,0.5467367768287659,0.9064705967903137,0.6294651031494141,0.8814255595207214,0.6426733136177063,0.8845780491828918,0.7800710797309875,0.8722820281982422,0.8007174730300903,0.0,0.0,0.0,0.0
person_nn_201.jpg,0.9707157611846924,0.3234187066555023,0.0,0.0,0.9644534587860107,0.3090246021747589,0.0,0.0,0.9377138018608093,0.3136410117149353,0.9450809359550476,0.38041698932647705,0.9072388410568237,0.41802892088890076,0.0,0.0,0.8974882960319519,0.5411593914031982,0.9769654870033264,0.5100226998329163,0.9525129795074463,0.5467367768287659,0.9064705967903137,0.6294651031494141,0.8814255595207214,0.6426733136177063,0.8845780491828918,0.7800710797309875,0.8722820281982422,0.8007174730300903,0.0,0.0,0.0,0.0
person_nn_202.jpg,0.9769229888916016,0.3395450711250305,0.0,0.0,0.9705164432525635,0.32770025730133057,0.0,0.0,0.9417720437049866,0.3295706510543823,0.9455530643463135,0.39319220185279846,0.9090088605880737,0.4245792329311371,0.0,0.0,0.9075382351875305,0.5565885305404663,0.983496904373169,0.5078185200691223,0.9624820351600647,0.553434431552887,0.9063385725021362,0.6410481929779053,0.8821403980255127,0.6533420085906982,0.8882472515106201,0.7980644106864929,0.8785181045532227,0.8222635984420776,0.0,0.0,0.0,0.0
person_nn_203.jpg,0.876723051071167,0.2633010745048523,0.8895211219787598,0.2518847584724426,0.8732441663742065,0.24812158942222595,0.9108318090438843,0.24851396679878235,0.868168294429779,0.2359859198331833,0.9196681380271912,0.29913991689682007,0.8518981337547302,0.2812122106552124,0.0,0.0,0.8165788054466248,0.3396337926387787,0.0,0.0,0.8117846250534058,0.41802912950515747,0.8896226286888123,0.4740917980670929,0.843597412109375,0.4611833095550537,0.8872696757316589,0.6151506304740906,0.8268753886222839,0.5979461669921875,0.8842720985412598,0.7206017971038818,0.8180409073829651,0.7161454558372498
person_nn_204.jpg,0.8704769015312195,0.24324780702590942,0.8799782991409302,0.23542803525924683,0.867647111415863,0.23322652280330658,0.0,0.0,0.0,0.0,0.9149757027626038,0.28642237186431885,0.8431482315063477,0.2719840407371521,0.0,0.0,0.8088758587837219,0.3433314561843872,0.0,0.0,0.8095170855522156,0.4375695288181305,0.8776438236236572,0.47135066986083984,0.8286341428756714,0.45973896980285645,0.8755837678909302,0.608295738697052,0.8153921961784363,0.5941992998123169,0.8721944689750671,0.7109179496765137,0.8100008368492126,0.7083832025527954
person_nn_205.jpg,0.9963059425354004,0.35038912296295166,0.0,0.0,0.9869153499603271,0.3376920223236084,0.0,0.0,0.9558669924736023,0.3439916968345642,0.9699259400367737,0.4068710207939148,0.9260019659996033,0.43547892570495605,0.0,0.0,0.9211979508399963,0.5786424279212952,0.0,0.0,0.984283983707428,0.5747019052505493,0.9264283776283264,0.6734015941619873,0.8964860439300537,0.684167206287384,0.0,0.0,0.889705240726471,0.8442956805229187,0.0,0.0,0.0,0.0
person_nn_206.jpg,0.837031364440918,0.2775457203388214,0.8473362326622009,0.2649040222167969,0.8292090892791748,0.26514461636543274,0.0,0.0,0.8205454349517822,0.25936588644981384,0.8871447443962097,0.3154657781124115,0.8084833025932312,0.3084956407546997,0.0,0.0,0.7787465453147888,0.3793909251689911,0.0,0.0,0.7801468968391418,0.46517419815063477,0.8657522201538086,0.5131665468215942,0.8163790106773376,0.505903959274292,0.8459615707397461,0.6654837727546692,0.8116040825843811,0.6552742123603821,0.8295947313308716,0.7909541726112366,0.8077378273010254,0.7891317009925842
person_nn_207.jpg,0.837031364440918,0.2775457203388214,0.8473362326622009,0.2649040222167969,0.8292090892791748,0.26514461636543274,0.0,0.0,0.8205454349517822,0.25936588644981384,0.8871447443962097,0.3154657781124115,0.8084833025932312,0.3084956407546997,0.0,0.0,0.7787465453147888,0.3793909251689911,0.0,0.0,0.7801468968391418,0.46517419815063477,0.8657522201538086,0.5131665468215942,0.8163790106773376,0.505903959274292,0.8459615707397461,0.6654837727546692,0.8116040825843811,0.6552742123603821,0.8295947313308716,0.7909541726112366,0.8077378273010254,0.7891317009925842
person_nn_208.jpg,0.8260736465454102,0.2866956889629364,0.8375608921051025,0.2755517065525055,0.8212592601776123,0.27179497480392456,0.8571499586105347,0.27542608976364136,0.0,0.0,0.8762022852897644,0.34269654750823975,0.7948291897773743,0.31858792901039124,0.8990961313247681,0.4505287706851959,0.7613999843597412,0.40336906909942627,0.8876200318336487,0.5367295145988464,0.7652388215065002,0.49677926301956177,0.8421289324760437,0.5560044050216675,0.7896913886070251,0.5407450199127197,0.8296523690223694,0.7144540548324585,0.7760710120201111,0.6955540180206299,0.8098559379577637,0.854335606098175,0.7611801028251648,0.8467994928359985
person_nn_209.jpg,0.0,0.0,0.0,0.0,0.0,0.0,0.0,0.0,0.973772406578064,0.34767046570777893,0.0,0.0,0.9366564750671387,0.43630364537239075,0.0,0.0,0.9272377490997314,0.5724869966506958,0.0,0.0,0.9856414198875427,0.5898743271827698,0.9778884649276733,0.6617972254753113,0.9424619078636169,0.669458270072937,0.0,0.0,0.9313409924507141,0.8463078737258911,0.0,0.0,0.0,0.0
person_nn_210.jpg,0.9918200373649597,0.3578695058822632,0.0,0.0,0.9844973087310791,0.3437761068344116,0.0,0.0,0.9626993536949158,0.34877678751945496,0.0,0.0,0.9356129169464111,0.4400891661643982,0.0,0.0,0.929609477519989,0.5788297653198242,0.0,0.0,0.9888365864753723,0.5923567414283752,0.9788139462471008,0.6643154621124268,0.9399509429931641,0.6724950671195984,0.0,0.0,0.9272876381874084,0.8465706706047058,0.0,0.0,0.0,0.0
person_nn_211.jpg,0.820275604724884,0.322894424200058,0.82818204164505,0.31006598472595215,0.8112508654594421,0.3083208501338959,0.0,0.0,0.7929197549819946,0.29534780979156494,0.8529754281044006,0.3607581853866577,0.7768975496292114,0.3388373851776123,0.8820639252662659,0.4771125912666321,0.7419853210449219,0.41993558406829834,0.8699607849121094,0.5751462578773499,0.7449012398719788,0.512320876121521,0.8381439447402954,0.5716678500175476,0.7883017659187317,0.5585979223251343,0.8238118886947632,0.7277125120162964,0.7709335088729858,0.7090471386909485,0.8089340925216675,0.8609849810600281,0.7439526319503784,0.849670946598053
person_nn_212.jpg,0.9953189492225647,0.35872408747673035,0.0,0.0,0.9901348352432251,0.3451564908027649,0.0,0.0,0.9683206081390381,0.3503596782684326,0.0,0.0,0.9383537769317627,0.44113001227378845,0.0,0.0,0.9300314784049988,0.5701853036880493,0.0,0.0,0.9846475124359131,0.5963881015777588,0.974722146987915,0.6697341203689575,0.943159282207489,0.6758888363838196,0.0,0.0,0.9308218359947205,0.841279149055481,0.0,0.0,0.0,0.0
person_nn_213.jpg,0.8136454224586487,0.338730126619339,0.825032114982605,0.324299693107605,0.8044047951698303,0.3210850656032562,0.8408089280128479,0.3134252429008484,0.789181113243103,0.3043608069419861,0.8501777052879333,0.3843267560005188,0.7700542211532593,0.35358676314353943,0.8680596947669983,0.5088059902191162,0.7277173399925232,0.43041136860847473,0.8529444932937622,0.6344379782676697,0.7247583866119385,0.5281209349632263,0.809614360332489,0.5809578895568848,0.7651703357696533,0.5633255839347839,0.7753145694732666,0.7227604985237122,0.7651304006576538,0.705305814743042,0.7378770709037781,0.8398145437240601,0.7645211219787598,0.8329629898071289
person_nn_214.jpg,0.8039767742156982,0.34803465008735657,0.8170322179794312,0.33385100960731506,0.7959599494934082,0.3257836103439331,0.8329124450683594,0.32450515031814575,0.7797104716300964,0.3046156167984009,0.8394965529441833,0.40056541562080383,0.7563496828079224,0.35598766803741455,0.8464699387550354,0.5262718796730042,0.714410662651062,0.43729308247566223,0.8421944379806519,0.6311261653900146,0.6987946033477783,0.5332563519477844,0.7921268939971924,0.5827983021736145,0.7418699264526367,0.5564512610435486,0.773087203502655,0.709885835647583,0.727912187576294,0.6704459190368652,0.7506169080734253,0.790786862373352,0.73922199010849,0.7591197490692139
person_nn_215.jpg,0.0,0.0,0.0,0.0,0.9882755279541016,0.34505125880241394,0.0,0.0,0.9689064621925354,0.34597745537757874,0.0,0.0,0.9409970045089722,0.43601614236831665,0.0,0.0,0.9272541999816895,0.5605937242507935,0.0,0.0,0.9826865792274475,0.6014223694801331,0.9719431400299072,0.6487656831741333,0.9381482601165771,0.6539320349693298,0.0,0.0,0.9207674264907837,0.8192518949508667,0.0,0.0,0.8971554636955261,0.9540514349937439
person_nn_216.jpg,0.8039767742156982,0.34803465008735657,0.8170322179794312,0.33385100960731506,0.7959599494934082,0.3257836103439331,0.8329124450683594,0.32450515031814575,0.7797104716300964,0.3046156167984009,0.8394965529441833,0.40056541562080383,0.7563496828079224,0.35598766803741455,0.8464699387550354,0.5262718796730042,0.714410662651062,0.43729308247566223,0.8421944379806519,0.6311261653900146,0.6987946033477783,0.5332563519477844,0.7921268939971924,0.5827983021736145,0.7418699264526367,0.5564512610435486,0.773087203502655,0.709885835647583,0.727912187576294,0.6704459190368652,0.7506169080734253,0.790786862373352,0.73922199010849,0.7591197490692139
person_nn_217.jpg,0.0,0.0,0.0,0.0,0.9882755279541016,0.34505125880241394,0.0,0.0,0.9689064621925354,0.34597745537757874,0.0,0.0,0.9409970045089722,0.43601614236831665,0.0,0.0,0.9272541999816895,0.5605937242507935,0.0,0.0,0.9826865792274475,0.6014223694801331,0.9719431400299072,0.6487656831741333,0.9381482601165771,0.6539320349693298,0.0,0.0,0.9207674264907837,0.8192518949508667,0.0,0.0,0.8971554636955261,0.9540514349937439
person_nn_218.jpg,0.7906738519668579,0.35917147994041443,0.8016247153282166,0.34653881192207336,0.7814713716506958,0.3411980867385864,0.817332923412323,0.3405435085296631,0.7640153169631958,0.32613906264305115,0.8296957015991211,0.4247989356517792,0.7364650368690491,0.3747613728046417,0.8525343537330627,0.5580848455429077,0.693257212638855,0.4374944567680359,0.866325855255127,0.6767151951789856,0.687009871006012,0.5422680974006653,0.7745362520217896,0.6017000079154968,0.7170226573944092,0.5762032866477966,0.760436475276947,0.7259752750396729,0.695341944694519,0.6942554116249084,0.7460310459136963,0.810594916343689,0.7016416192054749,0.787275493144989
person_nn_219.jpg,0.9933284521102905,0.35336825251579285,0.0,0.0,0.9881603121757507,0.33913812041282654,0.0,0.0,0.9708651304244995,0.3394869565963745,0.0,0.0,0.9425720572471619,0.4235844016075134,0.0,0.0,0.9300919771194458,0.5569857954978943,0.0,0.0,0.9844542145729065,0.5947218537330627,0.9773070812225342,0.6501942873001099,0.9382871389389038,0.6514865756034851,0.9707216024398804,0.826444685459137,0.9195311665534973,0.8244197368621826,0.0,0.0,0.9030802249908447,0.9613474607467651
person_nn_220.jpg,0.7646596431732178,0.3818676173686981,0.7769378423690796,0.3659427762031555,0.7554943561553955,0.36344993114471436,0.7958518862724304,0.35797128081321716,0.7408846616744995,0.34799081087112427,0.8014443516731262,0.4327149987220764,0.7120744585990906,0.3986909091472626,0.8435639142990112,0.5613722801208496,0.6744452714920044,0.459710031747818,0.8675011396408081,0.6881554126739502,0.6614109873771667,0.5239066481590271,0.7625664472579956,0.6225089430809021,0.7023102641105652,0.6111257076263428,0.7656263709068298,0.7392453551292419,0.6710075736045837,0.7546818256378174,0.7487417459487915,0.8221811652183533,0.6362777948379517,0.8707459568977356
person_nn_221.jpg,0.0,0.0,0.0,0.0,0.0,0.0,0.0,0.0,0.9812840819358826,0.32521453499794006,0.0,0.0,0.947163462638855,0.39194950461387634,0.0,0.0,0.9242904186248779,0.5398642420768738,0.0,0.0,0.9761613011360168,0.5880399346351624,0.968340277671814,0.6423441767692566,0.9390241503715515,0.6452057361602783,0.0,0.0,0.9181785583496094,0.8367506265640259,0.0,0.0,0.9031446576118469,0.9763792753219604
person_nn_222.jpg,0.7254680395126343,0.40637388825416565,0.7386620044708252,0.39126357436180115,0.7178159356117249,0.387344092130661,0.7626023292541504,0.3818110525608063,0.7082355618476868,0.36875608563423157,0.7704833149909973,0.4501141309738159,0.6747326254844666,0.431027889251709,0.8257659673690796,0.587428867816925,0.6415762901306152,0.517648458480835,0.8509994149208069,0.7213566303253174,0.6612175107002258,0.5533699989318848,0.7421980500221252,0.6401253938674927,0.6777499914169312,0.6397756934165955,0.7538533210754395,0.7487638592720032,0.6495051980018616,0.7840678691864014,0.7452017068862915,0.823789119720459,0.6145913600921631,0.8881306052207947
person_nn_223.jpg,0.0,0.0,0.0,0.0,0.0,0.0,0.0,0.0,0.9794012904167175,0.3193598985671997,0.0,0.0,0.9385691285133362,0.3822377622127533,0.0,0.0,0.9156894683837891,0.529729962348938,0.0,0.0,0.9703570604324341,0.5820056200027466,0.971050500869751,0.6328427791595459,0.9290005564689636,0.632832944393158,0.9601233601570129,0.8400101661682129,0.9053253531455994,0.8377499580383301,0.0,0.0,0.8853451609611511,0.9614312648773193
person_nn_224.jpg,0.6865454912185669,0.421985000371933,0.6999683976173401,0.4046935439109802,0.6778396964073181,0.40472671389579773,0.7279864549636841,0.3981344401836395,0.0,0.0,0.741133451461792,0.4738911986351013,0.6446521878242493,0.4593462646007538,0.8009425401687622,0.6282622814178467,0.6148202419281006,0.5398256182670593,0.8070551753044128,0.7643552422523499,0.6157078742980957,0.5806571841239929,0.7105542421340942,0.6621816754341125,0.6460022926330566,0.6635249257087708,0.7220240235328674,0.7822782397270203,0.6227854490280151,0.8232355117797852,0.7368887066841125,0.8234697580337524,0.6074500679969788,0.895531415939331
person_nn_225.jpg,0.0,0.0,0.0,0.0,0.0,0.0,0.0,0.0,0.9779641628265381,0.3107070326805115,0.0,0.0,0.9426933526992798,0.37664994597435,0.0,0.0,0.9147970080375671,0.5222958326339722,0.0,0.0,0.9736600518226624,0.5669976472854614,0.966433584690094,0.601894736289978,0.9307786226272583,0.6049009561538696,0.9546065926551819,0.7613343000411987,0.9056335091590881,0.761894941329956,0.0,0.0,0.8795465230941772,0.8451849222183228
person_nn_226.jpg,0.6865454912185669,0.421985000371933,0.6999683976173401,0.4046935439109802,0.6778396964073181,0.40472671389579773,0.7279864549636841,0.3981344401836395,0.0,0.0,0.741133451461792,0.4738911986351013,0.6446521878242493,0.4593462646007538,0.8009425401687622,0.6282622814178467,0.6148202419281006,0.5398256182670593,0.8070551753044128,0.7643552422523499,0.6157078742980957,0.5806571841239929,0.7105542421340942,0.6621816754341125,0.6460022926330566,0.6635249257087708,0.7220240235328674,0.7822782397270203,0.6227854490280151,0.8232355117797852,0.7368887066841125,0.8234697580337524,0.6074500679969788,0.895531415939331
person_nn_227.jpg,0.0,0.0,0.0,0.0,0.0,0.0,0.0,0.0,0.9779641628265381,0.3107070326805115,0.0,0.0,0.9426933526992798,0.37664994597435,0.0,0.0,0.9147970080375671,0.5222958326339722,0.0,0.0,0.9736600518226624,0.5669976472854614,0.966433584690094,0.601894736289978,0.9307786226272583,0.6049009561538696,0.9546065926551819,0.7613343000411987,0.9056335091590881,0.761894941329956,0.0,0.0,0.8795465230941772,0.8451849222183228
person_nn_228.jpg,0.6582747101783752,0.43765008449554443,0.6715528964996338,0.41875916719436646,0.6486400961875916,0.4187791645526886,0.6995416283607483,0.40942102670669556,0.0,0.0,0.7190771698951721,0.4931211471557617,0.6261031031608582,0.46298521757125854,0.762488842010498,0.642539381980896,0.6014552116394043,0.5309526324272156,0.737982988357544,0.7609034776687622,0.5869519114494324,0.6289874315261841,0.688056230545044,0.7028201222419739,0.6262145638465881,0.6912094950675964,0.689682126045227,0.8451576232910156,0.6070711612701416,0.8526203632354736,0.704664945602417,0.8613832592964172,0.6082534193992615,0.9010121822357178
person_nn_229.jpg,0.0,0.0,0.0,0.0,0.9928969740867615,0.31621837615966797,0.0,0.0,0.972956657409668,0.3179343342781067,0.0,0.0,0.9358242750167847,0.3941476047039032,0.0,0.0,0.9121351838111877,0.5137407183647156,0.0,0.0,0.9683877229690552,0.5666857361793518,0.9606996774673462,0.6031696796417236,0.9228560924530029,0.6037434935569763,0.9396683573722839,0.7666338682174683,0.904967725276947,0.763821542263031,0.0,0.0,0.8696222305297852,0.8833209276199341
person_nn_230.jpg,0.635768711566925,0.4561198353767395,0.6486251354217529,0.43798473477363586,0.6269795298576355,0.4356745779514313,0.6740831136703491,0.4248237609863281,0.6186764240264893,0.41907748579978943,0.7016629576683044,0.5086185932159424,0.6057456731796265,0.48174139857292175,0.729003369808197,0.6471969485282898,0.5655146837234497,0.5807503461837769,0.6911643743515015,0.7669243812561035,0.5479791164398193,0.7022159099578857,0.6665551066398621,0.7440701723098755,0.6076698303222656,0.724707841873169,0.6522191166877747,0.8871604204177856,0.6001936793327332,0.855426549911499,0.6411144137382507,0.9406915307044983,0.6167992353439331,0.9120066165924072
person_nn_231.jpg,0.0,0.0,0.0,0.0,0.9942521452903748,0.30991944670677185,0.0,0.0,0.975067675113678,0.31392791867256165,0.0,0.0,0.9374253749847412,0.39261147379875183,0.0,0.0,0.9118551015853882,0.5067746639251709,0.0,0.0,0.9682390093803406,0.5526987314224243,0.9598066806793213,0.6056018471717834,0.9253974556922913,0.6038029789924622,0.9424659013748169,0.7673720717430115,0.9018587470054626,0.7620925903320312,0.900876522064209,0.8859883546829224,0.8709278702735901,0.8809078931808472
person_nn_232.jpg,0.6182899475097656,0.49177566170692444,0.6321226358413696,0.47376328706741333,0.6077320575714111,0.47053635120391846,0.6568971872329712,0.45710790157318115,0.5958796143531799,0.45061761140823364,0.6877901554107666,0.5317012071609497,0.5763567686080933,0.5132848024368286,0.7233753800392151,0.6777621507644653,0.5362016558647156,0.6407591104507446,0.6889437437057495,0.7914512753486633,0.5247983932495117,0.7783611416816711,0.6523042321205139,0.7751375436782837,0.5875664353370667,0.7599669098854065,0.6111708879470825,0.9445317387580872,0.5860118865966797,0.9206535816192627,0.0,0.0,0.0,0.0
person_nn_233.jpg,0.0,0.0,0.0,0.0,0.9946034550666809,0.30716538429260254,0.0,0.0,0.9758739471435547,0.31125500798225403,0.0,0.0,0.9393717646598816,0.38767650723457336,0.0,0.0,0.9137565493583679,0.5005428194999695,0.0,0.0,0.9668540954589844,0.5502499341964722,0.9628593325614929,0.6033416986465454,0.929344654083252,0.603022038936615,0.9417276978492737,0.7535692453384399,0.9056228399276733,0.7560772895812988,0.0,0.0,0.8759721517562866,0.8878113031387329
person_nn_234.jpg,0.6025277376174927,0.542903482913971,0.6168567538261414,0.5235122442245483,0.5910482406616211,0.5200870037078857,0.6416252851486206,0.5037837028503418,0.5781394243240356,0.49753665924072266,0.6703165173530579,0.5757888555526733,0.5579403042793274,0.5663030743598938,0.7124056220054626,0.7176215648651123,0.5106247067451477,0.6980218887329102,0.6824756264686584,0.8384622931480408,0.5008665919303894,0.8440319895744324,0.6374509334564209,0.8028652667999268,0.5771235823631287,0.7937458753585815,0.593435525894165,0.9576650261878967,0.5896061658859253,0.9425477981567383,0.0,0.0,0.0,0.0
person_nn_235.jpg,0.0,0.0,0.0,0.0,0.0,0.0,0.0,0.0,0.9831667542457581,0.31348589062690735,0.0,0.0,0.9441541433334351,0.3868348002433777,0.0,0.0,0.9186985492706299,0.5013689994812012,0.0,0.0,0.9724913239479065,0.5491206049919128,0.9637678265571594,0.6125499606132507,0.9321795105934143,0.610217273235321,0.9399411678314209,0.7707602381706238,0.9028733968734741,0.7696380019187927,0.0,0.0,0.8758341670036316,0.897067129611969
person_nn_236.jpg,0.591091513633728,0.6066184043884277,0.6058910489082336,0.5888498425483704,0.5809714198112488,0.5834154486656189,0.6322203874588013,0.5687652826309204,0.5701268315315247,0.5580568909645081,0.6655206084251404,0.6389723420143127,0.5392268896102905,0.6257959604263306,0.6974397897720337,0.7851832509040833,0.4941040873527527,0.7662639617919922,0.6782075762748718,0.9063540697097778,0.48001617193222046,0.9225051999092102,0.6361607313156128,0.9134615063667297,0.5627915859222412,0.9049496650695801,0.0,0.0,0.0,0.0,0.0,0.0,0.0,0.0
person_nn_237.jpg,0.0,0.0,0.0,0.0,0.0,0.0,0.0,0.0,0.9836475849151611,0.318141371011734,0.0,0.0,0.9481282234191895,0.39164113998413086,0.0,0.0,0.9221636652946472,0.5066656470298767,0.0,0.0,0.9726890325546265,0.5467395782470703,0.964522123336792,0.6106087565422058,0.9384159445762634,0.6096335053443909,0.9443604350090027,0.757327139377594,0.9084691405296326,0.7576643824577332,0.906426727771759,0.8687489032745361,0.8750863075256348,0.8773264288902283
person_nn_238.jpg,0.591091513633728,0.6066184043884277,0.6058910489082336,0.5888498425483704,0.5809714198112488,0.5834154486656189,0.6322203874588013,0.5687652826309204,0.5701268315315247,0.5580568909645081,0.6655206084251404,0.6389723420143127,0.5392268896102905,0.6257959604263306,0.6974397897720337,0.7851832509040833,0.4941040873527527,0.7662639617919922,0.6782075762748718,0.9063540697097778,0.48001617193222046,0.9225051999092102,0.6361607313156128,0.9134615063667297,0.5627915859222412,0.9049496650695801,0.0,0.0,0.0,0.0,0.0,0.0,0.0,0.0
person_nn_239.jpg,0.0,0.0,0.0,0.0,0.0,0.0,0.0,0.0,0.9836475849151611,0.318141371011734,0.0,0.0,0.9481282234191895,0.39164113998413086,0.0,0.0,0.9221636652946472,0.5066656470298767,0.0,0.0,0.9726890325546265,0.5467395782470703,0.964522123336792,0.6106087565422058,0.9384159445762634,0.6096335053443909,0.9443604350090027,0.757327139377594,0.9084691405296326,0.7576643824577332,0.906426727771759,0.8687489032745361,0.8750863075256348,0.8773264288902283
person_nn_240.jpg,0.5819074511528015,0.6648380756378174,0.5968142151832581,0.6488118171691895,0.5718740820884705,0.6417593359947205,0.6226924657821655,0.6210511326789856,0.5584557056427002,0.6070006489753723,0.6568768620491028,0.6772717237472534,0.518944501876831,0.6621753573417664,0.67607182264328,0.8417526483535767,0.4710499942302704,0.8226670622825623,0.6509871482849121,0.9767202734947205,0.46264538168907166,0.9724944233894348,0.6226702332496643,0.9638139605522156,0.5357698202133179,0.9540343284606934,0.0,0.0,0.0,0.0,0.0,0.0,0.0,0.0
person_nn_241.jpg,0.0,0.0,0.0,0.0,0.0,0.0,0.0,0.0,0.9836785793304443,0.32843053340911865,0.0,0.0,0.9508559703826904,0.3947846591472626,0.0,0.0,0.9237602949142456,0.5071662664413452,0.0,0.0,0.9703019261360168,0.5576841831207275,0.9632948040962219,0.6150386929512024,0.9397411942481995,0.6129847764968872,0.9413400292396545,0.7687879204750061,0.9122910499572754,0.7672803997993469,0.0,0.0,0.8804926872253418,0.8891146779060364
person_nn_242.jpg,0.5822064876556396,0.7078388929367065,0.5951122641563416,0.6911463141441345,0.569793701171875,0.6882808804512024,0.0,0.0,0.5464509725570679,0.6459031105041504,0.6491456627845764,0.6926770806312561,0.5088644623756409,0.6783308386802673,0.6629040837287903,0.8834112286567688,0.4638798236846924,0.8490805625915527,0.6370225548744202,0.9998950362205505,0.45404061675071716,0.9901323318481445,0.6222427487373352,0.9474158883094788,0.5317190885543823,0.9387617111206055,0.0,0.0,0.0,0.0,0.0,0.0,0.0,0.0
person_nn_243.jpg,0.0,0.0,0.0,0.0,0.0,0.0,0.0,0.0,0.0,0.0,0.0,0.0,0.9505429267883301,0.39264675974845886,0.0,0.0,0.9235876798629761,0.5043157935142517,0.0,0.0,0.9690446257591248,0.5609011054039001,0.9657557010650635,0.5950239300727844,0.9356250166893005,0.5896655321121216,0.9435535073280334,0.7335036396980286,0.9057697057723999,0.7253978252410889,0.9092560410499573,0.8594917058944702,0.877777636051178,0.858058750629425
person_nn_244.jpg,0.5786475539207458,0.7707313895225525,0.592948317527771,0.7528275847434998,0.565494954586029,0.7509859204292297,0.0,0.0,0.5373085737228394,0.6966645121574402,0.6458237171173096,0.729425847530365,0.48721909523010254,0.7258300185203552,0.6608642935752869,0.9036865234375,0.44736307859420776,0.8951156735420227,0.6514427065849304,1.0,0.44836509227752686,0.9936815500259399,0.0,0.0,0.0,0.0,0.0,0.0,0.0,0.0,0.0,0.0,0.0,0.0
person_nn_245.jpg,0.0,0.0,0.0,0.0,0.0,0.0,0.0,0.0,0.9789727926254272,0.3508435785770416,0.0,0.0,0.9466635584831238,0.3961294889450073,0.0,0.0,0.917447566986084,0.4984438121318817,0.0,0.0,0.9495919346809387,0.5553685426712036,0.9699379801750183,0.605564296245575,0.9368991851806641,0.5986377596855164,0.9468275308609009,0.7531540989875793,0.9068424701690674,0.7457646131515503,0.0,0.0,0.877528190612793,0.8820363283157349
person_nn_246.jpg,0.5767599940299988,0.8394180536270142,0.5906654596328735,0.8190116882324219,0.5629392266273499,0.8182633519172668,0.0,0.0,0.5341551899909973,0.7758063673973083,0.6466646194458008,0.8130552768707275,0.4788467586040497,0.8080492615699768,0.6604481339454651,0.9766920208930969,0.0,0.0,0.0,0.0,0.0,0.0,0.0,0.0,0.0,0.0,0.0,0.0,0.0,0.0,0.0,0.0,0.0,0.0
person_nn_247.jpg,0.0,0.0,0.0,0.0,0.0,0.0,0.0,0.0,0.9822469353675842,0.3403298556804657,0.0,0.0,0.942449688911438,0.4076331853866577,0.0,0.0,0.9105170369148254,0.5092248320579529,0.0,0.0,0.951073169708252,0.5683272480964661,0.9741479754447937,0.6228271126747131,0.9369539618492126,0.6170222759246826,0.0,0.0,0.9024225473403931,0.7625376582145691,0.0,0.0,0.8748856782913208,0.8937917947769165
person_nn_248.jpg,0.5767599940299988,0.8394180536270142,0.5906654596328735,0.8190116882324219,0.5629392266273499,0.8182633519172668,0.0,0.0,0.5341551899909973,0.7758063673973083,0.6466646194458008,0.8130552768707275,0.4788467586040497,0.8080492615699768,0.6604481339454651,0.9766920208930969,0.0,0.0,0.0,0.0,0.0,0.0,0.0,0.0,0.0,0.0,0.0,0.0,0.0,0.0,0.0,0.0,0.0,0.0
person_nn_249.jpg,0.0,0.0,0.0,0.0,0.0,0.0,0.0,0.0,0.9822469353675842,0.3403298556804657,0.0,0.0,0.942449688911438,0.4076331853866577,0.0,0.0,0.9105170369148254,0.5092248320579529,0.0,0.0,0.951073169708252,0.5683272480964661,0.9741479754447937,0.6228271126747131,0.9369539618492126,0.6170222759246826,0.0,0.0,0.9024225473403931,0.7625376582145691,0.0,0.0,0.8748856782913208,0.8937917947769165
person_nn_250.jpg,0.0,0.0,0.0,0.0,0.0,0.0,0.0,0.0,0.9777236580848694,0.3558076322078705,0.0,0.0,0.9343736171722412,0.42186683416366577,0.0,0.0,0.9028263092041016,0.5249043107032776,0.0,0.0,0.9518526792526245,0.5908651947975159,0.9795028567314148,0.6490985155105591,0.9368658661842346,0.6470859050750732,0.0,0.0,0.9128289818763733,0.8001774549484253,0.0,0.0,0.8881157040596008,0.8913459181785583
person_nn_251.jpg,0.0,0.0,0.0,0.0,0.9932596683502197,0.3729439079761505,0.0,0.0,0.9709615111351013,0.3659575879573822,0.0,0.0,0.9303069710731506,0.42323124408721924,0.0,0.0,0.8995690941810608,0.5273458957672119,0.0,0.0,0.9341444373130798,0.5947570204734802,0.977949321269989,0.6553524136543274,0.9287797212600708,0.6468126177787781,0.0,0.0,0.9073240756988525,0.7956218719482422,0.0,0.0,0.8878700733184814,0.8475242853164673
person_nn_252.jpg,0.9922938942909241,0.40517425537109375,0.0,0.0,0.9862523674964905,0.3876274526119232,0.0,0.0,0.9630500078201294,0.3747692406177521,0.0,0.0,0.9213548302650452,0.433449923992157,0.0,0.0,0.8865708112716675,0.538555920124054,0.0,0.0,0.9231235384941101,0.6001418828964233,0.9660390019416809,0.6589680910110474,0.9119358062744141,0.6484262347221375,0.0,0.0,0.8839428424835205,0.8015159964561462,0.0,0.0,0.0,0.0
person_nn_253.jpg,0.9951795339584351,0.402038037776947,0.0,0.0,0.9886091351509094,0.38669881224632263,0.0,0.0,0.9650452136993408,0.38239070773124695,0.0,0.0,0.9223125576972961,0.4439842104911804,0.0,0.0,0.8856616616249084,0.5519258975982666,0.0,0.0,0.9253385066986084,0.6283310651779175,0.9699486494064331,0.6567956805229187,0.913748562335968,0.6491319537162781,0.0,0.0,0.8774183392524719,0.7767687439918518,0.0,0.0,0.8712385296821594,0.8813167214393616
person_nn_254.jpg,0.9951795339584351,0.402038037776947,0.0,0.0,0.9886091351509094,0.38669881224632263,0.0,0.0,0.9650452136993408,0.38239070773124695,0.0,0.0,0.9223125576972961,0.4439842104911804,0.0,0.0,0.8856616616249084,0.5519258975982666,0.0,0.0,0.9253385066986084,0.6283310651779175,0.9699486494064331,0.6567956805229187,0.913748562335968,0.6491319537162781,0.0,0.0,0.8774183392524719,0.7767687439918518,0.0,0.0,0.8712385296821594,0.8813167214393616
person_nn_255.jpg,1.0,0.4035339653491974,0.0,0.0,0.9922763705253601,0.38977986574172974,0.0,0.0,0.9649723172187805,0.4017219841480255,0.0,0.0,0.9190019369125366,0.4750921130180359,0.0,0.0,0.8877838850021362,0.5894416570663452,0.0,0.0,0.9368816614151001,0.64702969789505,0.9622237682342529,0.6703678369522095,0.9098100066184998,0.6683615446090698,0.0,0.0,0.8778131008148193,0.7779713273048401,0.0,0.0,0.0,0.0
person_nn_256.jpg,0.0,0.0,0.0,0.0,0.0,0.0,0.14728723466396332,0.8557977080345154,0.2443951964378357,0.8563178777694702,0.10335132479667664,0.9720216989517212,0.31049278378486633,0.972013533115387,0.0,0.0,0.0,0.0,0.0,0.0,0.0,0.0,0.0,0.0,0.0,0.0,0.0,0.0,0.0,0.0,0.0,0.0,0.0,0.0
person_nn_257.jpg,0.0,0.0,0.0,0.0,0.9946953058242798,0.41896846890449524,0.0,0.0,0.9696639776229858,0.4269697070121765,0.0,0.0,0.9235634803771973,0.4957476854324341,0.0,0.0,0.8875163793563843,0.6159286499023438,0.0,0.0,0.9384092092514038,0.6853973269462585,0.9634599089622498,0.6970332860946655,0.9126057624816895,0.6944540143013,0.0,0.0,0.8693232536315918,0.8212836384773254,0.0,0.0,0.0,0.0
person_nn_258.jpg,0.0,0.0,0.0,0.0,0.0,0.0,0.1731066256761551,0.7905316948890686,0.263484925031662,0.7926924824714661,0.1311100274324417,0.9217104315757751,0.3260559141635895,0.926054060459137,0.0,0.0,0.0,0.0,0.0,0.0,0.0,0.0,0.0,0.0,0.0,0.0,0.0,0.0,0.0,0.0,0.0,0.0,0.0,0.0
person_nn_259.jpg,0.0,0.0,0.0,0.0,0.9973195195198059,0.4516429007053375,0.0,0.0,0.9733725190162659,0.4459312856197357,0.0,0.0,0.9279822707176208,0.5068802237510681,0.0,0.0,0.8934649229049683,0.6447509527206421,0.0,0.0,0.941019594669342,0.7285931706428528,0.9601395726203918,0.7092029452323914,0.9126783609390259,0.7082239389419556,0.0,0.0,0.8709269165992737,0.8521507382392883,0.0,0.0,0.0,0.0
person_nn_260.jpg,0.0,0.0,0.0,0.0,0.0,0.0,0.1873941570520401,0.7382180094718933,0.2778104841709137,0.738569438457489,0.1471448540687561,0.8779569268226624,0.3348146080970764,0.8835241794586182,0.0,0.0,0.0,0.0,0.0,0.0,0.0,0.0,0.0,0.0,0.0,0.0,0.0,0.0,0.0,0.0,0.0,0.0,0.0,0.0
person_nn_261.jpg,0.0,0.0,0.0,0.0,0.0,0.0,0.0,0.0,0.2830001711845398,0.7036750316619873,0.16243544220924377,0.8243296146392822,0.33881187438964844,0.8465294241905212,0.0,0.0,0.0,0.0,0.0,0.0,0.0,0.0,0.0,0.0,0.0,0.0,0.0,0.0,0.0,0.0,0.0,0.0,0.0,0.0
person_nn_262.jpg,0.0,0.0,0.0,0.0,0.0,0.0,0.0,0.0,0.9772159457206726,0.5069040060043335,0.0,0.0,0.9292130470275879,0.5894361138343811,0.0,0.0,0.8901558518409729,0.7411112189292908,0.0,0.0,0.8743290305137634,0.8879382610321045,0.0,0.0,0.9388329982757568,0.859531581401825,0.0,0.0,0.0,0.0,0.0,0.0,0.0,0.0
person_nn_263.jpg,0.0,0.0,0.0,0.0,0.0,0.0,0.0,0.0,0.2830001711845398,0.7036750316619873,0.16243544220924377,0.8243296146392822,0.33881187438964844,0.8465294241905212,0.0,0.0,0.0,0.0,0.0,0.0,0.0,0.0,0.0,0.0,0.0,0.0,0.0,0.0,0.0,0.0,0.0,0.0,0.0,0.0
person_nn_264.jpg,0.0,0.0,0.0,0.0,0.0,0.0,0.0,0.0,0.9772159457206726,0.5069040060043335,0.0,0.0,0.9292130470275879,0.5894361138343811,0.0,0.0,0.8901558518409729,0.7411112189292908,0.0,0.0,0.8743290305137634,0.8879382610321045,0.0,0.0,0.9388329982757568,0.859531581401825,0.0,0.0,0.0,0.0,0.0,0.0,0.0,0.0
person_nn_265.jpg,0.0,0.0,0.0,0.0,0.0,0.0,0.0,0.0,0.29879727959632874,0.6615018844604492,0.17362399399280548,0.7823683023452759,0.3434361517429352,0.8045924305915833,0.0,0.0,0.39735469222068787,0.946044921875,0.0,0.0,0.0,0.0,0.0,0.0,0.0,0.0,0.0,0.0,0.0,0.0,0.0,0.0,0.0,0.0
person_nn_266.jpg,0.0,0.0,0.0,0.0,0.0,0.0,0.0,0.0,0.9784647822380066,0.5467962026596069,0.0,0.0,0.9394114017486572,0.6074831485748291,0.0,0.0,0.8925513029098511,0.7709522247314453,0.0,0.0,0.9207084774971008,0.8859906792640686,0.0,0.0,0.9534923434257507,0.8965304493904114,0.0,0.0,0.0,0.0,0.0,0.0,0.0,0.0
person_nn_267.jpg,0.0,0.0,0.0,0.0,0.0,0.0,0.0,0.0,0.30669885873794556,0.6292061805725098,0.19932901859283447,0.7437527179718018,0.3521408438682556,0.7751352190971375,0.0,0.0,0.4106139540672302,0.9618465900421143,0.0,0.0,0.0,0.0,0.0,0.0,0.0,0.0,0.0,0.0,0.0,0.0,0.0,0.0,0.0,0.0
person_nn_268.jpg,0.0,0.0,0.0,0.0,0.9953866600990295,0.5948403477668762,0.0,0.0,0.9695621728897095,0.600630521774292,0.0,0.0,0.9180182218551636,0.6877133250236511,0.0,0.0,0.8829417824745178,0.8591278195381165,0.0,0.0,0.9333308935165405,0.9506508111953735,0.0,0.0,0.0,0.0,0.0,0.0,0.0,0.0,0.0,0.0,0.0,0.0
person_nn_269.jpg,0.0,0.0,0.0,0.0,0.0,0.0,0.0,0.0,0.3125312030315399,0.5975081920623779,0.2117985188961029,0.7118605375289917,0.35200101137161255,0.7370170950889587,0.2029552310705185,0.8756506443023682,0.414675772190094,0.9214560985565186,0.0,0.0,0.0,0.0,0.0,0.0,0.0,0.0,0.0,0.0,0.0,0.0,0.0,0.0,0.0,0.0
person_nn_270.jpg,0.0,0.0,0.0,0.0,0.0,0.0,0.0,0.0,0.9723070859909058,0.6404553055763245,0.0,0.0,0.9129323959350586,0.7259656190872192,0.0,0.0,0.8811289668083191,0.9407560229301453,0.0,0.0,0.0,0.0,0.0,0.0,0.0,0.0,0.0,0.0,0.0,0.0,0.0,0.0,0.0,0.0
person_nn_271.jpg,0.34542661905288696,0.52812659740448,0.0,0.0,0.3373745381832123,0.5143753886222839,0.0,0.0,0.3150434195995331,0.5523536205291748,0.2294277548789978,0.661201536655426,0.3546312153339386,0.6820335984230042,0.21550056338310242,0.8472257852554321,0.41164031624794006,0.8924859762191772,0.0,0.0,0.4355761408805847,0.9162189960479736,0.0,0.0,0.36897316575050354,0.9889136552810669,0.0,0.0,0.0,0.0,0.0,0.0,0.0,0.0
person_nn_272.jpg,0.34542661905288696,0.52812659740448,0.0,0.0,0.3373745381832123,0.5143753886222839,0.0,0.0,0.3150434195995331,0.5523536205291748,0.2294277548789978,0.661201536655426,0.3546312153339386,0.6820335984230042,0.21550056338310242,0.8472257852554321,0.41164031624794006,0.8924859762191772,0.0,0.0,0.4355761408805847,0.9162189960479736,0.0,0.0,0.36897316575050354,0.9889136552810669,0.0,0.0,0.0,0.0,0.0,0.0,0.0,0.0
person_nn_273.jpg,0.35645386576652527,0.48774394392967224,0.0,0.0,0.3455849587917328,0.47674351930618286,0.0,0.0,0.3176713287830353,0.5190951824188232,0.2366155982017517,0.6232631206512451,0.35790643095970154,0.6472861170768738,0.22246474027633667,0.7988284230232239,0.4102225601673126,0.8407872319221497,0.0,0.0,0.4502924382686615,0.9184171557426453,0.2740907371044159,0.9635277390480042,0.3558593690395355,0.9763612747192383,0.0,0.0,0.0,0.0,0.0,0.0,0.0,0.0
person_nn_274.jpg,0.370488703250885,0.4696381092071533,0.0,0.0,0.3583727478981018,0.45622628927230835,0.0,0.0,0.3270668387413025,0.49201980233192444,0.25235146284103394,0.5914033055305481,0.36319226026535034,0.616288423538208,0.23001393675804138,0.7610180377960205,0.41216257214546204,0.8159077167510986,0.0,0.0,0.46335917711257935,0.8913926482200623,0.2951555848121643,0.9471814036369324,0.3677663207054138,0.9630216360092163,0.0,0.0,0.0,0.0,0.0,0.0,0.0,0.0
person_nn_275.jpg,0.3842165470123291,0.4524339437484741,0.0,0.0,0.37086376547813416,0.43713653087615967,0.0,0.0,0.3392312824726105,0.4699966013431549,0.2689942419528961,0.5610646605491638,0.3773007094860077,0.5918493866920471,0.24256600439548492,0.691868245601654,0.41139477491378784,0.7794504761695862,0.2977064251899719,0.7336133718490601,0.45741474628448486,0.8753466606140137,0.29533591866493225,0.9140002727508545,0.37232083082199097,0.9265767335891724,0.0,0.0,0.0,0.0,0.0,0.0,0.0,0.0
person_nn_276.jpg,0.4036004841327667,0.43042007088661194,0.0,0.0,0.3889096677303314,0.41533994674682617,0.0,0.0,0.3568718731403351,0.45469534397125244,0.2887599468231201,0.5447960495948792,0.38876810669898987,0.5780242681503296,0.26674652099609375,0.6861593127250671,0.42452290654182434,0.7770056128501892,0.0,0.0,0.46220940351486206,0.857131838798523,0.3093965947628021,0.906389594078064,0.3791203796863556,0.9228807687759399,0.0,0.0,0.0,0.0,0.0,0.0,0.0,0.0
person_nn_277.jpg,0.4036004841327667,0.43042007088661194,0.0,0.0,0.3889096677303314,0.41533994674682617,0.0,0.0,0.3568718731403351,0.45469534397125244,0.2887599468231201,0.5447960495948792,0.38876810669898987,0.5780242681503296,0.26674652099609375,0.6861593127250671,0.42452290654182434,0.7770056128501892,0.0,0.0,0.46220940351486206,0.857131838798523,0.3093965947628021,0.906389594078064,0.3791203796863556,0.9228807687759399,0.0,0.0,0.0,0.0,0.0,0.0,0.0,0.0
person_nn_278.jpg,0.4221252501010895,0.42908966541290283,0.0,0.0,0.40924525260925293,0.4157393276691437,0.0,0.0,0.37915703654289246,0.4513930678367615,0.30846312642097473,0.5360081195831299,0.4073830246925354,0.5762490630149841,0.2859538197517395,0.653717577457428,0.44153523445129395,0.7665403485298157,0.0,0.0,0.47936251759529114,0.8545493483543396,0.32883787155151367,0.8764700293540955,0.39558902382850647,0.89752596616745,0.0,0.0,0.47323864698410034,0.9673302173614502,0.0,0.0,0.0,0.0
person_nn_279.jpg,0.45064637064933777,0.42950570583343506,0.0,0.0,0.4365563690662384,0.4145704209804535,0.0,0.0,0.4007599949836731,0.4456526041030884,0.3336634039878845,0.5270482897758484,0.4279591739177704,0.5679681897163391,0.0,0.0,0.4568626284599304,0.7553606629371643,0.0,0.0,0.4966283142566681,0.850802481174469,0.3581894040107727,0.8699883818626404,0.4227990508079529,0.8912237286567688,0.0,0.0,0.0,0.0,0.0,0.0,0.0,0.0
person_nn_280.jpg,0.4826579988002777,0.41297364234924316,0.0,0.0,0.4672297537326813,0.4016597270965576,0.0,0.0,0.4307272136211395,0.43773967027664185,0.3685946464538574,0.5007705688476562,0.4537700116634369,0.5597752332687378,0.33619973063468933,0.6033637523651123,0.47498229146003723,0.7343296408653259,0.0,0.0,0.5118922591209412,0.82999587059021,0.38823217153549194,0.8269134163856506,0.4429559111595154,0.8559964895248413,0.0,0.0,0.47362053394317627,0.9712056517601013,0.0,0.0,0.0,0.0
person_nn_281.jpg,0.5066040754318237,0.4016830623149872,0.0,0.0,0.49621012806892395,0.39028438925743103,0.0,0.0,0.4639853239059448,0.41788336634635925,0.40097537636756897,0.49022820591926575,0.47549203038215637,0.5369825959205627,0.37245938181877136,0.5988011956214905,0.5074842572212219,0.7053179144859314,0.0,0.0,0.535420835018158,0.8047745823860168,0.4196888506412506,0.798097550868988,0.46814650297164917,0.8210322260856628,0.42340990900993347,0.945797324180603,0.4805242717266083,0.9631116986274719,0.0,0.0,0.0,0.0
person_nn_282.jpg,0.5252822637557983,0.3953964114189148,0.0,0.0,0.5190262794494629,0.3834315538406372,0.0,0.0,0.49111291766166687,0.404857873916626,0.4192625880241394,0.48773062229156494,0.5004326105117798,0.5231302976608276,0.0,0.0,0.5323728322982788,0.6766255497932434,0.0,0.0,0.5599992275238037,0.786317765712738,0.4381081461906433,0.7773577570915222,0.4918408691883087,0.7944440841674805,0.0,0.0,0.4970596134662628,0.9455769658088684,0.0,0.0,0.0,0.0
person_nn_283.jpg,0.5252822637557983,0.3953964114189148,0.0,0.0,0.5190262794494629,0.3834315538406372,0.0,0.0,0.49111291766166687,0.404857873916626,0.4192625880241394,0.48773062229156494,0.5004326105117798,0.5231302976608276,0.0,0.0,0.5323728322982788,0.6766255497932434,0.0,0.0,0.5599992275238037,0.786317765712738,0.4381081461906433,0.7773577570915222,0.4918408691883087,0.7944440841674805,0.0,0.0,0.4970596134662628,0.9455769658088684,0.0,0.0,0.0,0.0
person_nn_284.jpg,0.5452097654342651,0.3642507791519165,0.0,0.0,0.5389411449432373,0.35179927945137024,0.0,0.0,0.5146011114120483,0.379996120929718,0.43297243118286133,0.4648127257823944,0.5258488059043884,0.508465588092804,0.0,0.0,0.5523495078086853,0.6705624461174011,0.0,0.0,0.5828277468681335,0.7592923045158386,0.4498398005962372,0.7649766206741333,0.5122917890548706,0.7848793268203735,0.0,0.0,0.5138295292854309,0.953612744808197,0.0,0.0,0.0,0.0
person_nn_285.jpg,0.5581120252609253,0.3547310531139374,0.0,0.0,0.555084228515625,0.3430185914039612,0.0,0.0,0.5363640785217285,0.3692215085029602,0.44856497645378113,0.45561572909355164,0.5455484390258789,0.4934934973716736,0.0,0.0,0.574543833732605,0.6559970378875732,0.0,0.0,0.603264331817627,0.7332203388214111,0.4634367525577545,0.7521718740463257,0.5249976515769958,0.7694282531738281,0.0,0.0,0.5223559141159058,0.9360845685005188,0.0,0.0,0.0,0.0
person_nn_286.jpg,0.0,0.0,0.0,0.0,0.5715546011924744,0.33345454931259155,0.0,0.0,0.5533023476600647,0.34886643290519714,0.4597626030445099,0.43129709362983704,0.5644713640213013,0.4765430688858032,0.0,0.0,0.6002309322357178,0.6571822166442871,0.0,0.0,0.6169614195823669,0.7157825827598572,0.4684532880783081,0.7270700931549072,0.5322219729423523,0.7480796575546265,0.5094550848007202,0.8542630076408386,0.525948166847229,0.8733154535293579,0.5467911958694458,0.9259313941001892,0.5085510611534119,0.9299495220184326
person_nn_287.jpg,0.0,0.0,0.0,0.0,0.5832253694534302,0.3215959668159485,0.0,0.0,0.5672034621238708,0.3393963873386383,0.47752827405929565,0.42273592948913574,0.5750589370727539,0.45897436141967773,0.0,0.0,0.6012504696846008,0.6080482006072998,0.0,0.0,0.626392126083374,0.7050848007202148,0.4893534183502197,0.6955155730247498,0.5479487776756287,0.716543972492218,0.5269560217857361,0.8381118774414062,0.54271399974823,0.8705392479896545,0.5553049445152283,0.9152048826217651,0.508063018321991,0.9541609883308411
person_nn_288.jpg,0.0,0.0,0.0,0.0,0.5832253694534302,0.3215959668159485,0.0,0.0,0.5672034621238708,0.3393963873386383,0.47752827405929565,0.42273592948913574,0.5750589370727539,0.45897436141967773,0.0,0.0,0.6012504696846008,0.6080482006072998,0.0,0.0,0.626392126083374,0.7050848007202148,0.4893534183502197,0.6955155730247498,0.5479487776756287,0.716543972492218,0.5269560217857361,0.8381118774414062,0.54271399974823,0.8705392479896545,0.5553049445152283,0.9152048826217651,0.508063018321991,0.9541609883308411
person_nn_289.jpg,0.0,0.0,0.0,0.0,0.0,0.0,0.0,0.0,0.5796843767166138,0.3171781301498413,0.4961279630661011,0.39938923716545105,0.5823544859886169,0.42705902457237244,0.4701847732067108,0.5270659923553467,0.6063157916069031,0.5844780206680298,0.0,0.0,0.637901782989502,0.7016859650611877,0.5060092806816101,0.6784934401512146,0.5581981539726257,0.6939421892166138,0.5364940762519836,0.8619647026062012,0.5591435432434082,0.8822159767150879,0.0,0.0,0.5145562887191772,0.9848030805587769
person_nn_290.jpg,0.0,0.0,0.0,0.0,0.6036328077316284,0.2887573540210724,0.0,0.0,0.5882827043533325,0.2980061173439026,0.50400710105896,0.37497448921203613,0.5991668701171875,0.4062941372394562,0.0,0.0,0.6196788549423218,0.5711162090301514,0.0,0.0,0.641983687877655,0.6795048713684082,0.5050510764122009,0.6471760272979736,0.5667340159416199,0.6623101830482483,0.5450301766395569,0.8027197122573853,0.5877588987350464,0.8149243593215942,0.5442373156547546,0.9376802444458008,0.5448252558708191,0.9395424127578735
person_nn_291.jpg,0.0,0.0,0.0,0.0,0.0,0.0,0.0,0.0,0.6067653298377991,0.27814480662345886,0.5208593606948853,0.35705623030662537,0.6132626533508301,0.38785436749458313,0.0,0.0,0.6299697160720825,0.5537909269332886,0.0,0.0,0.6556100845336914,0.6635866761207581,0.5179433822631836,0.6286746263504028,0.5793483257293701,0.6432798504829407,0.5586268901824951,0.7840520739555359,0.610701322555542,0.792873740196228,0.5417269468307495,0.9300820827484131,0.5711884498596191,0.9286580681800842
person_nn_292.jpg,0.9972574710845947,0.4978733956813812,0.0,0.0,0.9877691864967346,0.47853943705558777,0.0,0.0,0.9431123733520508,0.46317073702812195,0.0,0.0,0.9056150913238525,0.5541788935661316,0.0,0.0,0.9309858679771423,0.7084572315216064,0.0,0.0,0.984119176864624,0.7242256999015808,0.9591251611709595,0.7162963151931763,0.9058733582496643,0.7348034977912903,0.0,0.0,0.8629469275474548,0.8323050141334534,0.0,0.0,0.0,0.0
person_nn_293.jpg,0.0,0.0,0.0,0.0,0.0,0.0,0.0,0.0,0.6243541240692139,0.2692728638648987,0.5416566133499146,0.35077252984046936,0.6263272762298584,0.3788858950138092,0.0,0.0,0.641882061958313,0.5327361822128296,0.0,0.0,0.6673814058303833,0.6496660113334656,0.5356203317642212,0.6108217239379883,0.5965425372123718,0.6274442672729492,0.5583184957504272,0.7498336434364319,0.6317514777183533,0.778144121170044,0.5455136895179749,0.8995732665061951,0.6088079810142517,0.940126359462738
person_nn_294.jpg,0.0,0.0,0.0,0.0,0.0,0.0,0.0,0.0,0.6243541240692139,0.2692728638648987,0.5416566133499146,0.35077252984046936,0.6263272762298584,0.3788858950138092,0.0,0.0,0.641882061958313,0.5327361822128296,0.0,0.0,0.6673814058303833,0.6496660113334656,0.5356203317642212,0.6108217239379883,0.5965425372123718,0.6274442672729492,0.5583184957504272,0.7498336434364319,0.6317514777183533,0.778144121170044,0.5455136895179749,0.8995732665061951,0.6088079810142517,0.940126359462738
person_nn_295.jpg,0.0,0.0,0.0,0.0,0.0,0.0,0.0,0.0,0.6435236930847168,0.26210325956344604,0.5703544616699219,0.3497981131076813,0.6438043117523193,0.36961492896080017,0.0,0.0,0.6586244106292725,0.5120459198951721,0.0,0.0,0.6707568168640137,0.6213124394416809,0.5630441308021545,0.6008865237236023,0.6187677383422852,0.6088890433311462,0.5632832646369934,0.7414502501487732,0.6446766257286072,0.7452816367149353,0.5505568385124207,0.8883306980133057,0.6540511846542358,0.8907293677330017
person_nn_296.jpg,0.0,0.0,0.0,0.0,0.0,0.0,0.0,0.0,0.669901967048645,0.2591056823730469,0.5961331129074097,0.3451710343360901,0.6681116223335266,0.3677164316177368,0.0,0.0,0.6760543584823608,0.5171418190002441,0.0,0.0,0.6887979507446289,0.6323913931846619,0.5817546844482422,0.5927973389625549,0.6373162865638733,0.600558340549469,0.576099157333374,0.7389015555381775,0.6639000177383423,0.7402054071426392,0.5538008809089661,0.8869453072547913,0.6742138862609863,0.8812279105186462
person_nn_297.jpg,0.9742128252983093,0.4903382956981659,0.0,0.0,0.9643175005912781,0.4693630039691925,0.0,0.0,0.9246370196342468,0.4407581090927124,0.9669236540794373,0.49268361926078796,0.8741398453712463,0.5159637331962585,0.0,0.0,0.840940535068512,0.6601122617721558,0.0,0.0,0.9085084795951843,0.7089276313781738,0.9430656433105469,0.7215026617050171,0.8790992498397827,0.739101767539978,0.0,0.0,0.8840972185134888,0.7965089082717896,0.0,0.0,0.0,0.0
person_nn_298.jpg,0.0,0.0,0.0,0.0,0.0,0.0,0.0,0.0,0.6968417763710022,0.2692360579967499,0.6210214495658875,0.3508532643318176,0.6950467824935913,0.3751886487007141,0.58339524269104,0.4786664843559265,0.7030577659606934,0.5229967832565308,0.0,0.0,0.7101641893386841,0.6318843364715576,0.5993325710296631,0.5978016257286072,0.6561993956565857,0.6055781841278076,0.592983603477478,0.7390035390853882,0.6880039572715759,0.7449649572372437,0.5564829111099243,0.883828341960907,0.6846922039985657,0.884514570236206
person_nn_299.jpg,0.9664702415466309,0.48989465832710266,0.9797679781913757,0.4685229957103729,0.9539915919303894,0.459427148103714,0.0,0.0,0.9136980772018433,0.4431324899196625,0.9385283589363098,0.5258060693740845,0.8774268627166748,0.5529950261116028,0.9683992266654968,0.6437731385231018,0.8973702788352966,0.7748637795448303,0.9753459692001343,0.6666097044944763,0.9567612409591675,0.7965969443321228,0.8909096717834473,0.7415725588798523,0.8482652306556702,0.7641977071762085,0.9931620359420776,0.7557674646377563,0.9396389722824097,0.7836752533912659,0.0,0.0,0.0,0.0
person_nn_300.jpg,0.0,0.0,0.0,0.0,0.0,0.0,0.0,0.0,0.7227932214736938,0.26200369000434875,0.6477113366127014,0.33411601185798645,0.7232404351234436,0.3674352765083313,0.6079105734825134,0.4511827230453491,0.7330660223960876,0.5122852921485901,0.5998530387878418,0.5714641809463501,0.7341133952140808,0.6218352913856506,0.6362482905387878,0.5818498134613037,0.6924322247505188,0.5950145125389099,0.6218476891517639,0.7222583889961243,0.7051235437393188,0.7383859753608704,0.5738243460655212,0.8755128979682922,0.6867690086364746,0.8795196413993835
person_nn_301.jpg,0.0,0.0,0.0,0.0,0.0,0.0,0.0,0.0,0.7469167709350586,0.25334227085113525,0.6681159734725952,0.31938493251800537,0.7400953769683838,0.3548091948032379,0.6316912770271301,0.4534493386745453,0.7529622912406921,0.4946889877319336,0.6135736703872681,0.5883919596672058,0.760339617729187,0.6041333079338074,0.6481841802597046,0.5667708516120911,0.6978815793991089,0.5849795341491699,0.6480523347854614,0.6973060965538025,0.7161819338798523,0.7307096123695374,0.5993845462799072,0.8462153077125549,0.6804903745651245,0.8789221048355103
person_nn_302.jpg,0.0,0.0,0.0,0.0,0.0,0.0,0.0,0.0,0.7469167709350586,0.25334227085113525,0.6681159734725952,0.31938493251800537,0.7400953769683838,0.3548091948032379,0.6316912770271301,0.4534493386745453,0.7529622912406921,0.4946889877319336,0.6135736703872681,0.5883919596672058,0.760339617729187,0.6041333079338074,0.6481841802597046,0.5667708516120911,0.6978815793991089,0.5849795341491699,0.6480523347854614,0.6973060965538025,0.7161819338798523,0.7307096123695374,0.5993845462799072,0.8462153077125549,0.6804903745651245,0.8789221048355103
person_nn_303.jpg,0.0,0.0,0.0,0.0,0.0,0.0,0.7290021777153015,0.2192400097846985,0.7685193419456482,0.23483408987522125,0.6818914413452148,0.29974034428596497,0.7622877359390259,0.32467660307884216,0.6573210954666138,0.403567910194397,0.0,0.0,0.0,0.0,0.0,0.0,0.6695048213005066,0.541219174861908,0.7253595590591431,0.55901038646698,0.671967089176178,0.6721234917640686,0.7134509682655334,0.7195014953613281,0.6499028205871582,0.8104152083396912,0.6895861625671387,0.8842707276344299
person_nn_304.jpg,0.0,0.0,0.0,0.0,0.0,0.0,0.7424914836883545,0.2151443511247635,0.7811630964279175,0.22708114981651306,0.7017601728439331,0.2895578145980835,0.7818396687507629,0.30472898483276367,0.6727484464645386,0.41937491297721863,0.0,0.0,0.0,0.0,0.0,0.0,0.6880097389221191,0.5207424163818359,0.7392454147338867,0.5286640524864197,0.7030254006385803,0.6847118139266968,0.7224904298782349,0.698203980922699,0.6944910883903503,0.8527414202690125,0.6887000203132629,0.8622114062309265
person_nn_305.jpg,0.0,0.0,0.0,0.0,0.0,0.0,0.7564972639083862,0.20987090468406677,0.7960367202758789,0.21951809525489807,0.7158422470092773,0.28581762313842773,0.7993007898330688,0.3030499517917633,0.6879307627677917,0.3999265432357788,0.0,0.0,0.0,0.0,0.0,0.0,0.7065706849098206,0.5395843982696533,0.7607191205024719,0.5476200580596924,0.7097601890563965,0.7255115509033203,0.7379534840583801,0.7347386479377747,0.6912992596626282,0.8837134838104248,0.6963756680488586,0.8831104636192322
person_nn_306.jpg,0.0,0.0,0.0,0.0,0.0,0.0,0.7661311626434326,0.2020004540681839,0.8047980666160583,0.21195511519908905,0.7223911881446838,0.2814408242702484,0.8134171366691589,0.29989075660705566,0.7004069685935974,0.39743563532829285,0.0,0.0,0.0,0.0,0.0,0.0,0.7127665877342224,0.5296701192855835,0.7732402682304382,0.5385664701461792,0.7202174663543701,0.6974060535430908,0.7585965394973755,0.7060339450836182,0.7040493488311768,0.8547942042350769,0.7204896211624146,0.8527553081512451
person_nn_307.jpg,0.0,0.0,0.0,0.0,0.0,0.0,0.7661311626434326,0.2020004540681839,0.8047980666160583,0.21195511519908905,0.7223911881446838,0.2814408242702484,0.8134171366691589,0.29989075660705566,0.7004069685935974,0.39743563532829285,0.0,0.0,0.0,0.0,0.0,0.0,0.7127665877342224,0.5296701192855835,0.7732402682304382,0.5385664701461792,0.7202174663543701,0.6974060535430908,0.7585965394973755,0.7060339450836182,0.7040493488311768,0.8547942042350769,0.7204896211624146,0.8527553081512451
person_nn_308.jpg,0.0,0.0,0.0,0.0,0.0,0.0,0.7698062658309937,0.1900797039270401,0.8127526044845581,0.20163656771183014,0.7317801713943481,0.2731686532497406,0.8264478445053101,0.29417797923088074,0.6980860829353333,0.40683484077453613,0.8443809151649475,0.43743592500686646,0.6901482343673706,0.5148136615753174,0.0,0.0,0.7232126593589783,0.5136997699737549,0.785892128944397,0.521523118019104,0.7299489378929138,0.6982508301734924,0.7858360409736633,0.7087036371231079,0.6982179284095764,0.8516623973846436,0.742039680480957,0.8499589562416077
person_nn_309.jpg,0.0,0.0,0.0,0.0,0.0,0.0,0.0,0.0,0.8157798647880554,0.18492530286312103,0.7396034002304077,0.25757384300231934,0.8293454051017761,0.2759546935558319,0.7145580053329468,0.375093013048172,0.849685549736023,0.4118301272392273,0.0,0.0,0.8402331471443176,0.4957655966281891,0.7314951419830322,0.48175284266471863,0.7909480333328247,0.4897560179233551,0.7485334873199463,0.6314191818237305,0.7908627986907959,0.6361587047576904,0.7340461015701294,0.786293089389801,0.7685839533805847,0.7806840538978577
person_nn_310.jpg,0.0,0.0,0.0,0.0,0.0,0.0,0.7824220061302185,0.15796180069446564,0.8232764601707458,0.16505184769630432,0.7479014992713928,0.24315111339092255,0.8421631455421448,0.2554525136947632,0.7239837646484375,0.3595024049282074,0.8582062125205994,0.38514071702957153,0.7546185851097107,0.4266006350517273,0.8498660922050476,0.46218499541282654,0.7474566102027893,0.46899932622909546,0.809450089931488,0.47453877329826355,0.755511462688446,0.6099321246147156,0.7989306449890137,0.6136603951454163,0.7524109482765198,0.7477147579193115,0.777283251285553,0.7413613796234131
person_nn_311.jpg,0.0,0.0,0.0,0.0,0.0,0.0,0.789511501789093,0.14309483766555786,0.8297111988067627,0.1465459018945694,0.7560052275657654,0.2372434288263321,0.8501083254814148,0.24892525374889374,0.7318717837333679,0.3575991094112396,0.86891770362854,0.38919728994369507,0.7521538734436035,0.4378916025161743,0.0,0.0,0.7605113983154297,0.46440887451171875,0.828705370426178,0.4685785472393036,0.7502651810646057,0.6222419142723083,0.8320387005805969,0.6238555312156677,0.7446528673171997,0.7778621912002563,0.8317689895629883,0.771130383014679
person_nn_312.jpg,0.0,0.0,0.0,0.0,0.0,0.0,0.789511501789093,0.14309483766555786,0.8297111988067627,0.1465459018945694,0.7560052275657654,0.2372434288263321,0.8501083254814148,0.24892525374889374,0.7318717837333679,0.3575991094112396,0.86891770362854,0.38919728994369507,0.7521538734436035,0.4378916025161743,0.0,0.0,0.7605113983154297,0.46440887451171875,0.828705370426178,0.4685785472393036,0.7502651810646057,0.6222419142723083,0.8320387005805969,0.6238555312156677,0.7446528673171997,0.7778621912002563,0.8317689895629883,0.771130383014679
person_nn_313.jpg,0.0,0.0,0.0,0.0,0.0,0.0,0.7958714962005615,0.1448262631893158,0.8384086489677429,0.14609292149543762,0.7653066515922546,0.23313041031360626,0.8651890158653259,0.24165484309196472,0.7375391125679016,0.3594353199005127,0.8775225877761841,0.3786095976829529,0.7610521912574768,0.44038036465644836,0.0,0.0,0.7656084895133972,0.467062771320343,0.8373950719833374,0.471894770860672,0.7516512274742126,0.6162713766098022,0.8357143998146057,0.6309276819229126,0.7463675141334534,0.7713140845298767,0.8335256576538086,0.7869578003883362
person_nn_314.jpg,0.0,0.0,0.0,0.0,0.0,0.0,0.8052096962928772,0.14378699660301208,0.8465642333030701,0.14530323445796967,0.7754347324371338,0.22697708010673523,0.8727827072143555,0.23534466326236725,0.7461129426956177,0.3467775583267212,0.8871135711669922,0.3642338812351227,0.770326554775238,0.4294157922267914,0.0,0.0,0.7733572125434875,0.44343331456184387,0.8438305258750916,0.4467774033546448,0.7559404969215393,0.6010685563087463,0.84244304895401,0.6110583543777466,0.741414487361908,0.7718992233276367,0.8382670283317566,0.7767087817192078
person_nn_315.jpg,0.0,0.0,0.0,0.0,0.0,0.0,0.8326284885406494,0.12511420249938965,0.8684342503547668,0.12691807746887207,0.8002981543540955,0.20673148334026337,0.8927750587463379,0.2120267152786255,0.7745664119720459,0.3201100528240204,0.0,0.0,0.0,0.0,0.0,0.0,0.8084101676940918,0.40295517444610596,0.8727520704269409,0.4045824110507965,0.0,0.0,0.0,0.0,0.0,0.0,0.0,0.0
person_nn_316.jpg,0.0,0.0,0.0,0.0,0.0,0.0,0.8372399806976318,0.11146682500839233,0.0,0.0,0.813908040523529,0.19223521649837494,0.8992164134979248,0.1932220309972763,0.7902972102165222,0.3119913339614868,0.0,0.0,0.0,0.0,0.0,0.0,0.0,0.0,0.0,0.0,0.0,0.0,0.0,0.0,0.0,0.0,0.0,0.0
person_nn_317.jpg,0.0,0.0,0.0,0.0,0.0,0.0,0.8372399806976318,0.11146682500839233,0.0,0.0,0.813908040523529,0.19223521649837494,0.8992164134979248,0.1932220309972763,0.7902972102165222,0.3119913339614868,0.0,0.0,0.0,0.0,0.0,0.0,0.0,0.0,0.0,0.0,0.0,0.0,0.0,0.0,0.0,0.0,0.0,0.0
person_nn_318.jpg,0.0,0.0,0.0,0.0,0.0,0.0,0.8406827449798584,0.10120242089033127,0.0,0.0,0.8182345032691956,0.1807236522436142,0.8991113901138306,0.17622166872024536,0.7902728915214539,0.29920250177383423,0.0,0.0,0.0,0.0,0.0,0.0,0.832049548625946,0.3674774467945099,0.0,0.0,0.0,0.0,0.0,0.0,0.0,0.0,0.0,0.0
person_nn_319.jpg,0.0,0.0,0.8248440623283386,0.08755043148994446,0.0,0.0,0.8397636413574219,0.09731470793485641,0.0,0.0,0.8163424134254456,0.17595528066158295,0.8885106444358826,0.1685619354248047,0.7948594093322754,0.2911721169948578,0.0,0.0,0.0,0.0,0.0,0.0,0.8263810873031616,0.3555798828601837,0.8759204149246216,0.35028597712516785,0.0,0.0,0.0,0.0,0.0,0.0,0.0,0.0
person_nn_320.jpg,0.8146414160728455,0.09632007777690887,0.8202136158943176,0.0868748351931572,0.0,0.0,0.8369261622428894,0.09628280997276306,0.0,0.0,0.8141543865203857,0.1733400523662567,0.8817180395126343,0.16339141130447388,0.7962380051612854,0.28712451457977295,0.0,0.0,0.0,0.0,0.0,0.0,0.8231001496315002,0.3528086245059967,0.8698635697364807,0.34633517265319824,0.0,0.0,0.0,0.0,0.0,0.0,0.0,0.0
person_nn_321.jpg,0.9504218101501465,0.4984816908836365,0.9657796025276184,0.47718021273612976,0.9388793110847473,0.47209808230400085,0.0,0.0,0.9109401106834412,0.4292421042919159,0.988223135471344,0.4823477268218994,0.8645873665809631,0.4925037622451782,0.0,0.0,0.8248404264450073,0.6899457573890686,0.0,0.0,0.8393776416778564,0.815941333770752,0.9542418718338013,0.7388175129890442,0.8734731674194336,0.743695855140686,0.0,0.0,0.8392188549041748,0.8057297468185425,0.0,0.0,0.0,0.0
person_nn_322.jpg,0.8079460859298706,0.09237372130155563,0.8139260411262512,0.08262941986322403,0.0,0.0,0.8311347365379333,0.09425080567598343,0.0,0.0,0.8114428520202637,0.1745319813489914,0.8713051676750183,0.1669071912765503,0.7971798181533813,0.282272607088089,0.0,0.0,0.0,0.0,0.0,0.0,0.814685583114624,0.3502776324748993,0.8555229306221008,0.3446982204914093,0.0,0.0,0.0,0.0,0.0,0.0,0.0,0.0
person_nn_323.jpg,0.9504218101501465,0.4984816908836365,0.9657796025276184,0.47718021273612976,0.9388793110847473,0.47209808230400085,0.0,0.0,0.9109401106834412,0.4292421042919159,0.988223135471344,0.4823477268218994,0.8645873665809631,0.4925037622451782,0.0,0.0,0.8248404264450073,0.6899457573890686,0.0,0.0,0.8393776416778564,0.815941333770752,0.9542418718338013,0.7388175129890442,0.8734731674194336,0.743695855140686,0.0,0.0,0.8392188549041748,0.8057297468185425,0.0,0.0,0.0,0.0
person_nn_324.jpg,0.8079460859298706,0.09237372130155563,0.8139260411262512,0.08262941986322403,0.0,0.0,0.8311347365379333,0.09425080567598343,0.0,0.0,0.8114428520202637,0.1745319813489914,0.8713051676750183,0.1669071912765503,0.7971798181533813,0.282272607088089,0.0,0.0,0.0,0.0,0.0,0.0,0.814685583114624,0.3502776324748993,0.8555229306221008,0.3446982204914093,0.0,0.0,0.0,0.0,0.0,0.0,0.0,0.0
person_nn_325.jpg,0.8071037530899048,0.08421499282121658,0.8122623562812805,0.07479305565357208,0.0,0.0,0.8275649547576904,0.08463846147060394,0.0,0.0,0.8143904209136963,0.15848204493522644,0.8649300336837769,0.15049338340759277,0.8059358596801758,0.2674902081489563,0.0,0.0,0.796728253364563,0.3099777400493622,0.0,0.0,0.8207291960716248,0.3361945152282715,0.8560494780540466,0.33010977506637573,0.0,0.0,0.0,0.0,0.0,0.0,0.0,0.0
person_nn_326.jpg,0.9513115286827087,0.49629542231559753,0.9670932292938232,0.4761539697647095,0.9398993253707886,0.46731531620025635,0.0,0.0,0.9152184128761292,0.4284564256668091,0.9842227697372437,0.4958312511444092,0.8750640153884888,0.4934123754501343,0.0,0.0,0.8388522863388062,0.7109671235084534,0.0,0.0,0.8213961124420166,0.8836525678634644,0.9510786533355713,0.776494562625885,0.8779226541519165,0.7745730876922607,0.0,0.0,0.0,0.0,0.0,0.0,0.0,0.0
person_nn_327.jpg,0.9466278553009033,0.4960371255874634,0.9640481472015381,0.4765755832195282,0.9353402256965637,0.4657251536846161,0.0,0.0,0.9126104116439819,0.422180712223053,0.9867212772369385,0.4879094362258911,0.8721104264259338,0.48343145847320557,0.0,0.0,0.8413646817207336,0.7190536856651306,0.0,0.0,0.8181295394897461,0.9152960181236267,0.9591001272201538,0.7857908010482788,0.8814065456390381,0.7843480110168457,0.0,0.0,0.0,0.0,0.0,0.0,0.0,0.0
person_nn_328.jpg,0.8034629821777344,0.07818333059549332,0.8091800212860107,0.06806723028421402,0.0,0.0,0.8269624710083008,0.0775216594338417,0.0,0.0,0.8164007067680359,0.1546606868505478,0.8620201349258423,0.14414110779762268,0.8074572682380676,0.2640843093395233,0.0,0.0,0.7968377470970154,0.321968138217926,0.0,0.0,0.8206037878990173,0.34219369292259216,0.8514553904533386,0.3348555862903595,0.0,0.0,0.0,0.0,0.0,0.0,0.0,0.0
person_nn_329.jpg,0.9478625059127808,0.5006800293922424,0.9640443921089172,0.4803592562675476,0.9374261498451233,0.47208118438720703,0.0,0.0,0.9138877987861633,0.42547526955604553,0.9887669086456299,0.4875697195529938,0.8671196103096008,0.4915316700935364,0.0,0.0,0.8448508977890015,0.7107885479927063,0.0,0.0,0.8820896148681641,0.7916794419288635,0.9546394944190979,0.7723507881164551,0.8710273504257202,0.775316059589386,0.0,0.0,0.8401674628257751,0.8413864970207214,0.0,0.0,0.0,0.0
person_nn_330.jpg,0.9463019967079163,0.4989616274833679,0.9641003012657166,0.4814854860305786,0.9351912140846252,0.4698084592819214,0.0,0.0,0.9121446013450623,0.42726191878318787,0.9892694354057312,0.5071184039115906,0.8673942685127258,0.5000520348548889,0.0,0.0,0.8275873064994812,0.7126340270042419,0.0,0.0,0.817983865737915,0.8928261399269104,0.958972692489624,0.8071038722991943,0.8753048777580261,0.8058040142059326,0.0,0.0,0.0,0.0,0.0,0.0,0.0,0.0
person_nn_331.jpg,0.8035551905632019,0.07223760336637497,0.8089615702629089,0.06199660152196884,0.0,0.0,0.8274886608123779,0.0690312385559082,0.0,0.0,0.8231034278869629,0.1493307650089264,0.8615388870239258,0.12992645800113678,0.8112269639968872,0.25884050130844116,0.0,0.0,0.7975724339485168,0.3190980851650238,0.0,0.0,0.8263277411460876,0.34203699231147766,0.8534160256385803,0.32991254329681396,0.0,0.0,0.0,0.0,0.0,0.0,0.0,0.0
person_nn_332.jpg,0.9463019967079163,0.4989616274833679,0.9641003012657166,0.4814854860305786,0.9351912140846252,0.4698084592819214,0.0,0.0,0.9121446013450623,0.42726191878318787,0.9892694354057312,0.5071184039115906,0.8673942685127258,0.5000520348548889,0.0,0.0,0.8275873064994812,0.7126340270042419,0.0,0.0,0.817983865737915,0.8928261399269104,0.958972692489624,0.8071038722991943,0.8753048777580261,0.8058040142059326,0.0,0.0,0.0,0.0,0.0,0.0,0.0,0.0
person_nn_333.jpg,0.8035551905632019,0.07223760336637497,0.8089615702629089,0.06199660152196884,0.0,0.0,0.8274886608123779,0.0690312385559082,0.0,0.0,0.8231034278869629,0.1493307650089264,0.8615388870239258,0.12992645800113678,0.8112269639968872,0.25884050130844116,0.0,0.0,0.7975724339485168,0.3190980851650238,0.0,0.0,0.8263277411460876,0.34203699231147766,0.8534160256385803,0.32991254329681396,0.0,0.0,0.0,0.0,0.0,0.0,0.0,0.0
person_nn_334.jpg,0.8062844276428223,0.0686824768781662,0.8121545314788818,0.05846254527568817,0.0,0.0,0.8311788439750671,0.06460560858249664,0.0,0.0,0.8260842561721802,0.1386832743883133,0.8571770191192627,0.12171535193920135,0.8213202953338623,0.2411714494228363,0.0,0.0,0.8162771463394165,0.3142906129360199,0.0,0.0,0.834200918674469,0.33114296197891235,0.856135368347168,0.3211365044116974,0.0,0.0,0.0,0.0,0.0,0.0,0.0,0.0
person_nn_335.jpg,0.946664035320282,0.5061044096946716,0.9641044735908508,0.4851125478744507,0.9358540177345276,0.4764157235622406,0.0,0.0,0.9140408635139465,0.42945292592048645,0.9926327466964722,0.4873505234718323,0.8676576614379883,0.48603555560112,0.0,0.0,0.8265143632888794,0.6918046474456787,0.0,0.0,0.8346973061561584,0.7847152948379517,0.9617502689361572,0.7351866960525513,0.877041220664978,0.7359235286712646,0.0,0.0,0.8444328308105469,0.8274794816970825,0.0,0.0,0.0,0.0
person_nn_336.jpg,0.8061543107032776,0.06096963956952095,0.8131579160690308,0.050065796822309494,0.0,0.0,0.8341141939163208,0.0557481050491333,0.0,0.0,0.836409330368042,0.13233089447021484,0.8490655422210693,0.11586634069681168,0.8349645137786865,0.24440060555934906,0.0,0.0,0.8081896901130676,0.31046557426452637,0.0,0.0,0.8402787446975708,0.3272016942501068,0.0,0.0,0.0,0.0,0.0,0.0,0.0,0.0,0.0,0.0
person_nn_337.jpg,0.9548611640930176,0.5091636180877686,0.9701982140541077,0.490141898393631,0.9440339803695679,0.4803396165370941,0.0,0.0,0.9102680683135986,0.4345654249191284,0.9836971163749695,0.5094050168991089,0.8556433320045471,0.5191618204116821,0.0,0.0,0.8252907991409302,0.728361189365387,0.0,0.0,0.820451021194458,0.8464059829711914,0.9609555006027222,0.8092906475067139,0.8722399473190308,0.8170862197875977,0.0,0.0,0.0,0.0,0.0,0.0,0.0,0.0
person_nn_338.jpg,0.8074432611465454,0.06077123060822487,0.8151214718818665,0.047763191163539886,0.0,0.0,0.8370736241340637,0.04748828709125519,0.0,0.0,0.8427339792251587,0.1254163384437561,0.8378720879554749,0.11020074039697647,0.8458326458930969,0.24033334851264954,0.0,0.0,0.8189200162887573,0.30162757635116577,0.0,0.0,0.829355776309967,0.31455445289611816,0.0,0.0,0.0,0.0,0.0,0.0,0.0,0.0,0.0,0.0
person_nn_339.jpg,0.9569657444953918,0.5074628591537476,0.971550464630127,0.4878287613391876,0.9455626010894775,0.4818577468395233,0.0,0.0,0.9130381345748901,0.4358828365802765,0.9868527054786682,0.4974368214607239,0.8552916646003723,0.5200009942054749,0.0,0.0,0.8263922333717346,0.7387964725494385,0.0,0.0,0.8199527263641357,0.8826791644096375,0.9604808688163757,0.7897306680679321,0.8702545762062073,0.8067506551742554,0.0,0.0,0.0,0.0,0.0,0.0,0.0,0.0
person_nn_340.jpg,0.8099589943885803,0.05766676738858223,0.818959653377533,0.04635293781757355,0.8080971837043762,0.043872930109500885,0.8415659666061401,0.048469141125679016,0.0,0.0,0.8496698141098022,0.1206151470541954,0.8301063179969788,0.10204769670963287,0.8511470556259155,0.22968335449695587,0.0,0.0,0.8084535598754883,0.2698649764060974,0.0,0.0,0.8395234942436218,0.3048378825187683,0.8254106044769287,0.29153183102607727,0.0,0.0,0.0,0.0,0.0,0.0,0.0,0.0
person_nn_341.jpg,0.9510932564735413,0.5063343048095703,0.9666205048561096,0.48558309674263,0.9409200549125671,0.47769129276275635,0.0,0.0,0.9173303842544556,0.437410831451416,0.9896277785301208,0.507995069026947,0.8691034317016602,0.5113192200660706,0.0,0.0,0.8301016688346863,0.7149698138237,0.0,0.0,0.8097464442253113,0.8625275492668152,0.9662569165229797,0.8162345290184021,0.8823988437652588,0.8210721015930176,0.0,0.0,0.0,0.0,0.0,0.0,0.0,0.0
person_nn_342.jpg,0.8160201907157898,0.0568767748773098,0.8255842328071594,0.04421669617295265,0.8130785822868347,0.042524609714746475,0.8477842807769775,0.043927911669015884,0.0,0.0,0.8578540086746216,0.11527029424905777,0.8242936730384827,0.09996532648801804,0.8658206462860107,0.22888778150081635,0.0,0.0,0.8378397822380066,0.2922252416610718,0.0,0.0,0.8295300006866455,0.2971923053264618,0.8074590563774109,0.28515419363975525,0.0,0.0,0.0,0.0,0.0,0.0,0.0,0.0
person_nn_343.jpg,0.9510932564735413,0.5063343048095703,0.9666205048561096,0.48558309674263,0.9409200549125671,0.47769129276275635,0.0,0.0,0.9173303842544556,0.437410831451416,0.9896277785301208,0.507995069026947,0.8691034317016602,0.5113192200660706,0.0,0.0,0.8301016688346863,0.7149698138237,0.0,0.0,0.8097464442253113,0.8625275492668152,0.9662569165229797,0.8162345290184021,0.8823988437652588,0.8210721015930176,0.0,0.0,0.0,0.0,0.0,0.0,0.0,0.0
person_nn_344.jpg,0.8160201907157898,0.0568767748773098,0.8255842328071594,0.04421669617295265,0.8130785822868347,0.042524609714746475,0.8477842807769775,0.043927911669015884,0.0,0.0,0.8578540086746216,0.11527029424905777,0.8242936730384827,0.09996532648801804,0.8658206462860107,0.22888778150081635,0.0,0.0,0.8378397822380066,0.2922252416610718,0.0,0.0,0.8295300006866455,0.2971923053264618,0.8074590563774109,0.28515419363975525,0.0,0.0,0.0,0.0,0.0,0.0,0.0,0.0
person_nn_345.jpg,0.9475558996200562,0.504563570022583,0.9642245769500732,0.4856603443622589,0.9381377696990967,0.47516322135925293,0.0,0.0,0.9172723889350891,0.4348878860473633,0.9886110424995422,0.5130822062492371,0.8703324198722839,0.5034683346748352,0.0,0.0,0.8260225653648376,0.7122501134872437,0.0,0.0,0.8095287084579468,0.8732917308807373,0.9610522985458374,0.8254242539405823,0.8787078261375427,0.8233420848846436,0.0,0.0,0.0,0.0,0.0,0.0,0.0,0.0
person_nn_346.jpg,0.8219814896583557,0.05704674869775772,0.8307766914367676,0.044231511652469635,0.8192960023880005,0.04345155879855156,0.8521789908409119,0.04256519302725792,0.0,0.0,0.8655709624290466,0.11128128319978714,0.8242401480674744,0.09600172191858292,0.867574155330658,0.22348777949810028,0.0,0.0,0.8359628319740295,0.27473145723342896,0.0,0.0,0.8371156454086304,0.28057605028152466,0.8102306723594666,0.2689778804779053,0.0,0.0,0.0,0.0,0.0,0.0,0.0,0.0
person_nn_347.jpg,0.9510120153427124,0.5064865350723267,0.967399537563324,0.4895320236682892,0.9403746724128723,0.48115280270576477,0.0,0.0,0.9156501293182373,0.43572235107421875,0.9911224842071533,0.4981739819049835,0.8688947558403015,0.5006491541862488,0.0,0.0,0.8436241149902344,0.6972938776016235,0.0,0.0,0.9027223587036133,0.744126558303833,0.9586420059204102,0.7691373825073242,0.8721577525138855,0.7728654742240906,0.0,0.0,0.8317140936851501,0.8393539190292358,0.0,0.0,0.0,0.0
person_nn_348.jpg,0.8297141790390015,0.05152908340096474,0.8391377329826355,0.041576385498046875,0.8284528851509094,0.038344502449035645,0.8608338236808777,0.04599414020776749,0.0,0.0,0.877016007900238,0.11195666342973709,0.8248055577278137,0.09222622215747833,0.8817034363746643,0.21781407296657562,0.809497058391571,0.16508062183856964,0.8522766828536987,0.27781155705451965,0.792055606842041,0.22017353773117065,0.8504801392555237,0.2752802073955536,0.8158403038978577,0.2622121572494507,0.0,0.0,0.0,0.0,0.0,0.0,0.0,0.0
person_nn_349.jpg,0.9544609785079956,0.5112513899803162,0.9698262810707092,0.4906424582004547,0.9439985752105713,0.4831992983818054,0.0,0.0,0.914199709892273,0.43570464849472046,0.9880576729774475,0.4987015724182129,0.8609537482261658,0.5005761384963989,0.0,0.0,0.843114972114563,0.7042449116706848,0.0,0.0,0.9266983866691589,0.705447256565094,0.9505579471588135,0.7836276888847351,0.8635794520378113,0.7860702276229858,0.0,0.0,0.0,0.0,0.0,0.0,0.0,0.0
person_nn_350.jpg,0.9594960808753967,0.5069079399108887,0.9736548662185669,0.4878299832344055,0.9497998952865601,0.4799760580062866,0.0,0.0,0.9193041920661926,0.43216612935066223,0.9886375069618225,0.4947148263454437,0.8660825490951538,0.4932771325111389,0.0,0.0,0.8312873244285583,0.6907089948654175,0.0,0.0,0.8424118757247925,0.7860106825828552,0.9548692107200623,0.7910407781600952,0.868960440158844,0.7925395369529724,0.0,0.0,0.0,0.0,0.0,0.0,0.0,0.0
person_nn_351.jpg,0.8325146436691284,0.050601184368133545,0.8409660458564758,0.04091079160571098,0.832112193107605,0.0381784550845623,0.8609650135040283,0.04446132108569145,0.0,0.0,0.8771510720252991,0.11071701347827911,0.8287903070449829,0.09161006659269333,0.8826485276222229,0.22191396355628967,0.8131060600280762,0.16909244656562805,0.8500998020172119,0.27457451820373535,0.7918890714645386,0.22256793081760406,0.8479416966438293,0.2678580582141876,0.8169295787811279,0.25486648082733154,0.0,0.0,0.0,0.0,0.0,0.0,0.0,0.0
person_nn_352.jpg,0.9594960808753967,0.5069079399108887,0.9736548662185669,0.4878299832344055,0.9497998952865601,0.4799760580062866,0.0,0.0,0.9193041920661926,0.43216612935066223,0.9886375069618225,0.4947148263454437,0.8660825490951538,0.4932771325111389,0.0,0.0,0.8312873244285583,0.6907089948654175,0.0,0.0,0.8424118757247925,0.7860106825828552,0.9548692107200623,0.7910407781600952,0.868960440158844,0.7925395369529724,0.0,0.0,0.0,0.0,0.0,0.0,0.0,0.0
person_nn_353.jpg,0.8325146436691284,0.050601184368133545,0.8409660458564758,0.04091079160571098,0.832112193107605,0.0381784550845623,0.8609650135040283,0.04446132108569145,0.0,0.0,0.8771510720252991,0.11071701347827911,0.8287903070449829,0.09161006659269333,0.8826485276222229,0.22191396355628967,0.8131060600280762,0.16909244656562805,0.8500998020172119,0.27457451820373535,0.7918890714645386,0.22256793081760406,0.8479416966438293,0.2678580582141876,0.8169295787811279,0.25486648082733154,0.0,0.0,0.0,0.0,0.0,0.0,0.0,0.0
person_nn_354.jpg,0.9558225274085999,0.5031282901763916,0.9720311760902405,0.48451292514801025,0.9464049339294434,0.47345519065856934,0.0,0.0,0.9188838601112366,0.4301086366176605,0.9867790341377258,0.5080196857452393,0.8682807087898254,0.49719080328941345,0.0,0.0,0.8299896121025085,0.6893848180770874,0.0,0.0,0.8296656608581543,0.8175252676010132,0.9471927881240845,0.800831139087677,0.8648732900619507,0.7965925335884094,0.0,0.0,0.0,0.0,0.0,0.0,0.0,0.0
person_nn_355.jpg,0.8350538015365601,0.05012747272849083,0.843750536441803,0.04017795994877815,0.8343435525894165,0.037445295602083206,0.8640515804290771,0.04430593550205231,0.0,0.0,0.8792510032653809,0.11085933446884155,0.8313181400299072,0.09258446097373962,0.8839884400367737,0.22004808485507965,0.8150022029876709,0.17087125778198242,0.8573181629180908,0.2734541893005371,0.7941861748695374,0.2264050841331482,0.8514268398284912,0.26220953464508057,0.8202834725379944,0.2496078461408615,0.0,0.0,0.0,0.0,0.0,0.0,0.0,0.0
person_nn_356.jpg,0.9638462662696838,0.5045313239097595,0.9772233366966248,0.48537689447402954,0.954225480556488,0.47808513045310974,0.0,0.0,0.9239057302474976,0.4339616894721985,0.9868489503860474,0.49571070075035095,0.876190721988678,0.49151626229286194,0.0,0.0,0.8360012769699097,0.6755003929138184,0.0,0.0,0.8322572708129883,0.8143203854560852,0.9490566849708557,0.8042313456535339,0.873113751411438,0.8029712438583374,0.0,0.0,0.0,0.0,0.0,0.0,0.0,0.0
person_nn_357.jpg,0.8396409749984741,0.050603847950696945,0.8491723537445068,0.03985567390918732,0.839202880859375,0.03840421512722969,0.8713508248329163,0.046202387660741806,0.0,0.0,0.8842434883117676,0.12247733026742935,0.8355346918106079,0.1008945181965828,0.884303629398346,0.23238299787044525,0.811881959438324,0.1815788596868515,0.8444406986236572,0.2686050534248352,0.798103928565979,0.23610295355319977,0.8530058860778809,0.2886740267276764,0.8239161372184753,0.27446818351745605,0.8361847400665283,0.41821709275245667,0.8239769339561462,0.40200990438461304,0.8210747241973877,0.531564474105835,0.8242663741111755,0.5266494750976562
person_nn_358.jpg,0.9719371795654297,0.5097846984863281,0.9838341474533081,0.4874104857444763,0.9598352909088135,0.48323237895965576,0.0,0.0,0.9232009649276733,0.4408908188343048,0.9910417199134827,0.4977152645587921,0.8756892681121826,0.4982675611972809,0.0,0.0,0.838987410068512,0.7048300504684448,0.0,0.0,0.8430972695350647,0.7875083684921265,0.0,0.0,0.8694312572479248,0.8221274018287659,0.0,0.0,0.0,0.0,0.0,0.0,0.0,0.0
person_nn_359.jpg,0.9737604260444641,0.5074448585510254,0.0,0.0,0.9617923498153687,0.4826894700527191,0.0,0.0,0.927855908870697,0.44424137473106384,0.9927924871444702,0.49265626072883606,0.8785545229911804,0.4978157579898834,0.0,0.0,0.8383275866508484,0.7031404972076416,0.0,0.0,0.8594803810119629,0.7685092091560364,0.0,0.0,0.8777859807014465,0.8164976835250854,0.0,0.0,0.0,0.0,0.0,0.0,0.0,0.0
person_nn_360.jpg,0.9737604260444641,0.5074448585510254,0.0,0.0,0.9617923498153687,0.4826894700527191,0.0,0.0,0.927855908870697,0.44424137473106384,0.9927924871444702,0.49265626072883606,0.8785545229911804,0.4978157579898834,0.0,0.0,0.8383275866508484,0.7031404972076416,0.0,0.0,0.8594803810119629,0.7685092091560364,0.0,0.0,0.8777859807014465,0.8164976835250854,0.0,0.0,0.0,0.0,0.0,0.0,0.0,0.0
person_nn_361.jpg,0.9740186929702759,0.5093547105789185,0.9863156080245972,0.48662129044532776,0.9625093936920166,0.4839876890182495,0.0,0.0,0.9289626479148865,0.4445327818393707,0.998123049736023,0.5080548524856567,0.8807898163795471,0.5076590180397034,0.0,0.0,0.8397675156593323,0.7113640308380127,0.0,0.0,0.8454951047897339,0.8098881840705872,0.0,0.0,0.8808366656303406,0.8163648247718811,0.0,0.0,0.0,0.0,0.0,0.0,0.0,0.0
person_nn_362.jpg,0.8435565233230591,0.051908060908317566,0.8525718450546265,0.042361676692962646,0.8431716561317444,0.040193744003772736,0.8738396167755127,0.05035891756415367,0.0,0.0,0.8874778747558594,0.12687340378761292,0.8370023369789124,0.1041756421327591,0.8920632004737854,0.22956819832324982,0.8164616227149963,0.17634396255016327,0.8620946407318115,0.27263593673706055,0.8000338077545166,0.2313215434551239,0.8550609350204468,0.2885357141494751,0.8250713348388672,0.27410706877708435,0.838749349117279,0.4115777313709259,0.8261010646820068,0.3964613080024719,0.8185049891471863,0.5212650895118713,0.8262364864349365,0.5186163187026978
person_nn_363.jpg,0.8454232811927795,0.05432424694299698,0.8547362685203552,0.04428992420434952,0.845545768737793,0.04259731248021126,0.8763894438743591,0.05221617594361305,0.0,0.0,0.8896385431289673,0.12984047830104828,0.83946293592453,0.10492271929979324,0.891732394695282,0.23828783631324768,0.815051257610321,0.17960205674171448,0.8651519417762756,0.2827602028846741,0.8001855611801147,0.2330276519060135,0.8544489741325378,0.2923281490802765,0.8248500227928162,0.2769432067871094,0.8368239998817444,0.41584041714668274,0.8240165710449219,0.3998737037181854,0.8161184787750244,0.5257051587104797,0.8246244192123413,0.5216582417488098
person_nn_364.jpg,0.9733432531356812,0.509694516658783,0.9861100316047668,0.4873355031013489,0.9623056054115295,0.4837571084499359,0.0,0.0,0.9303508996963501,0.44463059306144714,0.9989806413650513,0.5112781524658203,0.8827462196350098,0.5072047710418701,0.0,0.0,0.8386762142181396,0.7008610367774963,0.0,0.0,0.844589114189148,0.7945303320884705,0.0,0.0,0.8817121386528015,0.8131866455078125,0.0,0.0,0.0,0.0,0.0,0.0,0.0,0.0
person_nn_365.jpg,0.8456122279167175,0.060116540640592575,0.8552018404006958,0.05081674084067345,0.8464362025260925,0.046199508011341095,0.8785347938537598,0.05883542448282242,0.0,0.0,0.893936812877655,0.13245223462581635,0.841923177242279,0.10644948482513428,0.8915615677833557,0.23981203138828278,0.8193677663803101,0.18210723996162415,0.8607476949691772,0.282835453748703,0.802117645740509,0.23295043408870697,0.8577681183815002,0.2997307777404785,0.8234224915504456,0.28289005160331726,0.0,0.0,0.0,0.0,0.0,0.0,0.0,0.0
person_nn_366.jpg,0.9763922691345215,0.5063440203666687,0.9869464039802551,0.4850998520851135,0.9650039076805115,0.4813467264175415,0.0,0.0,0.9302253127098083,0.4458365738391876,0.9904105067253113,0.5157315731048584,0.8807289600372314,0.5035996437072754,0.0,0.0,0.838187038898468,0.6792538166046143,0.0,0.0,0.8575859665870667,0.7581422328948975,0.0,0.0,0.8688004612922668,0.8191233277320862,0.0,0.0,0.0,0.0,0.0,0.0,0.0,0.0
person_nn_367.jpg,0.8477123975753784,0.06284832209348679,0.8574850559234619,0.05334387347102165,0.8480774760246277,0.048767946660518646,0.8808863759040833,0.061747848987579346,0.0,0.0,0.8959938883781433,0.13676795363426208,0.8436099886894226,0.10921553522348404,0.8947860598564148,0.24259211122989655,0.8200654983520508,0.1822098344564438,0.8684426546096802,0.28775832056999207,0.8017240166664124,0.23695272207260132,0.8584890961647034,0.3054030239582062,0.8239418864250183,0.2874338626861572,0.0,0.0,0.0,0.0,0.0,0.0,0.0,0.0
person_nn_368.jpg,0.9763644933700562,0.500369131565094,0.0,0.0,0.9654290676116943,0.47601377964019775,0.0,0.0,0.9321221113204956,0.44186097383499146,0.9881697297096252,0.5099315047264099,0.8830453157424927,0.4998677968978882,0.0,0.0,0.8346794247627258,0.6613351702690125,0.0,0.0,0.8526754975318909,0.7477087378501892,0.0,0.0,0.8776501417160034,0.8196609616279602,0.0,0.0,0.0,0.0,0.0,0.0,0.0,0.0
person_nn_369.jpg,0.8477123975753784,0.06284832209348679,0.8574850559234619,0.05334387347102165,0.8480774760246277,0.048767946660518646,0.8808863759040833,0.061747848987579346,0.0,0.0,0.8959938883781433,0.13676795363426208,0.8436099886894226,0.10921553522348404,0.8947860598564148,0.24259211122989655,0.8200654983520508,0.1822098344564438,0.8684426546096802,0.28775832056999207,0.8017240166664124,0.23695272207260132,0.8584890961647034,0.3054030239582062,0.8239418864250183,0.2874338626861572,0.0,0.0,0.0,0.0,0.0,0.0,0.0,0.0
person_nn_370.jpg,0.9763644933700562,0.500369131565094,0.0,0.0,0.9654290676116943,0.47601377964019775,0.0,0.0,0.9321221113204956,0.44186097383499146,0.9881697297096252,0.5099315047264099,0.8830453157424927,0.4998677968978882,0.0,0.0,0.8346794247627258,0.6613351702690125,0.0,0.0,0.8526754975318909,0.7477087378501892,0.0,0.0,0.8776501417160034,0.8196609616279602,0.0,0.0,0.0,0.0,0.0,0.0,0.0,0.0
person_nn_371.jpg,0.9736121892929077,0.49679383635520935,0.0,0.0,0.964547336101532,0.4739520847797394,0.0,0.0,0.932871401309967,0.4389890134334564,0.9522167444229126,0.5043962001800537,0.8866385221481323,0.4970507323741913,0.0,0.0,0.830168604850769,0.653896152973175,0.0,0.0,0.847615122795105,0.7269837856292725,0.9284685850143433,0.821183443069458,0.8832307457923889,0.8217383027076721,0.0,0.0,0.0,0.0,0.0,0.0,0.0,0.0
person_nn_372.jpg,0.8497525453567505,0.06482871621847153,0.8594688177108765,0.05505230650305748,0.8496008515357971,0.05066337808966637,0.8819147944450378,0.063082255423069,0.0,0.0,0.897620439529419,0.1397404968738556,0.8433313369750977,0.11193779110908508,0.8948290944099426,0.2509531080722809,0.8196329474449158,0.18505048751831055,0.8611461520195007,0.2913045287132263,0.8006561994552612,0.2357904613018036,0.8601643443107605,0.30504968762397766,0.8245469331741333,0.2869141399860382,0.0,0.0,0.0,0.0,0.0,0.0,0.0,0.0
person_nn_373.jpg,0.8507920503616333,0.06915304064750671,0.861025869846344,0.05921318009495735,0.8509150743484497,0.053825996816158295,0.884086549282074,0.06596502661705017,0.0,0.0,0.8988085389137268,0.1418219953775406,0.8441439270973206,0.11123448610305786,0.8985459804534912,0.2522837519645691,0.8199131488800049,0.1820141226053238,0.8700581192970276,0.30091768503189087,0.8021032214164734,0.23508130013942719,0.8598156571388245,0.3083524703979492,0.8244509100914001,0.28925949335098267,0.0,0.0,0.0,0.0,0.0,0.0,0.0,0.0
person_nn_374.jpg,0.8507570028305054,0.07286746054887772,0.862118124961853,0.06280169636011124,0.8518124222755432,0.05596090480685234,0.8876237273216248,0.07102371752262115,0.0,0.0,0.9020826816558838,0.14929082989692688,0.8433375954627991,0.11385800689458847,0.8988149762153625,0.26355093717575073,0.8152234554290771,0.19261226058006287,0.8626270890235901,0.30172762274742126,0.7966256737709045,0.24886037409305573,0.8631720542907715,0.3274592459201813,0.8249267935752869,0.3060288429260254,0.0,0.0,0.0,0.0,0.0,0.0,0.0,0.0
person_nn_375.jpg,0.8516951203346252,0.07305790483951569,0.8630365133285522,0.0633528009057045,0.8525519371032715,0.0559454970061779,0.8883481025695801,0.07381026446819305,0.0,0.0,0.9030294418334961,0.15638117492198944,0.844305157661438,0.11476150155067444,0.8987345099449158,0.26912930607795715,0.8157143592834473,0.1848595291376114,0.861060380935669,0.302662193775177,0.7964861989021301,0.24186192452907562,0.8620637655258179,0.32549384236335754,0.8235896825790405,0.3007681369781494,0.0,0.0,0.0,0.0,0.0,0.0,0.0,0.0
person_nn_376.jpg,0.8516951203346252,0.07305790483951569,0.8630365133285522,0.0633528009057045,0.8525519371032715,0.0559454970061779,0.8883481025695801,0.07381026446819305,0.0,0.0,0.9030294418334961,0.15638117492198944,0.844305157661438,0.11476150155067444,0.8987345099449158,0.26912930607795715,0.8157143592834473,0.1848595291376114,0.861060380935669,0.302662193775177,0.7964861989021301,0.24186192452907562,0.8620637655258179,0.32549384236335754,0.8235896825790405,0.3007681369781494,0.0,0.0,0.0,0.0,0.0,0.0,0.0,0.0
person_nn_377.jpg,0.8524446487426758,0.07341638207435608,0.8634745478630066,0.06381895393133163,0.8533830046653748,0.056619200855493546,0.8888479471206665,0.07585743814706802,0.0,0.0,0.9046609401702881,0.1616632491350174,0.8457578420639038,0.11840610206127167,0.8994952440261841,0.27284979820251465,0.8142648339271545,0.1834205836057663,0.8615913987159729,0.3054356276988983,0.7936100363731384,0.23964591324329376,0.8642694354057312,0.3293263018131256,0.8256925344467163,0.3036939799785614,0.0,0.0,0.0,0.0,0.0,0.0,0.0,0.0
person_nn_378.jpg,0.8526449203491211,0.07489529252052307,0.8634586334228516,0.0655166357755661,0.8541706800460815,0.058183155953884125,0.8880243301391602,0.0764155238866806,0.0,0.0,0.9027785658836365,0.15941311419010162,0.8445566892623901,0.11886868625879288,0.9012556076049805,0.2706291079521179,0.810939610004425,0.18432536721229553,0.8726193904876709,0.318820595741272,0.7867705225944519,0.2379951775074005,0.8675183057785034,0.33546504378318787,0.8289039134979248,0.3129342198371887,0.0,0.0,0.0,0.0,0.0,0.0,0.0,0.0
person_nn_379.jpg,0.8517504334449768,0.07609089463949203,0.862806499004364,0.06620431691408157,0.853201687335968,0.058362554758787155,0.8876370787620544,0.07690980285406113,0.0,0.0,0.9024587869644165,0.1631433069705963,0.8425894379615784,0.11975274235010147,0.9002907872200012,0.27300843596458435,0.8076732754707336,0.18141023814678192,0.8712542653083801,0.3172423839569092,0.7831085920333862,0.2335629016160965,0.8682340383529663,0.3439376950263977,0.8281214833259583,0.320110559463501,0.0,0.0,0.0,0.0,0.0,0.0,0.0,0.0
person_nn_380.jpg,0.8485705852508545,0.07357296347618103,0.8608761429786682,0.06512768566608429,0.8520298600196838,0.05850454792380333,0.8871496915817261,0.0819949060678482,0.0,0.0,0.899563193321228,0.17597851157188416,0.8393048048019409,0.12385161221027374,0.9010336399078369,0.29267722368240356,0.8020190000534058,0.17346325516700745,0.8771184682846069,0.34016093611717224,0.7783188819885254,0.22912463545799255,0.858456015586853,0.33653274178504944,0.8182111382484436,0.3086504638195038,0.8425083756446838,0.43550050258636475,0.7840363383293152,0.41096630692481995,0.0,0.0,0.7843965888023376,0.5219420790672302
person_nn_381.jpg,0.8485705852508545,0.07357296347618103,0.8608761429786682,0.06512768566608429,0.8520298600196838,0.05850454792380333,0.8871496915817261,0.0819949060678482,0.0,0.0,0.899563193321228,0.17597851157188416,0.8393048048019409,0.12385161221027374,0.9010336399078369,0.29267722368240356,0.8020190000534058,0.17346325516700745,0.8771184682846069,0.34016093611717224,0.7783188819885254,0.22912463545799255,0.858456015586853,0.33653274178504944,0.8182111382484436,0.3086504638195038,0.8425083756446838,0.43550050258636475,0.7840363383293152,0.41096630692481995,0.0,0.0,0.7843965888023376,0.5219420790672302
person_nn_382.jpg,0.8471429347991943,0.07502502202987671,0.8582016825675964,0.06754665821790695,0.849540650844574,0.06083681061863899,0.8823575377464294,0.084189772605896,0.0,0.0,0.8960267901420593,0.17335687577724457,0.8370429277420044,0.12179720401763916,0.9012806415557861,0.288324236869812,0.8022785782814026,0.1698908507823944,0.877216100692749,0.34515196084976196,0.7772656083106995,0.22438636422157288,0.8600949048995972,0.3288358449935913,0.8199353814125061,0.30177566409111023,0.8534387350082397,0.4377361536026001,0.7941209077835083,0.4133150279521942,0.0,0.0,0.7784212827682495,0.5135344862937927
person_nn_383.jpg,0.8442291021347046,0.07730083167552948,0.85507732629776,0.06987032294273376,0.8448523879051208,0.06196236237883568,0.8780317902565002,0.08386118710041046,0.0,0.0,0.8920795917510986,0.16907557845115662,0.8302561640739441,0.11715935915708542,0.8960148096084595,0.2832002639770508,0.7947251200675964,0.17374926805496216,0.8677683472633362,0.3346702456474304,0.7730318307876587,0.2284766584634781,0.8529285192489624,0.3230307400226593,0.812286913394928,0.2948431968688965,0.8346071839332581,0.4230283498764038,0.7901946306228638,0.39306098222732544,0.8133620619773865,0.5070119500160217,0.7786222696304321,0.500295877456665
person_nn_384.jpg,0.8369173407554626,0.07504826039075851,0.8488662242889404,0.06775415688753128,0.8388885855674744,0.06200908124446869,0.8720657229423523,0.08444280922412872,0.0,0.0,0.8862422704696655,0.16688375174999237,0.8245041966438293,0.12199335545301437,0.8915489912033081,0.28335675597190857,0.7894733548164368,0.17683449387550354,0.8660622835159302,0.3452950417995453,0.7701482772827148,0.2313317358493805,0.8476461172103882,0.32494452595710754,0.8080917000770569,0.299123615026474,0.8218845129013062,0.4264298379421234,0.7807649970054626,0.40156787633895874,0.0,0.0,0.7799630165100098,0.5072169303894043
person_nn_385.jpg,0.8670549988746643,0.47179627418518066,0.8833081722259521,0.4547647535800934,0.8585841655731201,0.4448733925819397,0.0,0.0,0.8355869054794312,0.40260618925094604,0.9129990935325623,0.46462777256965637,0.7938129305839539,0.4531005322933197,0.9363540410995483,0.5838602185249329,0.7597640156745911,0.593292772769928,0.9100531935691833,0.6537204384803772,0.8142349123954773,0.6513913869857788,0.8839522004127502,0.6857773661613464,0.8017882108688354,0.6808609366416931,0.9101132750511169,0.728941023349762,0.7763852477073669,0.719403862953186,0.8910509943962097,0.9195718169212341,0.7627986073493958,0.913709282875061
person_nn_386.jpg,0.8670549988746643,0.47179627418518066,0.8833081722259521,0.4547647535800934,0.8585841655731201,0.4448733925819397,0.0,0.0,0.8355869054794312,0.40260618925094604,0.9129990935325623,0.46462777256965637,0.7938129305839539,0.4531005322933197,0.9363540410995483,0.5838602185249329,0.7597640156745911,0.593292772769928,0.9100531935691833,0.6537204384803772,0.8142349123954773,0.6513913869857788,0.8839522004127502,0.6857773661613464,0.8017882108688354,0.6808609366416931,0.9101132750511169,0.728941023349762,0.7763852477073669,0.719403862953186,0.8910509943962097,0.9195718169212341,0.7627986073493958,0.913709282875061
person_nn_387.jpg,0.8670673966407776,0.4701474905014038,0.8799384832382202,0.45152583718299866,0.8565436601638794,0.44797107577323914,0.0,0.0,0.8276650905609131,0.4062736928462982,0.9085136651992798,0.4470290243625641,0.7841137051582336,0.4580680727958679,0.9304749369621277,0.5679771304130554,0.7619724273681641,0.6061993837356567,0.9033910632133484,0.6492736339569092,0.8261426687240601,0.656391978263855,0.8789607882499695,0.684715211391449,0.7925323843955994,0.6902914047241211,0.8978520035743713,0.7879026532173157,0.7556418776512146,0.798882246017456,0.0,0.0,0.0,0.0
person_nn_388.jpg,0.8700796365737915,0.47350960969924927,0.8804387450218201,0.451984703540802,0.8573237657546997,0.45351243019104004,0.0,0.0,0.8224349617958069,0.41250860691070557,0.9046787023544312,0.4333270788192749,0.780178427696228,0.4555523693561554,0.9249999523162842,0.561080276966095,0.7631959319114685,0.6079072952270508,0.9003229737281799,0.6452298164367676,0.8289922475814819,0.661555290222168,0.8773519992828369,0.6613771915435791,0.791335940361023,0.6727785468101501,0.8891648054122925,0.7832030057907104,0.7492893934249878,0.8059142827987671,0.0,0.0,0.0,0.0
person_nn_389.jpg,0.8144387602806091,0.06453552097082138,0.82600998878479,0.05691484361886978,0.8150970339775085,0.0513850674033165,0.8464887142181396,0.07173917442560196,0.0,0.0,0.8604428768157959,0.15306946635246277,0.7960124611854553,0.11210203915834427,0.8671866059303284,0.2632060945034027,0.7637518048286438,0.15676827728748322,0.842882513999939,0.3240370452404022,0.7452328205108643,0.17292602360248566,0.828920304775238,0.3220420479774475,0.7862868309020996,0.3011798560619354,0.8184447288513184,0.4414035975933075,0.7716569900512695,0.4228629767894745,0.0,0.0,0.0,0.0
person_nn_390.jpg,0.8694326877593994,0.4707278907299042,0.8791923522949219,0.44986581802368164,0.8563759922981262,0.4512538015842438,0.0,0.0,0.8215838670730591,0.41563481092453003,0.8990288376808167,0.4396041929721832,0.779943585395813,0.4625713527202606,0.9157858490943909,0.5582917928695679,0.7633253335952759,0.6091170310974121,0.8971797227859497,0.6398159265518188,0.8255327939987183,0.6617124676704407,0.8696395754814148,0.6721436381340027,0.7855587601661682,0.6846089363098145,0.890559196472168,0.7958607077598572,0.7469599843025208,0.8193483352661133,0.0,0.0,0.0,0.0
person_nn_391.jpg,0.8549304008483887,0.47043243050575256,0.8697030544281006,0.4507909119129181,0.8438685536384583,0.44626811146736145,0.0,0.0,0.8200441598892212,0.4047586917877197,0.8986157178878784,0.4492710828781128,0.7812212109565735,0.4574669897556305,0.9170299172401428,0.5703555941581726,0.7587363123893738,0.605884850025177,0.8980952501296997,0.6408329010009766,0.8238720297813416,0.6651054620742798,0.8668147921562195,0.6951542496681213,0.7850182056427002,0.7003376483917236,0.8751163482666016,0.831845223903656,0.7468985319137573,0.84701007604599,0.0,0.0,0.0,0.0
person_nn_392.jpg,0.8549304008483887,0.47043243050575256,0.8697030544281006,0.4507909119129181,0.8438685536384583,0.44626811146736145,0.0,0.0,0.8200441598892212,0.4047586917877197,0.8986157178878784,0.4492710828781128,0.7812212109565735,0.4574669897556305,0.9170299172401428,0.5703555941581726,0.7587363123893738,0.605884850025177,0.8980952501296997,0.6408329010009766,0.8238720297813416,0.6651054620742798,0.8668147921562195,0.6951542496681213,0.7850182056427002,0.7003376483917236,0.8751163482666016,0.831845223903656,0.7468985319137573,0.84701007604599,0.0,0.0,0.0,0.0
person_nn_393.jpg,0.871526837348938,0.46857720613479614,0.8812536001205444,0.44808951020240784,0.8607290387153625,0.4482788145542145,0.0,0.0,0.8278916478157043,0.4232141375541687,0.8963146209716797,0.4714473485946655,0.7810977697372437,0.4865109622478485,0.9170145392417908,0.5832299590110779,0.7667458653450012,0.6205023527145386,0.9039430618286133,0.64055997133255,0.8259754776954651,0.6969248056411743,0.8697834610939026,0.6867766380310059,0.7870396375656128,0.697830319404602,0.8953784108161926,0.7646206021308899,0.7561429738998413,0.7883477210998535,0.8792702555656433,0.9034968018531799,0.7542803883552551,0.9457459449768066
person_nn_394.jpg,0.8690772652626038,0.47066107392311096,0.8828074336051941,0.452299028635025,0.8572828769683838,0.4496801793575287,0.0,0.0,0.8350982666015625,0.41294682025909424,0.9126520752906799,0.44805189967155457,0.7923359870910645,0.47988200187683105,0.9326367974281311,0.5637774467468262,0.7754135727882385,0.6529812812805176,0.9142059683799744,0.6392573118209839,0.8388799428939819,0.7058215737342834,0.8883603811264038,0.6638206839561462,0.8032570481300354,0.6821037530899048,0.9102655649185181,0.7896108031272888,0.7638487815856934,0.8351022601127625,0.0,0.0,0.0,0.0
person_nn_395.jpg,0.8120391964912415,0.06504826247692108,0.8244764804840088,0.057153258472681046,0.8125657439231873,0.049994707107543945,0.845195472240448,0.07474053651094437,0.0,0.0,0.8557752966880798,0.16009990870952606,0.7912607192993164,0.12210562080144882,0.8676952719688416,0.2752446234226227,0.7501832246780396,0.15765151381492615,0.842359721660614,0.3359871208667755,0.7379042506217957,0.11652680486440659,0.8249605894088745,0.34267908334732056,0.7823885679244995,0.32437846064567566,0.8193433284759521,0.48035040497779846,0.7733314037322998,0.4627816677093506,0.0,0.0,0.0,0.0
person_nn_396.jpg,0.8827590346336365,0.4603221118450165,0.8968943357467651,0.44368255138397217,0.8693636655807495,0.44119930267333984,0.0,0.0,0.8415800929069519,0.42465904355049133,0.9202744960784912,0.48458510637283325,0.8023813962936401,0.5047206282615662,0.9322957992553711,0.5814136862754822,0.7899990081787109,0.6580479145050049,0.9213162660598755,0.6333935260772705,0.8448168635368347,0.7525840997695923,0.8913789987564087,0.7089259624481201,0.8050013780593872,0.7214265465736389,0.9282575845718384,0.7900429964065552,0.7704185843467712,0.816847562789917,0.0,0.0,0.0,0.0
person_nn_397.jpg,0.8091626763343811,0.06748189777135849,0.8219989538192749,0.057965196669101715,0.810207724571228,0.05266185849905014,0.8436119556427002,0.07218547910451889,0.0,0.0,0.857125461101532,0.15829694271087646,0.7876917719841003,0.12092572450637817,0.8669536709785461,0.2682333290576935,0.7473701238632202,0.16670188307762146,0.8465334177017212,0.33789244294166565,0.7522169351577759,0.11793104559183121,0.8237793445587158,0.34000465273857117,0.7781221270561218,0.31961673498153687,0.8188814520835876,0.4859788417816162,0.7622607946395874,0.46491947770118713,0.821377158164978,0.6009141206741333,0.7668234705924988,0.580487072467804
person_nn_398.jpg,0.8078914284706116,0.06866901367902756,0.820231020450592,0.058341700583696365,0.8079237341880798,0.053402628749608994,0.8432378172874451,0.07187685370445251,0.0,0.0,0.8541167378425598,0.16169916093349457,0.7870385646820068,0.12349862605333328,0.8639197945594788,0.2714308500289917,0.7446719408035278,0.15376640856266022,0.8351107239723206,0.3253531754016876,0.7671498656272888,0.09632910043001175,0.8183605670928955,0.34249719977378845,0.7754036784172058,0.32518845796585083,0.8153127431869507,0.48213016986846924,0.768981397151947,0.467032253742218,0.8200483918190002,0.6074349284172058,0.771242618560791,0.5929133892059326
person_nn_399.jpg,0.8078914284706116,0.06866901367902756,0.820231020450592,0.058341700583696365,0.8079237341880798,0.053402628749608994,0.8432378172874451,0.07187685370445251,0.0,0.0,0.8541167378425598,0.16169916093349457,0.7870385646820068,0.12349862605333328,0.8639197945594788,0.2714308500289917,0.7446719408035278,0.15376640856266022,0.8351107239723206,0.3253531754016876,0.7671498656272888,0.09632910043001175,0.8183605670928955,0.34249719977378845,0.7754036784172058,0.32518845796585083,0.8153127431869507,0.48213016986846924,0.768981397151947,0.467032253742218,0.8200483918190002,0.6074349284172058,0.771242618560791,0.5929133892059326
person_nn_400.jpg,0.8064606189727783,0.07064060866832733,0.8174492120742798,0.06005287915468216,0.8061705231666565,0.05587955564260483,0.8409516215324402,0.07195999473333359,0.0,0.0,0.8558127284049988,0.16175778210163116,0.7886561751365662,0.12050849944353104,0.8645139336585999,0.27122411131858826,0.7433362603187561,0.1413503736257553,0.8264122009277344,0.32045668363571167,0.7739055752754211,0.08752240985631943,0.821152925491333,0.3404139280319214,0.7776188850402832,0.321411669254303,0.8188523054122925,0.4743642210960388,0.7688384652137756,0.455363929271698,0.8253294825553894,0.5907321572303772,0.769342303276062,0.5720429420471191
person_nn_401.jpg,0.8057909607887268,0.07235867530107498,0.8165568113327026,0.061895422637462616,0.8060791492462158,0.05795475095510483,0.8390644788742065,0.0727931559085846,0.0,0.0,0.8558668494224548,0.1562778651714325,0.7891066074371338,0.11511284112930298,0.8657750487327576,0.25969910621643066,0.7441933751106262,0.14070113003253937,0.8368673324584961,0.33525484800338745,0.7703267931938171,0.0880904421210289,0.820123553276062,0.3384972810745239,0.7760409116744995,0.3167203962802887,0.8190726041793823,0.4739662706851959,0.7670146822929382,0.4499616026878357,0.8187921047210693,0.5861973762512207,0.763667643070221,0.5579974055290222
person_nn_402.jpg,0.8058483004570007,0.07290038466453552,0.8160154819488525,0.0626872330904007,0.8062647581100464,0.058738481253385544,0.8380762934684753,0.07344464212656021,0.0,0.0,0.8553030490875244,0.15736854076385498,0.790202796459198,0.11390469968318939,0.8643592000007629,0.2608833909034729,0.7432689070701599,0.13519302010536194,0.8335291743278503,0.3320743441581726,0.7713083624839783,0.08051081746816635,0.816143810749054,0.33765244483947754,0.7743675708770752,0.3144121766090393,0.8077157139778137,0.46812310814857483,0.7655324935913086,0.44234487414360046,0.8060548901557922,0.5831474661827087,0.7653723955154419,0.5525660514831543
person_nn_403.jpg,0.8045170307159424,0.07224009186029434,0.8147665858268738,0.06157870590686798,0.8045543432235718,0.05788609758019447,0.8373430967330933,0.07178696990013123,0.0,0.0,0.8542381525039673,0.15888245403766632,0.7880359292030334,0.11380012333393097,0.8606441020965576,0.26473936438560486,0.7431584596633911,0.1376589685678482,0.8257577419281006,0.3275979161262512,0.7735600471496582,0.09195802360773087,0.8155055642127991,0.33485081791877747,0.773158609867096,0.3115391433238983,0.8078400492668152,0.4631568491458893,0.765537679195404,0.43863216042518616,0.8024795055389404,0.5731035470962524,0.7657139301300049,0.5486956238746643
person_nn_404.jpg,0.8045170307159424,0.07224009186029434,0.8147665858268738,0.06157870590686798,0.8045543432235718,0.05788609758019447,0.8373430967330933,0.07178696990013123,0.0,0.0,0.8542381525039673,0.15888245403766632,0.7880359292030334,0.11380012333393097,0.8606441020965576,0.26473936438560486,0.7431584596633911,0.1376589685678482,0.8257577419281006,0.3275979161262512,0.7735600471496582,0.09195802360773087,0.8155055642127991,0.33485081791877747,0.773158609867096,0.3115391433238983,0.8078400492668152,0.4631568491458893,0.765537679195404,0.43863216042518616,0.8024795055389404,0.5731035470962524,0.7657139301300049,0.5486956238746643
person_nn_405.jpg,0.8048916459083557,0.07007124274969101,0.8158765435218811,0.060214851051568985,0.8047388792037964,0.055361367762088776,0.8374878168106079,0.07321138679981232,0.0,0.0,0.8527040481567383,0.16266560554504395,0.785172164440155,0.11479324102401733,0.8594993352890015,0.2671453654766083,0.7424204349517822,0.13333047926425934,0.8247119188308716,0.32728227972984314,0.7664052844047546,0.08091001212596893,0.8151952624320984,0.33565792441368103,0.7721878886222839,0.31153905391693115,0.8061250448226929,0.46138519048690796,0.7637170553207397,0.4371117651462555,0.8002131581306458,0.569492518901825,0.7664705514907837,0.5469837784767151
person_nn_406.jpg,0.8045617938041687,0.06870755553245544,0.815591037273407,0.058713365346193314,0.8043217062950134,0.054321855306625366,0.8389387726783752,0.07384054362773895,0.0,0.0,0.8554674983024597,0.165889173746109,0.7922338247299194,0.1251598298549652,0.8626270890235901,0.2726048529148102,0.7511656880378723,0.1287507563829422,0.8218331336975098,0.3287043571472168,0.7610830068588257,0.07774057239294052,0.8113175630569458,0.3417218327522278,0.7718380093574524,0.31915128231048584,0.7995504140853882,0.47499385476112366,0.7640129923820496,0.44315144419670105,0.7962967753410339,0.6018931865692139,0.7675944566726685,0.5588710308074951
person_nn_407.jpg,0.8063812851905823,0.06835092604160309,0.817266583442688,0.05902300029993057,0.8060640096664429,0.05406176298856735,0.8396487832069397,0.07455583661794662,0.0,0.0,0.8537217378616333,0.16525352001190186,0.792997419834137,0.1244470626115799,0.8629973530769348,0.26669326424598694,0.7491360306739807,0.11505533754825592,0.8236067295074463,0.33180177211761475,0.7488231658935547,0.05882176011800766,0.8148451447486877,0.3426826298236847,0.7777979969978333,0.32187753915786743,0.7990550398826599,0.47596848011016846,0.769923985004425,0.4511217176914215,0.7944912314414978,0.5929825305938721,0.7719247341156006,0.5597636699676514
person_nn_408.jpg,0.8072709441184998,0.07189936190843582,0.8183683156967163,0.06230185180902481,0.807893693447113,0.05656101927161217,0.840868353843689,0.0781223326921463,0.0,0.0,0.859879195690155,0.17137263715267181,0.7953845858573914,0.12294260412454605,0.8641757965087891,0.2731669247150421,0.751642644405365,0.11367659270763397,0.8203074336051941,0.3342612683773041,0.7443267703056335,0.05769529938697815,0.8240973353385925,0.36089226603507996,0.7821733951568604,0.3354310691356659,0.819131076335907,0.5017533302307129,0.772140622138977,0.46660304069519043,0.8101027011871338,0.6330736875534058,0.7698665857315063,0.5887258052825928
person_nn_409.jpg,0.8136587142944336,0.08007170259952545,0.8255329728126526,0.07161301374435425,0.814934253692627,0.06643468886613846,0.8484621644020081,0.09086313098669052,0.0,0.0,0.8628312945365906,0.1838919073343277,0.801345705986023,0.12431804835796356,0.8702408671379089,0.28893041610717773,0.7568642497062683,0.09383020550012589,0.8377444744110107,0.34134015440940857,0.736641526222229,0.05307866260409355,0.8111408948898315,0.3490297198295593,0.7714731097221375,0.3187411427497864,0.0,0.0,0.0,0.0,0.0,0.0,0.0,0.0
person_nn_410.jpg,0.919703483581543,0.5112668871879578,0.9345665574073792,0.4949692189693451,0.9089657664299011,0.48635533452033997,0.0,0.0,0.8822235465049744,0.45353764295578003,0.9568698406219482,0.5200596451759338,0.8356905579566956,0.5191470980644226,0.9729491472244263,0.6525086760520935,0.8066077828407288,0.683630108833313,0.9413812160491943,0.7092471718788147,0.8846429586410522,0.71638023853302,0.9126843214035034,0.7710817456245422,0.8336570858955383,0.7675268650054932,0.8832190632820129,0.8839526176452637,0.7986833453178406,0.8804249167442322,0.0,0.0,0.0,0.0
person_nn_411.jpg,0.817928671836853,0.08072025328874588,0.829640805721283,0.07250923663377762,0.8190345168113708,0.06769180297851562,0.8517917990684509,0.09402041137218475,0.0,0.0,0.8653650283813477,0.18765510618686676,0.8020345568656921,0.12817879021167755,0.8728829622268677,0.29032737016677856,0.7546882033348083,0.09085898846387863,0.8438655734062195,0.34616079926490784,0.7358852028846741,0.04955708980560303,0.8155517578125,0.34771353006362915,0.7747750282287598,0.319273978471756,0.0,0.0,0.0,0.0,0.0,0.0,0.0,0.0
person_nn_412.jpg,0.9082791209220886,0.5100356936454773,0.921152651309967,0.4942995309829712,0.8988431692123413,0.4871792495250702,0.0,0.0,0.873660147190094,0.454537034034729,0.9525881409645081,0.5171999335289001,0.822905421257019,0.5145143270492554,0.9656923413276672,0.6523534655570984,0.7882714867591858,0.6695127487182617,0.9328000545501709,0.7058367729187012,0.8672460317611694,0.7061055898666382,0.9160159826278687,0.7343511581420898,0.8216948509216309,0.7334154844284058,0.9569876194000244,0.8484395742416382,0.7837926149368286,0.8446681499481201,0.0,0.0,0.7602475881576538,0.9725582003593445
person_nn_413.jpg,0.8909639120101929,0.5003434419631958,0.9070727825164795,0.48421427607536316,0.8802045583724976,0.4731813967227936,0.9282418489456177,0.45866069197654724,0.8556072115898132,0.43613967299461365,0.9474580883979797,0.5061631202697754,0.804993212223053,0.507556676864624,0.9589367508888245,0.6333450078964233,0.778061032295227,0.6697989702224731,0.9138400554656982,0.6944039463996887,0.8495578765869141,0.7042263150215149,0.9197084903717041,0.7308560013771057,0.8176548480987549,0.7303435802459717,0.9495430588722229,0.8675525188446045,0.7689757943153381,0.8646162748336792,0.0,0.0,0.0,0.0
person_nn_414.jpg,0.8222748041152954,0.0824347659945488,0.8332833647727966,0.0754920244216919,0.822813093662262,0.0703856498003006,0.8549604415893555,0.098030224442482,0.0,0.0,0.8702808022499084,0.19922535121440887,0.8089598417282104,0.12618893384933472,0.8753145933151245,0.29394176602363586,0.763865053653717,0.094430111348629,0.8532871007919312,0.3558577299118042,0.7403395175933838,0.05137912556529045,0.8241042494773865,0.37856391072273254,0.7819092869758606,0.3433896005153656,0.0,0.0,0.0,0.0,0.0,0.0,0.0,0.0
person_nn_415.jpg,0.8791773915290833,0.4879359304904938,0.8926287889480591,0.4711068868637085,0.8718246221542358,0.46200135350227356,0.9107211828231812,0.44252893328666687,0.85186368227005,0.42098456621170044,0.9302346706390381,0.49231359362602234,0.7933019995689392,0.48952043056488037,0.9491179585456848,0.624984622001648,0.7649935483932495,0.6453206539154053,0.909362256526947,0.6904335021972656,0.8334418535232544,0.690152645111084,0.8952076435089111,0.7182871103286743,0.7988029718399048,0.7183248400688171,0.9261462092399597,0.8614979982376099,0.7584570050239563,0.8705946803092957,0.0,0.0,0.7425625920295715,0.9526136517524719
person_nn_416.jpg,0.8230357766151428,0.08288641273975372,0.8351373672485352,0.07609923183917999,0.8244109153747559,0.07151439785957336,0.8553727865219116,0.09819087386131287,0.0,0.0,0.8651540875434875,0.18508347868919373,0.8032112717628479,0.1242908462882042,0.8712190389633179,0.2868584096431732,0.7588496208190918,0.08465415239334106,0.848325788974762,0.35613322257995605,0.7304102778434753,0.041954681277275085,0.816756010055542,0.3439691662788391,0.7753490209579468,0.3157835602760315,0.813470184803009,0.47510796785354614,0.7663209438323975,0.45182672142982483,0.8126961588859558,0.583067774772644,0.7652789354324341,0.5743183493614197
person_nn_417.jpg,0.8791773915290833,0.4879359304904938,0.8926287889480591,0.4711068868637085,0.8718246221542358,0.46200135350227356,0.9107211828231812,0.44252893328666687,0.85186368227005,0.42098456621170044,0.9302346706390381,0.49231359362602234,0.7933019995689392,0.48952043056488037,0.9491179585456848,0.624984622001648,0.7649935483932495,0.6453206539154053,0.909362256526947,0.6904335021972656,0.8334418535232544,0.690152645111084,0.8952076435089111,0.7182871103286743,0.7988029718399048,0.7183248400688171,0.9261462092399597,0.8614979982376099,0.7584570050239563,0.8705946803092957,0.0,0.0,0.7425625920295715,0.9526136517524719
person_nn_418.jpg,0.8230357766151428,0.08288641273975372,0.8351373672485352,0.07609923183917999,0.8244109153747559,0.07151439785957336,0.8553727865219116,0.09819087386131287,0.0,0.0,0.8651540875434875,0.18508347868919373,0.8032112717628479,0.1242908462882042,0.8712190389633179,0.2868584096431732,0.7588496208190918,0.08465415239334106,0.848325788974762,0.35613322257995605,0.7304102778434753,0.041954681277275085,0.816756010055542,0.3439691662788391,0.7753490209579468,0.3157835602760315,0.813470184803009,0.47510796785354614,0.7663209438323975,0.45182672142982483,0.8126961588859558,0.583067774772644,0.7652789354324341,0.5743183493614197
person_nn_419.jpg,0.8727906942367554,0.48324987292289734,0.8872039318084717,0.4674564599990845,0.8637967109680176,0.459976464509964,0.0,0.0,0.8409925103187561,0.42002323269844055,0.9211015105247498,0.4906565845012665,0.7872446775436401,0.4792555272579193,0.9333068132400513,0.6319183707237244,0.7591682076454163,0.6292223334312439,0.8954927921295166,0.6978775262832642,0.8210428953170776,0.6879251003265381,0.8795713186264038,0.7098297476768494,0.7866033315658569,0.7067363262176514,0.9167014956474304,0.8261430859565735,0.7624814510345459,0.8307856321334839,0.0,0.0,0.7380424737930298,0.971584141254425
person_nn_420.jpg,0.8248105645179749,0.08461907505989075,0.8375146389007568,0.07823529094457626,0.8263865113258362,0.07281418889760971,0.8580681085586548,0.10273978859186172,0.0,0.0,0.8674094080924988,0.19256417453289032,0.8054546117782593,0.12744872272014618,0.8720147609710693,0.2979934811592102,0.758994996547699,0.08629422634840012,0.8411601781845093,0.3607826232910156,0.7284743189811707,0.04103429988026619,0.818277895450592,0.35579684376716614,0.7770843505859375,0.3256615996360779,0.8109041452407837,0.4947551488876343,0.7685972452163696,0.4698803722858429,0.810149073600769,0.5996862053871155,0.7672923803329468,0.592491865158081
person_nn_421.jpg,0.8628747463226318,0.47781121730804443,0.8772785663604736,0.46094539761543274,0.8538433313369751,0.452909380197525,0.8952676057815552,0.43757370114326477,0.8316634893417358,0.41679030656814575,0.9084975719451904,0.49905475974082947,0.7823053002357483,0.4856961965560913,0.9234386086463928,0.6280117630958557,0.7523524761199951,0.620877206325531,0.8861079216003418,0.6884492039680481,0.8112189769744873,0.67838454246521,0.8745414614677429,0.711716890335083,0.7873930931091309,0.708040177822113,0.9052854180335999,0.8302146792411804,0.7596136331558228,0.8334035277366638,0.0,0.0,0.7366954684257507,0.9606814384460449
person_nn_422.jpg,0.826029360294342,0.08899236470460892,0.8385908603668213,0.08149998635053635,0.8264000415802002,0.0749511569738388,0.8584526777267456,0.10429765284061432,0.0,0.0,0.8668854236602783,0.1959429830312729,0.8065118789672852,0.1288904845714569,0.8712451457977295,0.29989784955978394,0.7584226727485657,0.0866827741265297,0.8427004218101501,0.3597226142883301,0.7310196757316589,0.04042686149477959,0.8191644549369812,0.358657568693161,0.7794519066810608,0.3265869617462158,0.798423171043396,0.48440617322921753,0.7614703178405762,0.4554220139980316,0.0,0.0,0.0,0.0
person_nn_423.jpg,0.849696159362793,0.47644156217575073,0.8660792708396912,0.46217453479766846,0.8423681855201721,0.4505080282688141,0.8891116976737976,0.4383448362350464,0.8254260420799255,0.40906327962875366,0.9008395671844482,0.4910050332546234,0.7746458649635315,0.4698844254016876,0.917410671710968,0.6259246468544006,0.7448536157608032,0.6145403385162354,0.8799813389778137,0.6784406304359436,0.8054324984550476,0.6732855439186096,0.8621999621391296,0.7082509398460388,0.7764853835105896,0.7006860375404358,0.8811178803443909,0.8282103538513184,0.7506389617919922,0.8290657997131348,0.0,0.0,0.7220975756645203,0.9567710161209106
person_nn_424.jpg,0.8266730308532715,0.09439060091972351,0.8394067287445068,0.08629558235406876,0.8258918523788452,0.07910317927598953,0.8586022853851318,0.10386030375957489,0.8256796598434448,0.08059774339199066,0.8687434792518616,0.1999311000108719,0.801295816898346,0.12341870367527008,0.8730202317237854,0.3083580732345581,0.7524134516716003,0.07653433829545975,0.8342176675796509,0.353759229183197,0.7367516160011292,0.031507451087236404,0.8182465434074402,0.3650975227355957,0.7753139734268188,0.32866865396499634,0.0,0.0,0.0,0.0,0.0,0.0,0.0,0.0
person_nn_425.jpg,0.8367074131965637,0.46281230449676514,0.853984534740448,0.4488343298435211,0.8284825682640076,0.44060710072517395,0.8825404644012451,0.4354870021343231,0.8157919645309448,0.41353151202201843,0.8986216187477112,0.4988495409488678,0.7753940224647522,0.4702341854572296,0.9055526256561279,0.6522894501686096,0.739995002746582,0.614477813243866,0.867738664150238,0.668610692024231,0.8034541606903076,0.6686732769012451,0.8650669455528259,0.702302098274231,0.7788650989532471,0.6918073296546936,0.8945879936218262,0.8069071173667908,0.7569063901901245,0.797793984413147,0.8715174794197083,0.9313758611679077,0.7331916689872742,0.9461288452148438
person_nn_426.jpg,0.830276370048523,0.09493043273687363,0.8415098786354065,0.08680649846792221,0.8278548717498779,0.07904461026191711,0.85862797498703,0.10097384452819824,0.8252493739128113,0.07758873701095581,0.8686824440956116,0.19870661199092865,0.7998963594436646,0.12076250463724136,0.8750917911529541,0.3024972677230835,0.7469838857650757,0.07616347819566727,0.8419872522354126,0.34254395961761475,0.7383232116699219,0.02512085624039173,0.8211856484413147,0.3551141917705536,0.7766543030738831,0.31921184062957764,0.0,0.0,0.0,0.0,0.0,0.0,0.0,0.0
person_nn_427.jpg,0.8367074131965637,0.46281230449676514,0.853984534740448,0.4488343298435211,0.8284825682640076,0.44060710072517395,0.8825404644012451,0.4354870021343231,0.8157919645309448,0.41353151202201843,0.8986216187477112,0.4988495409488678,0.7753940224647522,0.4702341854572296,0.9055526256561279,0.6522894501686096,0.739995002746582,0.614477813243866,0.867738664150238,0.668610692024231,0.8034541606903076,0.6686732769012451,0.8650669455528259,0.702302098274231,0.7788650989532471,0.6918073296546936,0.8945879936218262,0.8069071173667908,0.7569063901901245,0.797793984413147,0.8715174794197083,0.9313758611679077,0.7331916689872742,0.9461288452148438
person_nn_428.jpg,0.830276370048523,0.09493043273687363,0.8415098786354065,0.08680649846792221,0.8278548717498779,0.07904461026191711,0.85862797498703,0.10097384452819824,0.8252493739128113,0.07758873701095581,0.8686824440956116,0.19870661199092865,0.7998963594436646,0.12076250463724136,0.8750917911529541,0.3024972677230835,0.7469838857650757,0.07616347819566727,0.8419872522354126,0.34254395961761475,0.7383232116699219,0.02512085624039173,0.8211856484413147,0.3551141917705536,0.7766543030738831,0.31921184062957764,0.0,0.0,0.0,0.0,0.0,0.0,0.0,0.0
person_nn_429.jpg,0.8396328687667847,0.4535701870918274,0.8534957766532898,0.43610626459121704,0.8288390040397644,0.4325549900531769,0.8747703433036804,0.4225185513496399,0.8095681667327881,0.4133071303367615,0.8905279040336609,0.4956730604171753,0.7660226821899414,0.4860963523387909,0.9009878635406494,0.626344621181488,0.7288037538528442,0.615809440612793,0.8695046305656433,0.6668595671653748,0.7896339297294617,0.6719285845756531,0.8581307530403137,0.7011188268661499,0.7712956666946411,0.7007525563240051,0.8952772617340088,0.8239778280258179,0.7553002834320068,0.8314581513404846,0.0,0.0,0.0,0.0
person_nn_430.jpg,0.8323854804039001,0.0979027971625328,0.8428274393081665,0.08833993971347809,0.8285573720932007,0.08216089755296707,0.8585480451583862,0.10020032525062561,0.8229866623878479,0.0806904211640358,0.8676984906196594,0.19709715247154236,0.79634690284729,0.12353852391242981,0.8761903643608093,0.2991219460964203,0.740733802318573,0.07934918254613876,0.8441162109375,0.3320150673389435,0.7515801191329956,0.023291807621717453,0.8250435590744019,0.35441839694976807,0.7787461876869202,0.32290130853652954,0.0,0.0,0.0,0.0,0.0,0.0,0.0,0.0
person_nn_431.jpg,0.8349524140357971,0.45381587743759155,0.8505390882492065,0.43648606538772583,0.824273943901062,0.4316835403442383,0.8730629682540894,0.4280533790588379,0.804286777973175,0.41443192958831787,0.8883942365646362,0.4985349476337433,0.7606579661369324,0.48408666253089905,0.9041016101837158,0.6064896583557129,0.7175412178039551,0.5928460955619812,0.8736745715141296,0.6556827425956726,0.7618303894996643,0.6768211126327515,0.8558043837547302,0.714227557182312,0.7669071555137634,0.7109127044677734,0.8905462026596069,0.8113946318626404,0.7463037371635437,0.8136211633682251,0.8680530190467834,0.9204994440078735,0.7327656745910645,0.9444926977157593
person_nn_432.jpg,0.8315338492393494,0.096375472843647,0.8421268463134766,0.08761288970708847,0.8278689980506897,0.08036431670188904,0.857077419757843,0.09926195442676544,0.8215775489807129,0.07781121879816055,0.8668280839920044,0.19360603392124176,0.7965973019599915,0.12204836308956146,0.8772623538970947,0.29633718729019165,0.7508456707000732,0.09633582085371017,0.8418633937835693,0.3244367241859436,0.7437480688095093,0.06626966595649719,0.823042631149292,0.3492468595504761,0.776874840259552,0.31679585576057434,0.0,0.0,0.0,0.0,0.0,0.0,0.0,0.0
person_nn_433.jpg,0.8392215371131897,0.4570951461791992,0.8531264662742615,0.4381222128868103,0.8267662525177002,0.43422725796699524,0.8712678551673889,0.42463353276252747,0.8020718693733215,0.41445159912109375,0.8800551891326904,0.4950947165489197,0.7569705843925476,0.481545090675354,0.899811327457428,0.5983240604400635,0.7031621336936951,0.5707478523254395,0.872472882270813,0.6503021121025085,0.7315051555633545,0.6513164043426514,0.8537879586219788,0.7311447858810425,0.7693103551864624,0.732201337814331,0.8807703852653503,0.8266369104385376,0.7453180551528931,0.845223605632782,0.0,0.0,0.0,0.0
person_nn_434.jpg,0.8278866410255432,0.09714172035455704,0.8399301171302795,0.08748498558998108,0.825040340423584,0.07766794413328171,0.8547787666320801,0.09725116938352585,0.0,0.0,0.8614729046821594,0.1697743684053421,0.792474627494812,0.13447459042072296,0.861843466758728,0.2819834053516388,0.779106855392456,0.2276066541671753,0.8133096098899841,0.2817428708076477,0.7794845700263977,0.2608415186405182,0.8299034237861633,0.3395650386810303,0.7839516997337341,0.3208048641681671,0.0,0.0,0.0,0.0,0.0,0.0,0.0,0.0
person_nn_435.jpg,0.8384226560592651,0.4574471116065979,0.8514072299003601,0.43909159302711487,0.8255981802940369,0.4358595311641693,0.8660944700241089,0.4215109050273895,0.7994897365570068,0.4134085476398468,0.8760057091712952,0.4761355519294739,0.7625461220741272,0.4658852517604828,0.893137514591217,0.5881879925727844,0.6989759206771851,0.5745792388916016,0.8718915581703186,0.6375422477722168,0.7308679819107056,0.6247960925102234,0.8415244817733765,0.7095355987548828,0.7703491449356079,0.7045078277587891,0.8222303986549377,0.8205567598342896,0.74725341796875,0.8160681128501892,0.0,0.0,0.0,0.0
person_nn_436.jpg,0.8343458771705627,0.4555690586566925,0.8469599485397339,0.43579182028770447,0.8226956725120544,0.4338524341583252,0.8610454201698303,0.4245277941226959,0.7992342710494995,0.41863328218460083,0.8735834956169128,0.4934682250022888,0.7584444880485535,0.4782341420650482,0.8920703530311584,0.6063010692596436,0.6969547271728516,0.5739057064056396,0.8711411952972412,0.6513007879257202,0.721979022026062,0.6449488401412964,0.835632860660553,0.7368791103363037,0.7628940939903259,0.7320212125778198,0.8261222839355469,0.8560468554496765,0.7500048875808716,0.8561774492263794,0.0,0.0,0.0,0.0
person_nn_437.jpg,0.8234158754348755,0.09531509131193161,0.8349780440330505,0.08464792370796204,0.8197463750839233,0.07705864310264587,0.851565420627594,0.0917000025510788,0.0,0.0,0.8607337474822998,0.16247189044952393,0.792846143245697,0.133378803730011,0.855721116065979,0.279377281665802,0.7771756052970886,0.2324657142162323,0.807241678237915,0.2494935840368271,0.7756854295730591,0.23500178754329681,0.8308155536651611,0.32690632343292236,0.7856874465942383,0.3100314140319824,0.0,0.0,0.0,0.0,0.0,0.0,0.0,0.0
person_nn_438.jpg,0.8343458771705627,0.4555690586566925,0.8469599485397339,0.43579182028770447,0.8226956725120544,0.4338524341583252,0.8610454201698303,0.4245277941226959,0.7992342710494995,0.41863328218460083,0.8735834956169128,0.4934682250022888,0.7584444880485535,0.4782341420650482,0.8920703530311584,0.6063010692596436,0.6969547271728516,0.5739057064056396,0.8711411952972412,0.6513007879257202,0.721979022026062,0.6449488401412964,0.835632860660553,0.7368791103363037,0.7628940939903259,0.7320212125778198,0.8261222839355469,0.8560468554496765,0.7500048875808716,0.8561774492263794,0.0,0.0,0.0,0.0
person_nn_439.jpg,0.8234158754348755,0.09531509131193161,0.8349780440330505,0.08464792370796204,0.8197463750839233,0.07705864310264587,0.851565420627594,0.0917000025510788,0.0,0.0,0.8607337474822998,0.16247189044952393,0.792846143245697,0.133378803730011,0.855721116065979,0.279377281665802,0.7771756052970886,0.2324657142162323,0.807241678237915,0.2494935840368271,0.7756854295730591,0.23500178754329681,0.8308155536651611,0.32690632343292236,0.7856874465942383,0.3100314140319824,0.0,0.0,0.0,0.0,0.0,0.0,0.0,0.0
person_nn_440.jpg,0.8343626856803894,0.45659369230270386,0.8458687663078308,0.4369436204433441,0.8211753964424133,0.4349638819694519,0.0,0.0,0.7934556007385254,0.4180506467819214,0.8719229102134705,0.4896591305732727,0.7536013126373291,0.4777876138687134,0.8931235074996948,0.590078592300415,0.6952847242355347,0.5699034333229065,0.8742707967758179,0.6404244899749756,0.7250967025756836,0.6396559476852417,0.8339021801948547,0.7293795943260193,0.7581894993782043,0.7242400646209717,0.8291234374046326,0.8656977415084839,0.7409448623657227,0.8601321578025818,0.0,0.0,0.0,0.0
person_nn_441.jpg,0.8166594505310059,0.09225834161043167,0.8269655108451843,0.08205444365739822,0.8142290711402893,0.07521215826272964,0.8457795977592468,0.08693350106477737,0.0,0.0,0.8589995503425598,0.1632639467716217,0.7964940071105957,0.11565656960010529,0.8480607867240906,0.2742099165916443,0.7688063383102417,0.15728312730789185,0.8000673651695251,0.23758473992347717,0.7608794569969177,0.1087300255894661,0.819613516330719,0.34002918004989624,0.7779127359390259,0.3137016296386719,0.0,0.0,0.0,0.0,0.0,0.0,0.0,0.0
person_nn_442.jpg,0.8322740197181702,0.456553190946579,0.8447774648666382,0.4371241629123688,0.8197736740112305,0.4331477880477905,0.0,0.0,0.7922722697257996,0.4092402756214142,0.8696889877319336,0.48434677720069885,0.751637876033783,0.4719052016735077,0.897315263748169,0.587283194065094,0.6947988271713257,0.5735870599746704,0.8758420348167419,0.6400660872459412,0.7377356886863708,0.6511822938919067,0.8386586904525757,0.7419690489768982,0.7633967399597168,0.7392652034759521,0.8429975509643555,0.8976293802261353,0.7574160099029541,0.8953927755355835,0.0,0.0,0.0,0.0
person_nn_443.jpg,0.8121333718299866,0.08989246934652328,0.8225523829460144,0.07933556288480759,0.8100338578224182,0.07391607016324997,0.84320068359375,0.082356758415699,0.0,0.0,0.8564994931221008,0.15356868505477905,0.7927505373954773,0.12491761893033981,0.8449410200119019,0.2718782126903534,0.7721551656723022,0.21345949172973633,0.7976241707801819,0.23195427656173706,0.7715511322021484,0.19591595232486725,0.8183126449584961,0.34487077593803406,0.7756506204605103,0.3277217149734497,0.0,0.0,0.0,0.0,0.0,0.0,0.0,0.0
person_nn_444.jpg,0.829146146774292,0.45898619294166565,0.8425638675689697,0.43734511733055115,0.8182404041290283,0.4337940514087677,0.8565661311149597,0.4100852310657501,0.7911942601203918,0.39960891008377075,0.8699487447738647,0.47153162956237793,0.7494844198226929,0.462062269449234,0.8973015546798706,0.5861760377883911,0.6962181329727173,0.5742875933647156,0.8742581009864807,0.6375536322593689,0.7260744571685791,0.638404905796051,0.8388960361480713,0.7318753004074097,0.7638809680938721,0.7295497059822083,0.8322344422340393,0.8703321218490601,0.7499035596847534,0.8701589703559875,0.0,0.0,0.0,0.0
person_nn_445.jpg,0.8087199926376343,0.08619540929794312,0.819166898727417,0.07515984028577805,0.8070523142814636,0.06956891715526581,0.84123295545578,0.07876156270503998,0.0,0.0,0.8568316102027893,0.15629459917545319,0.7931327819824219,0.12113265693187714,0.8440770506858826,0.2669593095779419,0.7656437754631042,0.18006034195423126,0.7932247519493103,0.23305799067020416,0.757449209690094,0.13966773450374603,0.8212385773658752,0.356930673122406,0.7781471014022827,0.3367396593093872,0.0,0.0,0.0,0.0,0.0,0.0,0.0,0.0
person_nn_446.jpg,0.8068656921386719,0.08358505368232727,0.8173743486404419,0.07358284294605255,0.8054882287979126,0.06738043576478958,0.8397639393806458,0.0784144178032875,0.0,0.0,0.8552839159965515,0.15301325917243958,0.7934664487838745,0.11420828849077225,0.8412320613861084,0.2605750560760498,0.7653834819793701,0.17078366875648499,0.7939502000808716,0.22972224652767181,0.7567734718322754,0.14724892377853394,0.8208001852035522,0.3435928225517273,0.7788345813751221,0.3213655352592468,0.0,0.0,0.0,0.0,0.0,0.0,0.0,0.0
person_nn_447.jpg,0.827113151550293,0.45781680941581726,0.8412333130836487,0.435966432094574,0.8161114454269409,0.4321387708187103,0.8571686148643494,0.40873274207115173,0.7893404960632324,0.3973194360733032,0.8702490925788879,0.468250572681427,0.7481454610824585,0.46246734261512756,0.8970693945884705,0.5811185836791992,0.6966925859451294,0.5766758322715759,0.8715867400169373,0.6384133100509644,0.7238478064537048,0.6319161653518677,0.8480156660079956,0.7299475073814392,0.7699673771858215,0.7313387393951416,0.8576532006263733,0.8522593379020691,0.7619732022285461,0.8574661016464233,0.0,0.0,0.0,0.0
person_nn_448.jpg,0.8068656921386719,0.08358505368232727,0.8173743486404419,0.07358284294605255,0.8054882287979126,0.06738043576478958,0.8397639393806458,0.0784144178032875,0.0,0.0,0.8552839159965515,0.15301325917243958,0.7934664487838745,0.11420828849077225,0.8412320613861084,0.2605750560760498,0.7653834819793701,0.17078366875648499,0.7939502000808716,0.22972224652767181,0.7567734718322754,0.14724892377853394,0.8208001852035522,0.3435928225517273,0.7788345813751221,0.3213655352592468,0.0,0.0,0.0,0.0,0.0,0.0,0.0,0.0
person_nn_449.jpg,0.827113151550293,0.45781680941581726,0.8412333130836487,0.435966432094574,0.8161114454269409,0.4321387708187103,0.8571686148643494,0.40873274207115173,0.7893404960632324,0.3973194360733032,0.8702490925788879,0.468250572681427,0.7481454610824585,0.46246734261512756,0.8970693945884705,0.5811185836791992,0.6966925859451294,0.5766758322715759,0.8715867400169373,0.6384133100509644,0.7238478064537048,0.6319161653518677,0.8480156660079956,0.7299475073814392,0.7699673771858215,0.7313387393951416,0.8576532006263733,0.8522593379020691,0.7619732022285461,0.8574661016464233,0.0,0.0,0.0,0.0
person_nn_450.jpg,0.8062771558761597,0.08314323425292969,0.8177989721298218,0.07258758693933487,0.8048121929168701,0.0673634335398674,0.8380098342895508,0.07887370884418488,0.0,0.0,0.8514339327812195,0.15434731543064117,0.7882553935050964,0.11895550042390823,0.8447228074073792,0.26125478744506836,0.760168194770813,0.18064549565315247,0.7931628227233887,0.2333928942680359,0.7561953067779541,0.16129609942436218,0.8175296783447266,0.3394853174686432,0.7746508121490479,0.31934842467308044,0.0,0.0,0.0,0.0,0.0,0.0,0.0,0.0
person_nn_451.jpg,0.8066824674606323,0.0816536471247673,0.8164952993392944,0.07039185613393784,0.8043978214263916,0.0656125620007515,0.8381259441375732,0.07174354791641235,0.0,0.0,0.854739785194397,0.14527933299541473,0.7915261387825012,0.11030801385641098,0.8412787914276123,0.251802533864975,0.7615067362785339,0.17135494947433472,0.7962624430656433,0.22506223618984222,0.7579697966575623,0.16293729841709137,0.8226786255836487,0.3313332200050354,0.7803131937980652,0.3110007345676422,0.0,0.0,0.0,0.0,0.0,0.0,0.0,0.0
person_nn_452.jpg,0.806333065032959,0.07992364466190338,0.8157607913017273,0.0689663365483284,0.8039700388908386,0.06509258598089218,0.8372086882591248,0.0702519491314888,0.0,0.0,0.8551576733589172,0.1407882124185562,0.7909679412841797,0.11187787353992462,0.8429154753684998,0.2500532567501068,0.7625568509101868,0.1823863387107849,0.7962542772293091,0.22129537165164948,0.7599762678146362,0.1709747016429901,0.8233487010002136,0.3290340304374695,0.7804881930351257,0.31137919425964355,0.0,0.0,0.0,0.0,0.0,0.0,0.0,0.0
person_nn_453.jpg,0.8064373135566711,0.07859253883361816,0.8157336115837097,0.06792709976434708,0.8042092323303223,0.06419799476861954,0.8369253277778625,0.06994908303022385,0.0,0.0,0.8551127314567566,0.1401912122964859,0.7921636700630188,0.11354237794876099,0.8448498249053955,0.24885401129722595,0.7686668038368225,0.1873771995306015,0.797395646572113,0.22063277661800385,0.7663841247558594,0.17941562831401825,0.8243898749351501,0.3309427499771118,0.7820360064506531,0.31409916281700134,0.0,0.0,0.0,0.0,0.0,0.0,0.0,0.0
person_nn_454.jpg,0.8064373135566711,0.07859253883361816,0.8157336115837097,0.06792709976434708,0.8042092323303223,0.06419799476861954,0.8369253277778625,0.06994908303022385,0.0,0.0,0.8551127314567566,0.1401912122964859,0.7921636700630188,0.11354237794876099,0.8448498249053955,0.24885401129722595,0.7686668038368225,0.1873771995306015,0.797395646572113,0.22063277661800385,0.7663841247558594,0.17941562831401825,0.8243898749351501,0.3309427499771118,0.7820360064506531,0.31409916281700134,0.0,0.0,0.0,0.0,0.0,0.0,0.0,0.0
person_nn_455.jpg,0.8063655495643616,0.07715588063001633,0.815667450428009,0.06651916354894638,0.8040490746498108,0.06299235671758652,0.8367012739181519,0.06873782724142075,0.0,0.0,0.855292558670044,0.13723333179950714,0.7922478318214417,0.11449259519577026,0.8466569185256958,0.24822278320789337,0.7724519371986389,0.19624648988246918,0.797063946723938,0.21993598341941833,0.7698431611061096,0.18667137622833252,0.8255323767662048,0.3295678496360779,0.7828100323677063,0.3144358694553375,0.0,0.0,0.0,0.0,0.0,0.0,0.0,0.0
person_nn_456.jpg,0.8063898086547852,0.07952181249856949,0.8154736161231995,0.06771772354841232,0.8040253520011902,0.06421470642089844,0.8365899920463562,0.06794426590204239,0.0,0.0,0.8552058339118958,0.14290259778499603,0.7899884581565857,0.11284685879945755,0.8486782908439636,0.24909710884094238,0.7656776309013367,0.18358264863491058,0.7974953651428223,0.22068488597869873,0.7702111601829529,0.1810731589794159,0.8223552703857422,0.32791438698768616,0.7785802483558655,0.31003233790397644,0.0,0.0,0.0,0.0,0.0,0.0,0.0,0.0
person_nn_457.jpg,0.8056550621986389,0.07809179276227951,0.8142774701118469,0.06688215583562851,0.8031795024871826,0.06431518495082855,0.8356278538703918,0.06759442389011383,0.0,0.0,0.8567849397659302,0.13867400586605072,0.7926589846611023,0.11175942420959473,0.8484589457511902,0.24318890273571014,0.7682060599327087,0.17637291550636292,0.796281635761261,0.22258295118808746,0.7682914137840271,0.17687135934829712,0.8261551856994629,0.32544171810150146,0.7828652262687683,0.3075183033943176,0.0,0.0,0.0,0.0,0.0,0.0,0.0,0.0
person_nn_458.jpg,0.8053783774375916,0.07852408289909363,0.8139955997467041,0.06742067635059357,0.8030508160591125,0.06474514305591583,0.835319459438324,0.06823436915874481,0.0,0.0,0.856307864189148,0.13891717791557312,0.7934301495552063,0.11160310357809067,0.8488802313804626,0.24079647660255432,0.7695479393005371,0.17411302030086517,0.7970624566078186,0.22277767956256866,0.768429160118103,0.1812410205602646,0.8254756331443787,0.32492300868034363,0.7831406593322754,0.3066823184490204,0.0,0.0,0.0,0.0,0.0,0.0,0.0,0.0
person_nn_459.jpg,0.8237032294273376,0.4628424644470215,0.8392244577407837,0.4422525465488434,0.8133833408355713,0.4365658462047577,0.8586091995239258,0.4080279767513275,0.7896192669868469,0.392361581325531,0.8722302913665771,0.4593272805213928,0.752665102481842,0.44907379150390625,0.8987905383110046,0.5985043048858643,0.7157904505729675,0.5997281670570374,0.8789553046226501,0.6463990807533264,0.7440036535263062,0.7013088464736938,0.8465258479118347,0.7151482701301575,0.7690216302871704,0.7135381102561951,0.8590816259384155,0.7938321828842163,0.7562482357025146,0.7925022840499878,0.0,0.0,0.0,0.0
person_nn_460.jpg,0.806033194065094,0.08021599799394608,0.8149009346961975,0.0688038021326065,0.803491473197937,0.0659741461277008,0.836484432220459,0.06837328523397446,0.0,0.0,0.8571767807006836,0.1382027417421341,0.7929203510284424,0.11098915338516235,0.8493334650993347,0.24242451786994934,0.7709944844245911,0.17872121930122375,0.7978456020355225,0.22419065237045288,0.7722869515419006,0.1920091062784195,0.8278547525405884,0.3295131027698517,0.7843034863471985,0.31168949604034424,0.0,0.0,0.0,0.0,0.0,0.0,0.0,0.0
person_nn_461.jpg,0.8220371007919312,0.46305933594703674,0.8374732136726379,0.4421762526035309,0.8121574521064758,0.43570420145988464,0.8568276762962341,0.4126999080181122,0.7908495664596558,0.395644873380661,0.8701297640800476,0.4707321226596832,0.7529153823852539,0.45304879546165466,0.8980212807655334,0.6078786849975586,0.7134776711463928,0.5975149869918823,0.8967892527580261,0.6303655505180359,0.7442654967308044,0.6903618574142456,0.8384040594100952,0.7173933982849121,0.7642613053321838,0.7109194993972778,0.829947292804718,0.8049724102020264,0.7416518926620483,0.798994243144989,0.0,0.0,0.7478253841400146,0.9661945700645447
person_nn_462.jpg,0.806033194065094,0.08021599799394608,0.8149009346961975,0.0688038021326065,0.803491473197937,0.0659741461277008,0.836484432220459,0.06837328523397446,0.0,0.0,0.8571767807006836,0.1382027417421341,0.7929203510284424,0.11098915338516235,0.8493334650993347,0.24242451786994934,0.7709944844245911,0.17872121930122375,0.7978456020355225,0.22419065237045288,0.7722869515419006,0.1920091062784195,0.8278547525405884,0.3295131027698517,0.7843034863471985,0.31168949604034424,0.0,0.0,0.0,0.0,0.0,0.0,0.0,0.0
person_nn_463.jpg,0.8220371007919312,0.46305933594703674,0.8374732136726379,0.4421762526035309,0.8121574521064758,0.43570420145988464,0.8568276762962341,0.4126999080181122,0.7908495664596558,0.395644873380661,0.8701297640800476,0.4707321226596832,0.7529153823852539,0.45304879546165466,0.8980212807655334,0.6078786849975586,0.7134776711463928,0.5975149869918823,0.8967892527580261,0.6303655505180359,0.7442654967308044,0.6903618574142456,0.8384040594100952,0.7173933982849121,0.7642613053321838,0.7109194993972778,0.829947292804718,0.8049724102020264,0.7416518926620483,0.798994243144989,0.0,0.0,0.7478253841400146,0.9661945700645447
person_nn_464.jpg,0.8083072304725647,0.08105061203241348,0.8174839019775391,0.06879337877035141,0.8044973611831665,0.06774680316448212,0.8364208340644836,0.06881727278232574,0.0,0.0,0.8535681366920471,0.14009469747543335,0.7908838987350464,0.1118721142411232,0.8542859554290771,0.24764302372932434,0.7632994055747986,0.17411865293979645,0.7946723699569702,0.22996006906032562,0.7653099298477173,0.19434328377246857,0.8222381472587585,0.339882493019104,0.7791938781738281,0.32389944791793823,0.0,0.0,0.0,0.0,0.0,0.0,0.0,0.0
person_nn_465.jpg,0.8078316450119019,0.0809352695941925,0.8156046271324158,0.0687619298696518,0.8038468360900879,0.06734804809093475,0.8348293900489807,0.06648416817188263,0.0,0.0,0.8568547964096069,0.1374286413192749,0.7910618185997009,0.1096348986029625,0.8488391637802124,0.24134603142738342,0.7648102045059204,0.17109157145023346,0.7979863286018372,0.22843173146247864,0.7682000398635864,0.18853062391281128,0.8249436616897583,0.32548579573631287,0.7805970907211304,0.30669498443603516,0.0,0.0,0.0,0.0,0.0,0.0,0.0,0.0
person_nn_466.jpg,0.807284414768219,0.08170868456363678,0.815131425857544,0.06914622336626053,0.8031381964683533,0.06783664971590042,0.83415687084198,0.06555397808551788,0.0,0.0,0.8558867573738098,0.1355820745229721,0.7904158234596252,0.10883509367704391,0.8487504124641418,0.24161534011363983,0.7658427953720093,0.17091214656829834,0.7977356314659119,0.2315046191215515,0.7676329016685486,0.18343164026737213,0.8251246213912964,0.32442548871040344,0.7809839844703674,0.3062766492366791,0.0,0.0,0.0,0.0,0.0,0.0,0.0,0.0
person_nn_467.jpg,0.8366053700447083,0.4813704788684845,0.8466094136238098,0.4638575315475464,0.8257598876953125,0.4621511697769165,0.0,0.0,0.7964115738868713,0.4260866641998291,0.8680248260498047,0.46664831042289734,0.7530056238174438,0.46892139315605164,0.8908755779266357,0.5788170695304871,0.694378137588501,0.5929588079452515,0.887171745300293,0.6347113251686096,0.7269813418388367,0.6265279054641724,0.8343289494514465,0.7465975284576416,0.7614608407020569,0.7481707334518433,0.831052303314209,0.8772257566452026,0.7504051327705383,0.8772221803665161,0.0,0.0,0.0,0.0
person_nn_468.jpg,0.806675374507904,0.08282042294740677,0.814723551273346,0.07053004950284958,0.8030169606208801,0.06864237785339355,0.8336296081542969,0.06691274791955948,0.0,0.0,0.854397177696228,0.13537077605724335,0.789488673210144,0.11068129539489746,0.8492230176925659,0.24127642810344696,0.7665247917175293,0.1756296157836914,0.7974611520767212,0.23195259273052216,0.765985369682312,0.18172559142112732,0.8256644010543823,0.32634902000427246,0.781807541847229,0.31010234355926514,0.0,0.0,0.0,0.0,0.0,0.0,0.0,0.0
person_nn_469.jpg,0.806675374507904,0.08282042294740677,0.814723551273346,0.07053004950284958,0.8030169606208801,0.06864237785339355,0.8336296081542969,0.06691274791955948,0.0,0.0,0.854397177696228,0.13537077605724335,0.789488673210144,0.11068129539489746,0.8492230176925659,0.24127642810344696,0.7665247917175293,0.1756296157836914,0.7974611520767212,0.23195259273052216,0.765985369682312,0.18172559142112732,0.8256644010543823,0.32634902000427246,0.781807541847229,0.31010234355926514,0.0,0.0,0.0,0.0,0.0,0.0,0.0,0.0
person_nn_470.jpg,0.804799497127533,0.08650339394807816,0.8137611150741577,0.07414815574884415,0.8017234802246094,0.07118683308362961,0.8342873454093933,0.06919542700052261,0.0,0.0,0.8545964956283569,0.1351979374885559,0.7876762747764587,0.10910681635141373,0.8493145108222961,0.24344570934772491,0.7650960087776184,0.17822198569774628,0.7972280383110046,0.23336082696914673,0.7665484547615051,0.1821374148130417,0.8256747722625732,0.32671502232551575,0.780632495880127,0.3102331757545471,0.0,0.0,0.0,0.0,0.0,0.0,0.0,0.0
person_nn_471.jpg,0.8301120400428772,0.4967114329338074,0.8442081809043884,0.47949469089508057,0.8188562393188477,0.474607914686203,0.0,0.0,0.7934933304786682,0.42410099506378174,0.874517023563385,0.4590378701686859,0.7535620331764221,0.45439019799232483,0.8905784487724304,0.5837362408638,0.7105125188827515,0.5979596972465515,0.8853153586387634,0.6314520835876465,0.7527161836624146,0.665669322013855,0.8332375288009644,0.7081533670425415,0.7565172910690308,0.705225944519043,0.8211960792541504,0.867626428604126,0.7364140152931213,0.8645511865615845,0.0,0.0,0.0,0.0
person_nn_472.jpg,0.8024615049362183,0.08959253877401352,0.8119503855705261,0.07770687341690063,0.8000932335853577,0.07391757518053055,0.8336856961250305,0.07333958894014359,0.0,0.0,0.8538534641265869,0.13850097358226776,0.787572979927063,0.11073058843612671,0.8499683141708374,0.24605458974838257,0.7668130397796631,0.17853248119354248,0.796998918056488,0.2344679981470108,0.7658757567405701,0.18119636178016663,0.8251438140869141,0.3301568329334259,0.78057461977005,0.313039630651474,0.0,0.0,0.0,0.0,0.0,0.0,0.0,0.0
person_nn_473.jpg,0.8284116387367249,0.49052923917770386,0.8425703644752502,0.4762650430202484,0.8180550336837769,0.46834802627563477,0.0,0.0,0.7963671684265137,0.41888853907585144,0.8784324526786804,0.45573434233665466,0.7566251754760742,0.4552896022796631,0.8981941938400269,0.5833427906036377,0.7198538780212402,0.6206566095352173,0.8887984752655029,0.6293920278549194,0.7765856385231018,0.6687807440757751,0.836232602596283,0.7009217143058777,0.7603232264518738,0.6951236724853516,0.8000618815422058,0.8764806985855103,0.730765163898468,0.8658508062362671,0.0,0.0,0.0,0.0
person_nn_474.jpg,0.7993595004081726,0.08665959537029266,0.8087161779403687,0.07503917068243027,0.7972937822341919,0.07200197875499725,0.8318796753883362,0.07374250888824463,0.0,0.0,0.8537787199020386,0.1422795206308365,0.7893539071083069,0.1153152585029602,0.8487794995307922,0.24870508909225464,0.7682676315307617,0.17986924946308136,0.7953509092330933,0.23334698379039764,0.7648548483848572,0.17895561456680298,0.8258613348007202,0.32800811529159546,0.7825273275375366,0.3103804886341095,0.0,0.0,0.0,0.0,0.0,0.0,0.0,0.0
person_nn_475.jpg,0.8384929895401001,0.4922885000705719,0.8492255806922913,0.4760033190250397,0.8275306224822998,0.47280552983283997,0.0,0.0,0.7977997064590454,0.42710748314857483,0.8716257810592651,0.4608609974384308,0.7556220293045044,0.4696238338947296,0.8923203945159912,0.581287145614624,0.7258517742156982,0.6252216696739197,0.8895305395126343,0.6343100070953369,0.7768939733505249,0.681716799736023,0.8440744876861572,0.7079382538795471,0.7695441246032715,0.7112986445426941,0.0,0.0,0.7462723255157471,0.8847249150276184,0.0,0.0,0.0,0.0
person_nn_476.jpg,0.8387779593467712,0.48839786648750305,0.8493945002555847,0.47301721572875977,0.8283465504646301,0.4693700671195984,0.0,0.0,0.8008784651756287,0.4280220568180084,0.87247234582901,0.46058064699172974,0.7572939395904541,0.46974241733551025,0.893041729927063,0.5736390948295593,0.7267885804176331,0.6212999224662781,0.8888488411903381,0.6330737471580505,0.7775213718414307,0.6828399896621704,0.838470458984375,0.7007189989089966,0.7654768228530884,0.7026624083518982,0.8143135905265808,0.8724444508552551,0.7413136959075928,0.8788069486618042,0.0,0.0,0.0,0.0
person_nn_477.jpg,0.798755943775177,0.0854494571685791,0.8080746531486511,0.07402009516954422,0.79683518409729,0.0711393728852272,0.8315015435218811,0.07387665659189224,0.0,0.0,0.8533874154090881,0.14339710772037506,0.7896730303764343,0.1195109561085701,0.8479669094085693,0.2507613003253937,0.7713200449943542,0.19163690507411957,0.7952172160148621,0.23018114268779755,0.7688919305801392,0.19026301801204681,0.825162410736084,0.33171316981315613,0.7820471525192261,0.3156454861164093,0.0,0.0,0.0,0.0,0.0,0.0,0.0,0.0
person_nn_478.jpg,0.8387779593467712,0.48839786648750305,0.8493945002555847,0.47301721572875977,0.8283465504646301,0.4693700671195984,0.0,0.0,0.8008784651756287,0.4280220568180084,0.87247234582901,0.46058064699172974,0.7572939395904541,0.46974241733551025,0.893041729927063,0.5736390948295593,0.7267885804176331,0.6212999224662781,0.8888488411903381,0.6330737471580505,0.7775213718414307,0.6828399896621704,0.838470458984375,0.7007189989089966,0.7654768228530884,0.7026624083518982,0.8143135905265808,0.8724444508552551,0.7413136959075928,0.8788069486618042,0.0,0.0,0.0,0.0
person_nn_479.jpg,0.798755943775177,0.0854494571685791,0.8080746531486511,0.07402009516954422,0.79683518409729,0.0711393728852272,0.8315015435218811,0.07387665659189224,0.0,0.0,0.8533874154090881,0.14339710772037506,0.7896730303764343,0.1195109561085701,0.8479669094085693,0.2507613003253937,0.7713200449943542,0.19163690507411957,0.7952172160148621,0.23018114268779755,0.7688919305801392,0.19026301801204681,0.825162410736084,0.33171316981315613,0.7820471525192261,0.3156454861164093,0.0,0.0,0.0,0.0,0.0,0.0,0.0,0.0
person_nn_480.jpg,0.841095507144928,0.4845542311668396,0.8540442585945129,0.46834152936935425,0.829817533493042,0.4639655649662018,0.0,0.0,0.803009569644928,0.4246712625026703,0.8846705555915833,0.4628472328186035,0.7598211169242859,0.4661944508552551,0.9054902791976929,0.5910431146621704,0.729569673538208,0.6148184537887573,0.8727987408638,0.6420192718505859,0.7901317477226257,0.6766886115074158,0.8621020317077637,0.6551123261451721,0.7779023051261902,0.6592105627059937,0.8722346425056458,0.7821448445320129,0.7459538578987122,0.7965942025184631,0.0,0.0,0.737706184387207,0.9625255465507507
person_nn_481.jpg,0.7977879047393799,0.08451465517282486,0.8071093559265137,0.07339100539684296,0.7964096665382385,0.07043406367301941,0.8308829069137573,0.07372266054153442,0.0,0.0,0.8528679609298706,0.14268554747104645,0.7889155149459839,0.12098967283964157,0.8482236266136169,0.24929232895374298,0.7682698369026184,0.1952587068080902,0.7944863438606262,0.2301214039325714,0.7648981213569641,0.19173036515712738,0.8233070969581604,0.3383174240589142,0.7804834246635437,0.32355594635009766,0.0,0.0,0.0,0.0,0.0,0.0,0.0,0.0
person_nn_482.jpg,0.8535138964653015,0.48729297518730164,0.8647958040237427,0.46860581636428833,0.8399782180786133,0.46696236729621887,0.0,0.0,0.8082956671714783,0.4371059238910675,0.8933297395706177,0.482840895652771,0.7627992630004883,0.4914388954639435,0.902248740196228,0.6044109463691711,0.7382829189300537,0.6298785209655762,0.8656604290008545,0.6515074968338013,0.7933258414268494,0.6710625290870667,0.8616675734519958,0.6769134402275085,0.7711822390556335,0.6833745837211609,0.8923689126968384,0.8155596852302551,0.743585467338562,0.8302295804023743,0.0,0.0,0.0,0.0
person_nn_483.jpg,0.7968907952308655,0.08336912095546722,0.8064583539962769,0.07229793071746826,0.795707106590271,0.06908293068408966,0.8306618928909302,0.07357929646968842,0.0,0.0,0.8525536060333252,0.1442703753709793,0.7888358235359192,0.11942016333341599,0.847896933555603,0.24882128834724426,0.7659244537353516,0.18280020356178284,0.7932649850845337,0.2350444793701172,0.7594735026359558,0.1735592484474182,0.8225751519203186,0.3376319110393524,0.7799358367919922,0.3213203549385071,0.0,0.0,0.0,0.0,0.0,0.0,0.0,0.0
person_nn_484.jpg,0.8577920198440552,0.49289998412132263,0.8683494329452515,0.473507285118103,0.844905436038971,0.47353076934814453,0.0,0.0,0.8139601349830627,0.4350980520248413,0.8937790989875793,0.45601487159729004,0.7659928202629089,0.47713369131088257,0.9002835750579834,0.5988364815711975,0.7535395622253418,0.6372435092926025,0.8569452166557312,0.6687012910842896,0.8042678236961365,0.6862248182296753,0.8595314621925354,0.6489189267158508,0.7699641585350037,0.662017822265625,0.8770152926445007,0.8217645287513733,0.7327306866645813,0.8580981492996216,0.0,0.0,0.0,0.0
person_nn_485.jpg,0.7985061407089233,0.08100087940692902,0.8077619671821594,0.0698012262582779,0.7967019081115723,0.06603331118822098,0.8309342861175537,0.07186952978372574,0.0,0.0,0.8519854545593262,0.1441614180803299,0.785122275352478,0.11400590091943741,0.8443417549133301,0.24429738521575928,0.7565684914588928,0.17835025489330292,0.7918123006820679,0.23473599553108215,0.7626737952232361,0.20074062049388885,0.8227682113647461,0.33481475710868835,0.7783446907997131,0.3167177140712738,0.0,0.0,0.0,0.0,0.0,0.0,0.0,0.0
person_nn_486.jpg,0.8586944937705994,0.48938414454460144,0.8681583404541016,0.4720461964607239,0.8473843932151794,0.47144511342048645,0.0,0.0,0.8199624419212341,0.44023507833480835,0.8978134989738464,0.46951648592948914,0.7740580439567566,0.4977383315563202,0.9054344892501831,0.6131582260131836,0.7688113451004028,0.6723151803016663,0.8604879975318909,0.6798616051673889,0.8189823031425476,0.6866839528083801,0.8593527674674988,0.686935544013977,0.7709944248199463,0.6978908181190491,0.8748233914375305,0.8443182706832886,0.7325742244720459,0.8691345453262329,0.0,0.0,0.0,0.0
person_nn_487.jpg,0.8459873199462891,0.4887295067310333,0.8601007461547852,0.4709630310535431,0.8366005420684814,0.4656137526035309,0.8838099837303162,0.4315177798271179,0.0,0.0,0.9003094434738159,0.4492320120334625,0.7729833126068115,0.4672124683856964,0.9032458662986755,0.6001227498054504,0.7726239562034607,0.6357623934745789,0.8326483368873596,0.695155918598175,0.8215886950492859,0.6944607496261597,0.8611500263214111,0.6378581523895264,0.773109495639801,0.6471243500709534,0.854924738407135,0.7962422966957092,0.7324153184890747,0.8358070850372314,0.0,0.0,0.0,0.0
person_nn_488.jpg,0.8459873199462891,0.4887295067310333,0.8601007461547852,0.4709630310535431,0.8366005420684814,0.4656137526035309,0.8838099837303162,0.4315177798271179,0.0,0.0,0.9003094434738159,0.4492320120334625,0.7729833126068115,0.4672124683856964,0.9032458662986755,0.6001227498054504,0.7726239562034607,0.6357623934745789,0.8326483368873596,0.695155918598175,0.8215886950492859,0.6944607496261597,0.8611500263214111,0.6378581523895264,0.773109495639801,0.6471243500709534,0.854924738407135,0.7962422966957092,0.7324153184890747,0.8358070850372314,0.0,0.0,0.0,0.0
person_nn_489.jpg,0.8449739813804626,0.48431187868118286,0.8600152730941772,0.4677172899246216,0.8353266716003418,0.46029844880104065,0.881918728351593,0.4278075695037842,0.815980851650238,0.4138356149196625,0.8956681489944458,0.4449758529663086,0.7718082666397095,0.4657706618309021,0.9041820168495178,0.60893714427948,0.7825697064399719,0.6708170175552368,0.8372297286987305,0.6953050494194031,0.8500646352767944,0.732134222984314,0.8615652918815613,0.6696181893348694,0.7749148011207581,0.6787886023521423,0.8520403504371643,0.8104177117347717,0.7299525141716003,0.8441555500030518,0.0,0.0,0.0,0.0
person_nn_490.jpg,0.8416455984115601,0.47570496797561646,0.8573703765869141,0.46049270033836365,0.8331279754638672,0.45295190811157227,0.8804919123649597,0.42459750175476074,0.8162937164306641,0.40837594866752625,0.8892260789871216,0.44412240386009216,0.7729241847991943,0.4610082507133484,0.9030082821846008,0.5996853113174438,0.7836204767227173,0.6553425192832947,0.8382589817047119,0.6668007969856262,0.8485318422317505,0.714005708694458,0.8595185875892639,0.6387726068496704,0.7776193022727966,0.6503152847290039,0.871088981628418,0.7478286027908325,0.7445845007896423,0.7918986678123474,0.0,0.0,0.0,0.0
person_nn_491.jpg,0.8065006732940674,0.08424815535545349,0.8154506087303162,0.07182243466377258,0.8012507557868958,0.06949318945407867,0.8316649198532104,0.07164589315652847,0.0,0.0,0.8500089049339294,0.13797545433044434,0.7785049080848694,0.12084798514842987,0.8618156313896179,0.24190373718738556,0.7602124214172363,0.1965452879667282,0.8091872930526733,0.23912225663661957,0.7605596780776978,0.2025783210992813,0.8245242834091187,0.33047255873680115,0.777572751045227,0.3188609182834625,0.0,0.0,0.0,0.0,0.0,0.0,0.0,0.0
person_nn_492.jpg,0.8477287292480469,0.4735647439956665,0.8605602979660034,0.45625945925712585,0.8368901610374451,0.4527950584888458,0.8764021396636963,0.4248867332935333,0.8132777810096741,0.41987496614456177,0.8907100558280945,0.4600714147090912,0.7749386429786682,0.4845277965068817,0.9077274203300476,0.6021085381507874,0.788558304309845,0.6706936359405518,0.8479579091072083,0.6703140735626221,0.8541758060455322,0.7417645454406738,0.8535869717597961,0.6645069122314453,0.775364339351654,0.6732500791549683,0.8372602462768555,0.8045942187309265,0.743054211139679,0.8309088349342346,0.0,0.0,0.0,0.0
person_nn_493.jpg,0.8062687516212463,0.08456531167030334,0.8154577016830444,0.07228825986385345,0.8014931678771973,0.06939197331666946,0.8320229649543762,0.07157263159751892,0.0,0.0,0.8502609133720398,0.13548989593982697,0.7788494229316711,0.12123990058898926,0.8652176856994629,0.2416064441204071,0.7677562832832336,0.20847007632255554,0.8118414878845215,0.231472447514534,0.7737478613853455,0.2090970277786255,0.8257901668548584,0.3352011442184448,0.7786275744438171,0.32510244846343994,0.0,0.0,0.0,0.0,0.0,0.0,0.0,0.0
person_nn_494.jpg,0.8064324855804443,0.08595836907625198,0.8157552480697632,0.07310231029987335,0.8010421395301819,0.07142146676778793,0.831869900226593,0.07134419679641724,0.7944507598876953,0.06537172198295593,0.8483801484107971,0.14268209040164948,0.7788110971450806,0.11878553032875061,0.8678539991378784,0.24195966124534607,0.7499763369560242,0.18134936690330505,0.8193662166595459,0.23177208006381989,0.77073073387146,0.2032489776611328,0.8244068622589111,0.33506712317466736,0.7781215310096741,0.3230730891227722,0.0,0.0,0.0,0.0,0.0,0.0,0.0,0.0
person_nn_495.jpg,0.8064324855804443,0.08595836907625198,0.8157552480697632,0.07310231029987335,0.8010421395301819,0.07142146676778793,0.831869900226593,0.07134419679641724,0.7944507598876953,0.06537172198295593,0.8483801484107971,0.14268209040164948,0.7788110971450806,0.11878553032875061,0.8678539991378784,0.24195966124534607,0.7499763369560242,0.18134936690330505,0.8193662166595459,0.23177208006381989,0.77073073387146,0.2032489776611328,0.8244068622589111,0.33506712317466736,0.7781215310096741,0.3230730891227722,0.0,0.0,0.0,0.0,0.0,0.0,0.0,0.0
person_nn_496.jpg,0.8010208010673523,0.08266802132129669,0.8101330399513245,0.07183887809515,0.7971172332763672,0.06862833350896835,0.829656720161438,0.0744660347700119,0.0,0.0,0.8501177430152893,0.14408442378044128,0.7738562822341919,0.1174851581454277,0.8567149043083191,0.246290385723114,0.7534725666046143,0.19071762263774872,0.8092548847198486,0.22675402462482452,0.7806142568588257,0.19030512869358063,0.8256150484085083,0.3290405869483948,0.7748785614967346,0.3154183626174927,0.0,0.0,0.0,0.0,0.0,0.0,0.0,0.0
person_nn_497.jpg,0.7996418476104736,0.07975219935178757,0.8082908391952515,0.0675169974565506,0.7954968810081482,0.06568534672260284,0.8287348747253418,0.07149463146924973,0.0,0.0,0.8485570549964905,0.15040595829486847,0.7791070342063904,0.12305426597595215,0.8463513851165771,0.2448371946811676,0.7558860182762146,0.1815829873085022,0.8033657670021057,0.2260182499885559,0.7834339141845703,0.19032971560955048,0.8210078477859497,0.33059635758399963,0.7753568291664124,0.31484484672546387,0.0,0.0,0.0,0.0,0.0,0.0,0.0,0.0
person_nn_498.jpg,0.7960909008979797,0.07590696215629578,0.8044389486312866,0.0660196989774704,0.7939680218696594,0.06309568136930466,0.8268427848815918,0.07293371111154556,0.0,0.0,0.8484060764312744,0.151445671916008,0.7844489812850952,0.11719496548175812,0.8414598107337952,0.24668027460575104,0.7588309049606323,0.17456406354904175,0.7988248467445374,0.22366955876350403,0.7787893414497375,0.20175248384475708,0.8218058347702026,0.32338568568229675,0.7798099517822266,0.30326297879219055,0.0,0.0,0.0,0.0,0.0,0.0,0.0,0.0
person_nn_499.jpg,0.7960909008979797,0.07590696215629578,0.8044389486312866,0.0660196989774704,0.7939680218696594,0.06309568136930466,0.8268427848815918,0.07293371111154556,0.0,0.0,0.8484060764312744,0.151445671916008,0.7844489812850952,0.11719496548175812,0.8414598107337952,0.24668027460575104,0.7588309049606323,0.17456406354904175,0.7988248467445374,0.22366955876350403,0.7787893414497375,0.20175248384475708,0.8218058347702026,0.32338568568229675,0.7798099517822266,0.30326297879219055,0.0,0.0,0.0,0.0,0.0,0.0,0.0,0.0
person_nn_500.jpg,0.845545768737793,0.46854546666145325,0.8542919754981995,0.44613778591156006,0.8324405550956726,0.4488929212093353,0.0,0.0,0.8027620315551758,0.43094950914382935,0.8858217597007751,0.47092437744140625,0.7705033421516418,0.49348652362823486,0.9077391624450684,0.6061372756958008,0.7698441743850708,0.6409308314323425,0.8500322103500366,0.6581925749778748,0.8146748542785645,0.6656227707862854,0.8555055260658264,0.6785343885421753,0.7741969227790833,0.6860570311546326,0.8654006719589233,0.8446934223175049,0.7408335208892822,0.8576363921165466,0.0,0.0,0.0,0.0
person_nn_501.jpg,0.8448445200920105,0.46269306540489197,0.8538880944252014,0.44468924403190613,0.8320733904838562,0.4467608630657196,0.8672327995300293,0.42165008187294006,0.8078007102012634,0.4288099706172943,0.888100266456604,0.47959649562835693,0.7772180438041687,0.4937918186187744,0.9094885587692261,0.6111117005348206,0.7714968323707581,0.6525149941444397,0.866929292678833,0.6648405194282532,0.8233538269996643,0.7549073696136475,0.8503199815750122,0.7117786407470703,0.775903582572937,0.7149953842163086,0.8390774726867676,0.8633852005004883,0.7512461543083191,0.8736278414726257,0.0,0.0,0.0,0.0
person_nn_502.jpg,0.844968855381012,0.46125662326812744,0.8532201647758484,0.4425470530986786,0.831890881061554,0.445501446723938,0.8649877309799194,0.42066818475723267,0.80678391456604,0.42957764863967896,0.8877355456352234,0.4793927073478699,0.7722501158714294,0.49126866459846497,0.9043353199958801,0.6138622164726257,0.766168475151062,0.6322182416915894,0.8672099709510803,0.6775562167167664,0.8160127401351929,0.7049731016159058,0.8535169363021851,0.6986023783683777,0.7743102312088013,0.703088641166687,0.8518891930580139,0.8460115790367126,0.7454160451889038,0.8624987006187439,0.0,0.0,0.0,0.0
person_nn_503.jpg,0.8465180993080139,0.4544025659561157,0.8567503690719604,0.4372773766517639,0.8348472714424133,0.43595409393310547,0.8695262670516968,0.4212343692779541,0.8113858699798584,0.41996461153030396,0.8840798139572144,0.4795391261577606,0.7700707912445068,0.49101734161376953,0.9037307500839233,0.6108841896057129,0.7674358487129211,0.6429367065429688,0.8647204041481018,0.6768637299537659,0.8266687393188477,0.7337283492088318,0.851308286190033,0.6903316378593445,0.7734957337379456,0.6974413990974426,0.8472422361373901,0.8259133100509644,0.7475923895835876,0.8535966873168945,0.0,0.0,0.7557130455970764,0.9327595829963684
person_nn_504.jpg,0.8462926745414734,0.4524310231208801,0.856677770614624,0.4313269555568695,0.8343164324760437,0.4319895803928375,0.8698604106903076,0.40335023403167725,0.8095530271530151,0.4062681198120117,0.8830709457397461,0.4621748924255371,0.7659721374511719,0.48367127776145935,0.9016481041908264,0.6069496273994446,0.7669994235038757,0.6474267244338989,0.8575436472892761,0.6921003460884094,0.8273392915725708,0.7446693181991577,0.8541700839996338,0.6822996735572815,0.7743328213691711,0.696485698223114,0.852381706237793,0.8064483404159546,0.742904543876648,0.8528141379356384,0.0,0.0,0.7597486972808838,0.93087238073349
person_nn_505.jpg,0.8462926745414734,0.4524310231208801,0.856677770614624,0.4313269555568695,0.8343164324760437,0.4319895803928375,0.8698604106903076,0.40335023403167725,0.8095530271530151,0.4062681198120117,0.8830709457397461,0.4621748924255371,0.7659721374511719,0.48367127776145935,0.9016481041908264,0.6069496273994446,0.7669994235038757,0.6474267244338989,0.8575436472892761,0.6921003460884094,0.8273392915725708,0.7446693181991577,0.8541700839996338,0.6822996735572815,0.7743328213691711,0.696485698223114,0.852381706237793,0.8064483404159546,0.742904543876648,0.8528141379356384,0.0,0.0,0.7597486972808838,0.93087238073349
person_nn_506.jpg,0.8456220626831055,0.4513396620750427,0.8581257462501526,0.43018946051597595,0.8333721160888672,0.42859795689582825,0.8722748160362244,0.4047704339027405,0.8070805072784424,0.40101534128189087,0.8847888708114624,0.4697267711162567,0.7672019004821777,0.47813358902931213,0.8993087410926819,0.6150662899017334,0.761865496635437,0.6337466835975647,0.8527141809463501,0.6756879687309265,0.8176949620246887,0.707300066947937,0.8545114994049072,0.7123861908912659,0.7756572365760803,0.718139111995697,0.8438544869422913,0.8163543939590454,0.7438639402389526,0.8426500558853149,0.0,0.0,0.0,0.0
person_nn_507.jpg,0.8463228344917297,0.44607147574424744,0.858561098575592,0.42557063698768616,0.8337718844413757,0.4250327944755554,0.8725239634513855,0.4042379856109619,0.8077324032783508,0.40251582860946655,0.884810209274292,0.47144606709480286,0.7693279385566711,0.4764229357242584,0.900816798210144,0.6166022419929504,0.7554880976676941,0.6211578845977783,0.8525912761688232,0.6808280348777771,0.8063603043556213,0.6813796162605286,0.8491788506507874,0.7061095833778381,0.7730733156204224,0.7095142006874084,0.8359470963478088,0.8116280436515808,0.7460409998893738,0.8349464535713196,0.0,0.0,0.0,0.0
person_nn_508.jpg,0.8475793600082397,0.44443953037261963,0.8588256239891052,0.42420873045921326,0.8352020978927612,0.42269566655158997,0.8712560534477234,0.4045813977718353,0.8086982369422913,0.4016513526439667,0.8863781690597534,0.4703587293624878,0.7690949440002441,0.4752613306045532,0.8996672630310059,0.6061901450157166,0.7485727667808533,0.619536817073822,0.8554174304008484,0.6758819818496704,0.8031187653541565,0.6804510951042175,0.8510205745697021,0.7278745770454407,0.770656168460846,0.7292433381080627,0.8500739336013794,0.8815933465957642,0.7450448274612427,0.8903080224990845,0.0,0.0,0.0,0.0
person_nn_509.jpg,0.846939742565155,0.4427722692489624,0.8576740026473999,0.42280659079551697,0.834331214427948,0.42129388451576233,0.869023859500885,0.4068446457386017,0.8079763650894165,0.40406933426856995,0.8836227059364319,0.474220335483551,0.768112301826477,0.4763163626194,0.9003556370735168,0.6052724719047546,0.7474186420440674,0.612586259841919,0.8645824193954468,0.6731489896774292,0.7960209250450134,0.6836740374565125,0.8493037819862366,0.7395874261856079,0.7700104117393494,0.7406269907951355,0.8460944890975952,0.8951046466827393,0.7463423609733582,0.9056212306022644,0.0,0.0,0.0,0.0
person_nn_510.jpg,0.846939742565155,0.4427722692489624,0.8576740026473999,0.42280659079551697,0.834331214427948,0.42129388451576233,0.869023859500885,0.4068446457386017,0.8079763650894165,0.40406933426856995,0.8836227059364319,0.474220335483551,0.768112301826477,0.4763163626194,0.9003556370735168,0.6052724719047546,0.7474186420440674,0.612586259841919,0.8645824193954468,0.6731489896774292,0.7960209250450134,0.6836740374565125,0.8493037819862366,0.7395874261856079,0.7700104117393494,0.7406269907951355,0.8460944890975952,0.8951046466827393,0.7463423609733582,0.9056212306022644,0.0,0.0,0.0,0.0
person_nn_511.jpg,0.8450263142585754,0.4430452883243561,0.8565415740013123,0.4239576458930969,0.8332744240760803,0.42122629284858704,0.8695546984672546,0.41045114398002625,0.8090391755104065,0.40475985407829285,0.8830516934394836,0.47743260860443115,0.7682839632034302,0.47496601939201355,0.9005723595619202,0.6095142364501953,0.7427184581756592,0.6036620140075684,0.8537224531173706,0.6801129579544067,0.7908208966255188,0.6838723421096802,0.8506091833114624,0.7259488701820374,0.7721164226531982,0.7260738611221313,0.848387598991394,0.8796533942222595,0.7483099102973938,0.8921089768409729,0.0,0.0,0.0,0.0
person_nn_512.jpg,0.8438501358032227,0.442659854888916,0.8561250567436218,0.4239734709262848,0.8324214816093445,0.42223694920539856,0.8715105652809143,0.41062110662460327,0.8099541068077087,0.40670472383499146,0.8837099075317383,0.47466105222702026,0.768801212310791,0.47506463527679443,0.9008203148841858,0.6073508858680725,0.7342342138290405,0.598059356212616,0.8490825295448303,0.6804957985877991,0.7740243077278137,0.6693697571754456,0.8518436551094055,0.694817066192627,0.7742303609848022,0.6977885961532593,0.8522447347640991,0.8176929354667664,0.7471548914909363,0.8403812646865845,0.0,0.0,0.7612616419792175,0.9475801587104797
person_nn_513.jpg,0.8442344665527344,0.44452500343322754,0.8569450974464417,0.424817830324173,0.832457423210144,0.42164966464042664,0.873354971408844,0.4101533591747284,0.8092608451843262,0.40396377444267273,0.8891746997833252,0.48151153326034546,0.7671313881874084,0.4752267897129059,0.901861310005188,0.6098558306694031,0.7221025228500366,0.5920503735542297,0.8509525060653687,0.6805084943771362,0.7625976204872131,0.6631845831871033,0.8531975150108337,0.7182261943817139,0.7715263962745667,0.715299665927887,0.8481341600418091,0.8493598699569702,0.7385226488113403,0.8538541793823242,0.0,0.0,0.0,0.0
person_nn_514.jpg,0.8457359671592712,0.44516998529434204,0.8583589196205139,0.42394334077835083,0.8329452276229858,0.4216115176677704,0.8744899034500122,0.40713798999786377,0.8079401850700378,0.4021889865398407,0.8887814879417419,0.48542913794517517,0.7671603560447693,0.46966907382011414,0.9014787077903748,0.6081286668777466,0.7115917801856995,0.5702560544013977,0.8566300868988037,0.6771803498268127,0.7500002980232239,0.6559628844261169,0.8437352776527405,0.73912113904953,0.76308274269104,0.7312006950378418,0.8426536917686462,0.8944653272628784,0.7384058237075806,0.8878860473632812,0.0,0.0,0.0,0.0
person_nn_515.jpg,0.8457359671592712,0.44516998529434204,0.8583589196205139,0.42394334077835083,0.8329452276229858,0.4216115176677704,0.8744899034500122,0.40713798999786377,0.8079401850700378,0.4021889865398407,0.8887814879417419,0.48542913794517517,0.7671603560447693,0.46966907382011414,0.9014787077903748,0.6081286668777466,0.7115917801856995,0.5702560544013977,0.8566300868988037,0.6771803498268127,0.7500002980232239,0.6559628844261169,0.8437352776527405,0.73912113904953,0.76308274269104,0.7312006950378418,0.8426536917686462,0.8944653272628784,0.7384058237075806,0.8878860473632812,0.0,0.0,0.0,0.0
person_nn_516.jpg,0.8458884954452515,0.44632720947265625,0.8588945269584656,0.42502856254577637,0.8327948451042175,0.4225124716758728,0.8754121661186218,0.40925920009613037,0.8076960444450378,0.40343812108039856,0.8864102959632874,0.48752686381340027,0.765354573726654,0.46821874380111694,0.9009398818016052,0.6045332551002502,0.7016384601593018,0.5601280927658081,0.8643355965614319,0.6658099293708801,0.7387192845344543,0.643137514591217,0.83854740858078,0.7609971165657043,0.7581557631492615,0.7530675530433655,0.8442977666854858,0.9215839505195618,0.743711531162262,0.9156859517097473,0.0,0.0,0.0,0.0
person_nn_517.jpg,0.8409750461578369,0.44959756731987,0.8562121987342834,0.42861536145210266,0.829508364200592,0.42363879084587097,0.8767880201339722,0.411552757024765,0.8084012269973755,0.39979788661003113,0.8848192095756531,0.4817214012145996,0.7683099508285522,0.4607263207435608,0.9009438753128052,0.6011406183242798,0.6927459836006165,0.5639249682426453,0.865505576133728,0.662901759147644,0.7289561033248901,0.6451480984687805,0.8368992209434509,0.765801191329956,0.7588890194892883,0.7562512159347534,0.0,0.0,0.7436779141426086,0.9342772364616394,0.0,0.0,0.0,0.0
person_nn_518.jpg,0.8382813334465027,0.44883546233177185,0.8542380928993225,0.42753875255584717,0.8273642063140869,0.4220035672187805,0.8764321208000183,0.41173529624938965,0.8079560995101929,0.3983262777328491,0.8851895332336426,0.4862039089202881,0.7685433030128479,0.46012070775032043,0.9014721512794495,0.604111909866333,0.6984660625457764,0.5606937408447266,0.8606224060058594,0.657869815826416,0.736619770526886,0.6698682904243469,0.8340282440185547,0.7728261351585388,0.7549861073493958,0.7604374885559082,0.0,0.0,0.7361530065536499,0.933419406414032,0.0,0.0,0.0,0.0
person_nn_519.jpg,0.8355072736740112,0.4508748948574066,0.85233074426651,0.42865732312202454,0.8246698379516602,0.4218027889728546,0.8749890923500061,0.4068983197212219,0.8031963109970093,0.3901476562023163,0.8807345032691956,0.4840184152126312,0.7622974514961243,0.4607875943183899,0.8971835970878601,0.6048979163169861,0.7053947448730469,0.5714856386184692,0.8582932353019714,0.6655919551849365,0.7361146211624146,0.6853959560394287,0.8303459286689758,0.7626543641090393,0.7492876648902893,0.7519916892051697,0.0,0.0,0.7164431214332581,0.9081023335456848,0.0,0.0,0.0,0.0
person_nn_520.jpg,0.8332951068878174,0.4491516053676605,0.848672091960907,0.43054336309432983,0.8240931630134583,0.42200592160224915,0.8694869875907898,0.4078342020511627,0.8041449189186096,0.3877408504486084,0.8780444264411926,0.47633835673332214,0.7547820806503296,0.45857447385787964,0.9001687169075012,0.592393159866333,0.706207275390625,0.5742730498313904,0.8651028275489807,0.6461242437362671,0.7353297472000122,0.6797240376472473,0.8399201035499573,0.7408902049064636,0.755515992641449,0.7370911240577698,0.8651322722434998,0.880549430847168,0.7323716282844543,0.8887658715248108,0.0,0.0,0.0,0.0
person_nn_521.jpg,0.8332951068878174,0.4491516053676605,0.848672091960907,0.43054336309432983,0.8240931630134583,0.42200592160224915,0.8694869875907898,0.4078342020511627,0.8041449189186096,0.3877408504486084,0.8780444264411926,0.47633835673332214,0.7547820806503296,0.45857447385787964,0.9001687169075012,0.592393159866333,0.706207275390625,0.5742730498313904,0.8651028275489807,0.6461242437362671,0.7353297472000122,0.6797240376472473,0.8399201035499573,0.7408902049064636,0.755515992641449,0.7370911240577698,0.8651322722434998,0.880549430847168,0.7323716282844543,0.8887658715248108,0.0,0.0,0.0,0.0
person_nn_522.jpg,0.8301888108253479,0.44996902346611023,0.8434033989906311,0.4364056885242462,0.8228119015693665,0.42710697650909424,0.8589061498641968,0.42787840962409973,0.8043007850646973,0.4052046835422516,0.867500901222229,0.4878654479980469,0.7515348196029663,0.46999192237854004,0.8948072195053101,0.5927775502204895,0.7066746950149536,0.5801463723182678,0.8667039275169373,0.6423583626747131,0.7432863712310791,0.6805931329727173,0.8381943702697754,0.7312486171722412,0.7567164301872253,0.7302979826927185,0.8823047280311584,0.8547036647796631,0.7508096098899841,0.8656126856803894,0.0,0.0,0.0,0.0
person_nn_523.jpg,0.8291440010070801,0.45136117935180664,0.8427636623382568,0.43850815296173096,0.8204153776168823,0.4311535656452179,0.8600321412086487,0.43071219325065613,0.8008978962898254,0.4119533896446228,0.8752925395965576,0.4917035400867462,0.7566764950752258,0.4703042209148407,0.8981776833534241,0.6080831289291382,0.7114838361740112,0.5858162641525269,0.8692749738693237,0.6475844383239746,0.7530566453933716,0.6694361567497253,0.8483699560165405,0.7244001030921936,0.7647162079811096,0.7189792990684509,0.8939502239227295,0.7869247198104858,0.7541989684104919,0.7825750708580017,0.0,0.0,0.7369154095649719,0.9513553977012634
person_nn_524.jpg,0.8287284970283508,0.45349380373954773,0.8424656391143799,0.43880578875541687,0.8197048902511597,0.4321918189525604,0.8600175380706787,0.42704859375953674,0.7998813986778259,0.4100404679775238,0.8733276724815369,0.48513850569725037,0.7532357573509216,0.47371912002563477,0.8992480635643005,0.6050381660461426,0.7199991345405579,0.5991599559783936,0.8670133352279663,0.6482165455818176,0.773348331451416,0.6708632111549377,0.8480421304702759,0.7112911343574524,0.7635920643806458,0.7118129730224609,0.886225700378418,0.7999781966209412,0.7482067942619324,0.8128603100776672,0.0,0.0,0.0,0.0
person_nn_525.jpg,0.8310264348983765,0.4564925730228424,0.844325840473175,0.4427851438522339,0.8221521377563477,0.4362466037273407,0.8604249954223633,0.43528416752815247,0.8019538521766663,0.4189181625843048,0.8759232759475708,0.4912841320037842,0.75616854429245,0.4835968613624573,0.8977050185203552,0.6163748502731323,0.7302709221839905,0.6156561970710754,0.8552441000938416,0.6729854345321655,0.7946765422821045,0.6792770624160767,0.8520488739013672,0.715654194355011,0.7671692967414856,0.7164059281349182,0.8859701752662659,0.8157040476799011,0.7528026700019836,0.8250755071640015,0.0,0.0,0.0,0.0
person_nn_526.jpg,0.8310264348983765,0.4564925730228424,0.844325840473175,0.4427851438522339,0.8221521377563477,0.4362466037273407,0.8604249954223633,0.43528416752815247,0.8019538521766663,0.4189181625843048,0.8759232759475708,0.4912841320037842,0.75616854429245,0.4835968613624573,0.8977050185203552,0.6163748502731323,0.7302709221839905,0.6156561970710754,0.8552441000938416,0.6729854345321655,0.7946765422821045,0.6792770624160767,0.8520488739013672,0.715654194355011,0.7671692967414856,0.7164059281349182,0.8859701752662659,0.8157040476799011,0.7528026700019836,0.8250755071640015,0.0,0.0,0.0,0.0
person_nn_527.jpg,0.8317476511001587,0.46226873993873596,0.846084475517273,0.4455550014972687,0.8215081691741943,0.43971914052963257,0.8647342324256897,0.43350163102149963,0.8002418279647827,0.4192085266113281,0.87746262550354,0.4915829002857208,0.7528454661369324,0.4913228452205658,0.900948703289032,0.6183720231056213,0.7325330376625061,0.6284413933753967,0.8610281348228455,0.6740270256996155,0.8003574013710022,0.6864940524101257,0.8547929525375366,0.7111020684242249,0.7671203017234802,0.717054009437561,0.8805139064788818,0.8278619647026062,0.7427380084991455,0.8535352349281311,0.0,0.0,0.7387188076972961,0.9619272947311401
person_nn_528.jpg,0.8367324471473694,0.4657597243785858,0.8496148586273193,0.44903498888015747,0.8267143368721008,0.4437043368816376,0.8649387359619141,0.4306084215641022,0.8033221960067749,0.41788536310195923,0.8778231143951416,0.48410964012145996,0.7588784694671631,0.48857060074806213,0.9040513038635254,0.6093485355377197,0.7369686961174011,0.6343568563461304,0.8679199814796448,0.6696783900260925,0.8066739439964294,0.6932318806648254,0.854302704334259,0.7109922766685486,0.7710049152374268,0.7161678671836853,0.8722764849662781,0.8278629779815674,0.7393078207969666,0.8463967442512512,0.0,0.0,0.7272905111312866,0.9703562259674072
person_nn_529.jpg,0.8395698070526123,0.475344181060791,0.8522053360939026,0.4564673900604248,0.8296435475349426,0.451257586479187,0.0,0.0,0.8052788376808167,0.42347487807273865,0.8786510229110718,0.48543116450309753,0.7629587650299072,0.48823121190071106,0.899646520614624,0.6222745180130005,0.739149808883667,0.6499102115631104,0.8738005757331848,0.678124725818634,0.8056901097297668,0.7061218023300171,0.853110134601593,0.6846786737442017,0.7707688808441162,0.6877777576446533,0.886615514755249,0.8022724986076355,0.743954598903656,0.8065741658210754,0.8640266060829163,0.9516512155532837,0.717888593673706,0.9635494947433472
person_nn_530.jpg,0.842461109161377,0.48127833008766174,0.8553168773651123,0.4614534378051758,0.831790030002594,0.45640087127685547,0.0,0.0,0.8060065507888794,0.4327491819858551,0.8729033470153809,0.49362730979919434,0.7625392079353333,0.5011628866195679,0.8956199288368225,0.6212853789329529,0.7421025037765503,0.65809565782547,0.8787646293640137,0.674132764339447,0.8072080016136169,0.7000227570533752,0.8481834530830383,0.6953880190849304,0.7703740000724792,0.7021881341934204,0.8698537945747375,0.8159632086753845,0.7464739084243774,0.8324509859085083,0.0,0.0,0.7127310633659363,0.9665298461914062
person_nn_531.jpg,0.842461109161377,0.48127833008766174,0.8553168773651123,0.4614534378051758,0.831790030002594,0.45640087127685547,0.0,0.0,0.8060065507888794,0.4327491819858551,0.8729033470153809,0.49362730979919434,0.7625392079353333,0.5011628866195679,0.8956199288368225,0.6212853789329529,0.7421025037765503,0.65809565782547,0.8787646293640137,0.674132764339447,0.8072080016136169,0.7000227570533752,0.8481834530830383,0.6953880190849304,0.7703740000724792,0.7021881341934204,0.8698537945747375,0.8159632086753845,0.7464739084243774,0.8324509859085083,0.0,0.0,0.7127310633659363,0.9665298461914062
person_nn_532.jpg,0.8432170748710632,0.48310673236846924,0.8548585772514343,0.4641266465187073,0.8322761058807373,0.46090301871299744,0.0,0.0,0.8068479299545288,0.43419331312179565,0.8809874653816223,0.4925989806652069,0.7612607479095459,0.5033829212188721,0.9023135900497437,0.6282545924186707,0.7392038702964783,0.658826470375061,0.874076783657074,0.6811220049858093,0.8074412941932678,0.6974438428878784,0.8621325492858887,0.7034512162208557,0.7763028740882874,0.7126674652099609,0.8864281177520752,0.8374587893486023,0.7367823719978333,0.8634388446807861,0.0,0.0,0.0,0.0
person_nn_533.jpg,0.8401218056678772,0.4846512973308563,0.8521955609321594,0.46539193391799927,0.8301387429237366,0.46160241961479187,0.0,0.0,0.8054964542388916,0.4376716613769531,0.8748924136161804,0.497064471244812,0.7598786950111389,0.5043503046035767,0.8986309766769409,0.6347443461418152,0.7397170066833496,0.6596354842185974,0.867296576499939,0.7029041647911072,0.8061612248420715,0.7117722630500793,0.8518028259277344,0.7058128714561462,0.7697416543960571,0.7136979699134827,0.8798380494117737,0.8188846111297607,0.7429074645042419,0.8415151238441467,0.0,0.0,0.0,0.0
person_nn_534.jpg,0.8398124575614929,0.4842844605445862,0.8519896268844604,0.4606492221355438,0.8267024159431458,0.4597300589084625,0.0,0.0,0.7968298196792603,0.43366578221321106,0.8769441246986389,0.4957115054130554,0.7563234567642212,0.5069278478622437,0.8995295166969299,0.6324849128723145,0.7354182004928589,0.6598713397979736,0.8710265755653381,0.6972751021385193,0.800308108329773,0.7062947154045105,0.8517845273017883,0.7154622673988342,0.766514003276825,0.7234551310539246,0.875857949256897,0.8369073271751404,0.7309773564338684,0.8557993769645691,0.0,0.0,0.0,0.0
person_nn_535.jpg,0.7896445393562317,0.09287717938423157,0.7978957891464233,0.08321287482976913,0.0,0.0,0.8216596245765686,0.09062203019857407,0.0,0.0,0.839600145816803,0.1661197990179062,0.8051523566246033,0.13042289018630981,0.8264173865318298,0.27331432700157166,0.7895506620407104,0.19374781847000122,0.7790800333023071,0.24183835089206696,0.7735787630081177,0.19627006351947784,0.8256804347038269,0.33584949374198914,0.8026413917541504,0.3119901120662689,0.0,0.0,0.0,0.0,0.0,0.0,0.0,0.0
person_nn_536.jpg,0.832221269607544,0.48265692591667175,0.8458906412124634,0.4596412777900696,0.8201068043708801,0.45630601048469543,0.8612032532691956,0.43731969594955444,0.7938279509544373,0.4287082552909851,0.8735405206680298,0.49860453605651855,0.7526516914367676,0.502148449420929,0.8915465474128723,0.6430535316467285,0.7326834797859192,0.6583288311958313,0.8556604385375977,0.7085795402526855,0.7955521941184998,0.7084395289421082,0.8380381464958191,0.7298117876052856,0.755677342414856,0.73073410987854,0.8308126330375671,0.8671931028366089,0.7143799662590027,0.8770125508308411,0.0,0.0,0.0,0.0
person_nn_537.jpg,0.7879800200462341,0.09765410423278809,0.7973954081535339,0.0870816558599472,0.787121057510376,0.08198051154613495,0.8210063576698303,0.09467778354883194,0.0,0.0,0.8383570909500122,0.17457424104213715,0.7950252294540405,0.13299991190433502,0.8285449743270874,0.29059898853302,0.7795607447624207,0.19811081886291504,0.7799808382987976,0.25321030616760254,0.7674183249473572,0.19620218873023987,0.8255431056022644,0.34634360671043396,0.7970804572105408,0.3200596868991852,0.0,0.0,0.0,0.0,0.0,0.0,0.0,0.0
person_nn_538.jpg,0.832221269607544,0.48265692591667175,0.8458906412124634,0.4596412777900696,0.8201068043708801,0.45630601048469543,0.8612032532691956,0.43731969594955444,0.7938279509544373,0.4287082552909851,0.8735405206680298,0.49860453605651855,0.7526516914367676,0.502148449420929,0.8915465474128723,0.6430535316467285,0.7326834797859192,0.6583288311958313,0.8556604385375977,0.7085795402526855,0.7955521941184998,0.7084395289421082,0.8380381464958191,0.7298117876052856,0.755677342414856,0.73073410987854,0.8308126330375671,0.8671931028366089,0.7143799662590027,0.8770125508308411,0.0,0.0,0.0,0.0
person_nn_539.jpg,0.7879800200462341,0.09765410423278809,0.7973954081535339,0.0870816558599472,0.787121057510376,0.08198051154613495,0.8210063576698303,0.09467778354883194,0.0,0.0,0.8383570909500122,0.17457424104213715,0.7950252294540405,0.13299991190433502,0.8285449743270874,0.29059898853302,0.7795607447624207,0.19811081886291504,0.7799808382987976,0.25321030616760254,0.7674183249473572,0.19620218873023987,0.8255431056022644,0.34634360671043396,0.7970804572105408,0.3200596868991852,0.0,0.0,0.0,0.0,0.0,0.0,0.0,0.0
person_nn_540.jpg,0.8252708911895752,0.4760326147079468,0.837716281414032,0.4584414064884186,0.8141232132911682,0.45338985323905945,0.8516075015068054,0.43858158588409424,0.7894709706306458,0.42680883407592773,0.8627666234970093,0.4970623850822449,0.7479500770568848,0.4961998462677002,0.8833106756210327,0.6481373310089111,0.7275186777114868,0.6578418612480164,0.8455634117126465,0.7054349780082703,0.7900179624557495,0.711227536201477,0.8330176472663879,0.7152119874954224,0.755104660987854,0.7152185440063477,0.8223128914833069,0.8500365018844604,0.7145971655845642,0.8641695976257324,0.0,0.0,0.0,0.0
person_nn_541.jpg,0.7844671010971069,0.10330673307180405,0.7920611500740051,0.09497247636318207,0.7857515811920166,0.09058230370283127,0.8151573538780212,0.10242621600627899,0.0,0.0,0.8341533541679382,0.19413839280605316,0.7964747548103333,0.14001727104187012,0.8235111832618713,0.29678070545196533,0.7626473903656006,0.17624063789844513,0.7753944993019104,0.2554091215133667,0.7721787691116333,0.19850070774555206,0.8129614591598511,0.3261019289493561,0.7900412678718567,0.29457205533981323,0.0,0.0,0.0,0.0,0.0,0.0,0.0,0.0
person_nn_542.jpg,0.8214611411094666,0.4722158908843994,0.8326124548912048,0.4528420567512512,0.8093006610870361,0.451019287109375,0.0,0.0,0.7820764183998108,0.4250723123550415,0.8547820448875427,0.496927946805954,0.738903820514679,0.50460284948349,0.8729709386825562,0.6399271488189697,0.7173892855644226,0.6566184759140015,0.8433176875114441,0.7010738253593445,0.7740141749382019,0.7047750353813171,0.8328568339347839,0.727931022644043,0.7500808835029602,0.7378537654876709,0.8681319952011108,0.8349456191062927,0.7196175456047058,0.8674231171607971,0.0,0.0,0.0,0.0
person_nn_543.jpg,0.781988263130188,0.10593302547931671,0.7895258665084839,0.09686442464590073,0.0,0.0,0.8121989965438843,0.10666069388389587,0.0,0.0,0.8288754820823669,0.18019628524780273,0.8062609434127808,0.14471016824245453,0.8184875249862671,0.27987027168273926,0.7927254438400269,0.19705788791179657,0.7794426083564758,0.2569025158882141,0.7720475196838379,0.1881420612335205,0.8167551755905151,0.31658345460891724,0.8023009300231934,0.29190683364868164,0.0,0.0,0.0,0.0,0.0,0.0,0.0,0.0
person_nn_544.jpg,0.8174952864646912,0.4731028378009796,0.8277291059494019,0.45217418670654297,0.805057168006897,0.45175161957740784,0.0,0.0,0.7739217877388,0.42799967527389526,0.8466262221336365,0.4910946190357208,0.7336181402206421,0.5078021287918091,0.870497465133667,0.6247534155845642,0.7127081155776978,0.6690417528152466,0.8398998379707336,0.6924576163291931,0.7751154899597168,0.7144069671630859,0.8144862055778503,0.7369204759597778,0.7374412417411804,0.7431700825691223,0.8075248599052429,0.8806785345077515,0.7045119404792786,0.8966299295425415,0.0,0.0,0.0,0.0
person_nn_545.jpg,0.7797273397445679,0.1089571863412857,0.7875133156776428,0.09920690208673477,0.7801022529602051,0.09496717154979706,0.8117541670799255,0.1090262234210968,0.0,0.0,0.8303200602531433,0.18483218550682068,0.7943699359893799,0.14305169880390167,0.8151859641075134,0.2801240384578705,0.7719858288764954,0.1859670728445053,0.7776942253112793,0.26559069752693176,0.7694041728973389,0.19651784002780914,0.8163409233093262,0.3261753022670746,0.7929927706718445,0.2998497188091278,0.0,0.0,0.0,0.0,0.0,0.0,0.0,0.0
person_nn_546.jpg,0.8083199858665466,0.4774581491947174,0.8194823265075684,0.45673197507858276,0.796242892742157,0.4545419216156006,0.0,0.0,0.7661048173904419,0.4288285970687866,0.8361020088195801,0.4966872036457062,0.7260929942131042,0.5118768811225891,0.863673746585846,0.6287575960159302,0.7091974020004272,0.6776877045631409,0.8346938490867615,0.6868433952331543,0.7726760506629944,0.7190729975700378,0.7985652089118958,0.7494149208068848,0.7262880802154541,0.754002571105957,0.7763440608978271,0.9022981524467468,0.6968456506729126,0.917438268661499,0.0,0.0,0.0,0.0
person_nn_547.jpg,0.7764339447021484,0.10729498416185379,0.7847707867622375,0.09607774764299393,0.7768864631652832,0.0908198133111,0.8113040924072266,0.1032148078083992,0.0,0.0,0.8343353867530823,0.1869467794895172,0.7846739292144775,0.13261407613754272,0.8204665780067444,0.2798653542995453,0.7501070499420166,0.165739968419075,0.779596745967865,0.25718432664871216,0.7627092003822327,0.19114519655704498,0.8149406909942627,0.3199535310268402,0.7838158011436462,0.28803402185440063,0.0,0.0,0.0,0.0,0.0,0.0,0.0,0.0
person_nn_548.jpg,0.8030979037284851,0.4788559377193451,0.8118510842323303,0.4563887417316437,0.7898347973823547,0.45895934104919434,0.0,0.0,0.7552923560142517,0.43183231353759766,0.8299049139022827,0.4894956052303314,0.716439425945282,0.508376955986023,0.852475643157959,0.6372131109237671,0.7025092840194702,0.6752194762229919,0.8266528248786926,0.6930094957351685,0.763152003288269,0.7155838012695312,0.8046523928642273,0.7330774664878845,0.7259698510169983,0.7436220645904541,0.8134070634841919,0.8538156151771545,0.684410572052002,0.8808122873306274,0.0,0.0,0.0,0.0
person_nn_549.jpg,0.7739980816841125,0.09931617230176926,0.7826235294342041,0.08950226753950119,0.7751245498657227,0.08481521904468536,0.8083009719848633,0.09387984871864319,0.0,0.0,0.8321705460548401,0.1692461222410202,0.7705921530723572,0.12926480174064636,0.8265506625175476,0.2707957923412323,0.7443927526473999,0.18736185133457184,0.7778587937355042,0.25543320178985596,0.761027455329895,0.21437105536460876,0.8040025234222412,0.34711602330207825,0.7636805772781372,0.32266971468925476,0.0,0.0,0.0,0.0,0.0,0.0,0.0,0.0
person_nn_550.jpg,0.8030979037284851,0.4788559377193451,0.8118510842323303,0.4563887417316437,0.7898347973823547,0.45895934104919434,0.0,0.0,0.7552923560142517,0.43183231353759766,0.8299049139022827,0.4894956052303314,0.716439425945282,0.508376955986023,0.852475643157959,0.6372131109237671,0.7025092840194702,0.6752194762229919,0.8266528248786926,0.6930094957351685,0.763152003288269,0.7155838012695312,0.8046523928642273,0.7330774664878845,0.7259698510169983,0.7436220645904541,0.8134070634841919,0.8538156151771545,0.684410572052002,0.8808122873306274,0.0,0.0,0.0,0.0
person_nn_551.jpg,0.7739980816841125,0.09931617230176926,0.7826235294342041,0.08950226753950119,0.7751245498657227,0.08481521904468536,0.8083009719848633,0.09387984871864319,0.0,0.0,0.8321705460548401,0.1692461222410202,0.7705921530723572,0.12926480174064636,0.8265506625175476,0.2707957923412323,0.7443927526473999,0.18736185133457184,0.7778587937355042,0.25543320178985596,0.761027455329895,0.21437105536460876,0.8040025234222412,0.34711602330207825,0.7636805772781372,0.32266971468925476,0.0,0.0,0.0,0.0,0.0,0.0,0.0,0.0
person_nn_552.jpg,0.7982375025749207,0.47924861311912537,0.8068538308143616,0.45693373680114746,0.785147488117218,0.4588000476360321,0.0,0.0,0.750320553779602,0.43372371792793274,0.8227024078369141,0.49682608246803284,0.7112760543823242,0.5113263726234436,0.8471945524215698,0.6477041840553284,0.6964299082756042,0.6778021454811096,0.8224073052406311,0.6979585886001587,0.7560011148452759,0.713051438331604,0.795953631401062,0.7516908049583435,0.7184980511665344,0.7601965069770813,0.806791365146637,0.8807089328765869,0.6836797595024109,0.9028828740119934,0.0,0.0,0.0,0.0
person_nn_553.jpg,0.7716304063796997,0.09491407126188278,0.780979335308075,0.08486578613519669,0.7723599672317505,0.0810936912894249,0.8061220049858093,0.09027215838432312,0.0,0.0,0.8251160383224487,0.16837738454341888,0.7691845893859863,0.12028233706951141,0.8274515867233276,0.2786007225513458,0.7354333400726318,0.17177501320838928,0.7760029435157776,0.24310316145420074,0.7641116976737976,0.20836348831653595,0.7961477637290955,0.3500068187713623,0.7580794095993042,0.3247292637825012,0.0,0.0,0.0,0.0,0.0,0.0,0.0,0.0
person_nn_554.jpg,0.794060230255127,0.4786180555820465,0.8013193607330322,0.4560304284095764,0.7809551358222961,0.4591985046863556,0.0,0.0,0.7453846335411072,0.43735194206237793,0.8180027604103088,0.49067220091819763,0.7059028148651123,0.5177263617515564,0.8488507866859436,0.6254806518554688,0.6913909912109375,0.6853392124176025,0.8226853609085083,0.6774452328681946,0.7615782618522644,0.7098143696784973,0.7891249060630798,0.7446557879447937,0.7132842540740967,0.7555099725723267,0.0,0.0,0.6818310618400574,0.9093449115753174,0.0,0.0,0.0,0.0
person_nn_555.jpg,0.768050491809845,0.09420344233512878,0.7769516706466675,0.08352939784526825,0.7668403387069702,0.08032087981700897,0.8013892769813538,0.0884665921330452,0.0,0.0,0.8223636746406555,0.16772541403770447,0.7623589038848877,0.12445451319217682,0.8294649124145508,0.26750171184539795,0.7289974093437195,0.17038913071155548,0.778521716594696,0.24151651561260223,0.7626029253005981,0.19095562398433685,0.796288013458252,0.35133808851242065,0.7549260854721069,0.32947057485580444,0.0,0.0,0.0,0.0,0.0,0.0,0.0,0.0
person_nn_556.jpg,0.7925979495048523,0.47797292470932007,0.7996460199356079,0.45505350828170776,0.7795271277427673,0.45985591411590576,0.0,0.0,0.7441385388374329,0.43775954842567444,0.8199784755706787,0.4816492795944214,0.7050882577896118,0.5102131962776184,0.8395962715148926,0.6203310489654541,0.6911672353744507,0.6771058440208435,0.8176255226135254,0.6850159764289856,0.7529512643814087,0.7262722849845886,0.7915277481079102,0.7217304706573486,0.7116872072219849,0.7342209219932556,0.8023378849029541,0.8611749410629272,0.6731332540512085,0.8792340159416199,0.0,0.0,0.0,0.0
person_nn_557.jpg,0.765934944152832,0.0943823829293251,0.7742381691932678,0.08363816887140274,0.7652052044868469,0.0800369456410408,0.798139750957489,0.08356291800737381,0.0,0.0,0.822601318359375,0.15223951637744904,0.754288375377655,0.11979031562805176,0.8214074969291687,0.24385438859462738,0.7295225262641907,0.17107269167900085,0.7796070575714111,0.24627991020679474,0.7565301060676575,0.18388234078884125,0.7939435839653015,0.33416181802749634,0.7477370500564575,0.3154172897338867,0.0,0.0,0.0,0.0,0.0,0.0,0.0,0.0
person_nn_558.jpg,0.7872197031974792,0.47852060198783875,0.7953315377235413,0.45753681659698486,0.7746198177337646,0.4601093530654907,0.0,0.0,0.7410162687301636,0.4347385764122009,0.8145189881324768,0.47713175415992737,0.7012677192687988,0.5013759732246399,0.833070695400238,0.623866617679596,0.6880574226379395,0.677304208278656,0.8181688189506531,0.6828886866569519,0.7459743022918701,0.7192323207855225,0.7872480750083923,0.7222335934638977,0.708774745464325,0.7338411211967468,0.7952200174331665,0.8652555346488953,0.6743116974830627,0.8844778537750244,0.0,0.0,0.0,0.0
person_nn_559.jpg,0.7623790502548218,0.09087319672107697,0.770447850227356,0.08054395020008087,0.7617011666297913,0.07704155147075653,0.7938520312309265,0.0806066021323204,0.0,0.0,0.8191891312599182,0.14715996384620667,0.7498491406440735,0.11746985465288162,0.8203263282775879,0.23809382319450378,0.7271193265914917,0.1724022477865219,0.7766278386116028,0.24578505754470825,0.7560781240463257,0.18969231843948364,0.791151762008667,0.3227322995662689,0.7439424991607666,0.3053606450557709,0.0,0.0,0.0,0.0,0.0,0.0,0.0,0.0
person_nn_560.jpg,0.7872197031974792,0.47852060198783875,0.7953315377235413,0.45753681659698486,0.7746198177337646,0.4601093530654907,0.0,0.0,0.7410162687301636,0.4347385764122009,0.8145189881324768,0.47713175415992737,0.7012677192687988,0.5013759732246399,0.833070695400238,0.623866617679596,0.6880574226379395,0.677304208278656,0.8181688189506531,0.6828886866569519,0.7459743022918701,0.7192323207855225,0.7872480750083923,0.7222335934638977,0.708774745464325,0.7338411211967468,0.7952200174331665,0.8652555346488953,0.6743116974830627,0.8844778537750244,0.0,0.0,0.0,0.0
person_nn_561.jpg,0.7623790502548218,0.09087319672107697,0.770447850227356,0.08054395020008087,0.7617011666297913,0.07704155147075653,0.7938520312309265,0.0806066021323204,0.0,0.0,0.8191891312599182,0.14715996384620667,0.7498491406440735,0.11746985465288162,0.8203263282775879,0.23809382319450378,0.7271193265914917,0.1724022477865219,0.7766278386116028,0.24578505754470825,0.7560781240463257,0.18969231843948364,0.791151762008667,0.3227322995662689,0.7439424991607666,0.3053606450557709,0.0,0.0,0.0,0.0,0.0,0.0,0.0,0.0
person_nn_562.jpg,0.7834560871124268,0.4792666733264923,0.7924660444259644,0.4581892490386963,0.7708478569984436,0.4600483775138855,0.0,0.0,0.7387596368789673,0.4331861436367035,0.8160982131958008,0.48046624660491943,0.7004042267799377,0.49782899022102356,0.8349234461784363,0.636609673500061,0.6877206563949585,0.6742578744888306,0.812309741973877,0.695016622543335,0.7463628053665161,0.718055009841919,0.7874519228935242,0.7274923920631409,0.7074713110923767,0.7353959083557129,0.7942065596580505,0.8679569363594055,0.6731871366500854,0.8820833563804626,0.0,0.0,0.0,0.0
person_nn_563.jpg,0.7600587606430054,0.08759481459856033,0.7688284516334534,0.07745609432458878,0.7597724795341492,0.07273007184267044,0.7920383214950562,0.07869382202625275,0.0,0.0,0.8153918981552124,0.14767199754714966,0.7452587485313416,0.11649767309427261,0.8184228539466858,0.23967722058296204,0.7249462604522705,0.17279872298240662,0.77264803647995,0.24598297476768494,0.7560218572616577,0.18265008926391602,0.7879242300987244,0.3274034559726715,0.7403513789176941,0.3102591335773468,0.0,0.0,0.0,0.0,0.0,0.0,0.0,0.0
person_nn_564.jpg,0.7817779183387756,0.47797539830207825,0.7906012535095215,0.4565938711166382,0.7691760063171387,0.4590175747871399,0.0,0.0,0.7369657158851624,0.4312657117843628,0.8153154253959656,0.47817596793174744,0.6997326016426086,0.49526849389076233,0.8345223069190979,0.6354600191116333,0.6874157786369324,0.6712682843208313,0.8109505772590637,0.6964134573936462,0.7484755516052246,0.7176641225814819,0.7863656282424927,0.7242317199707031,0.706622838973999,0.7316182255744934,0.7939045429229736,0.861315906047821,0.6723245978355408,0.8735044598579407,0.0,0.0,0.0,0.0
person_nn_565.jpg,0.7588634490966797,0.08430912345647812,0.7674502730369568,0.07385633140802383,0.7583470344543457,0.07011038064956665,0.7907055616378784,0.07590199261903763,0.0,0.0,0.8147954344749451,0.14665263891220093,0.7451311945915222,0.11875774711370468,0.8188366293907166,0.23820823431015015,0.7255908846855164,0.17450197041034698,0.7715951204299927,0.24431607127189636,0.7550392150878906,0.18135635554790497,0.7888614535331726,0.3271203637123108,0.7414869070053101,0.31109732389450073,0.0,0.0,0.0,0.0,0.0,0.0,0.0,0.0
person_nn_566.jpg,0.7828046679496765,0.4770764708518982,0.7910944819450378,0.45549896359443665,0.7701826095581055,0.4582361876964569,0.0,0.0,0.7373448610305786,0.4327666759490967,0.8150745034217834,0.4804319739341736,0.6994205713272095,0.4991469383239746,0.8341956734657288,0.6331726908683777,0.6875620484352112,0.6724676489830017,0.8101016879081726,0.6938992142677307,0.7479504942893982,0.7235457301139832,0.7865439653396606,0.7272210121154785,0.7059418559074402,0.7352257370948792,0.7970173358917236,0.8692885041236877,0.6697918176651001,0.8815621137619019,0.0,0.0,0.0,0.0
person_nn_567.jpg,0.7607035636901855,0.08279728889465332,0.7692667841911316,0.0713881403207779,0.7592555284500122,0.06860561668872833,0.79172682762146,0.07247831672430038,0.0,0.0,0.8149528503417969,0.14393040537834167,0.7464109659194946,0.1190243512392044,0.8188375234603882,0.23466110229492188,0.7280949354171753,0.17382179200649261,0.7707749009132385,0.23874425888061523,0.7558783888816833,0.17529179155826569,0.787689208984375,0.32767173647880554,0.74131178855896,0.3121040165424347,0.0,0.0,0.0,0.0,0.0,0.0,0.0,0.0
person_nn_568.jpg,0.7829089760780334,0.4766160547733307,0.7906566262245178,0.4554825723171234,0.7697740197181702,0.458835244178772,0.0,0.0,0.7366337180137634,0.4357548952102661,0.8132391571998596,0.476906418800354,0.6987784504890442,0.5002278089523315,0.8318902850151062,0.6269569993019104,0.6882349848747253,0.6754921078681946,0.8141893148422241,0.6888909935951233,0.7490497827529907,0.7245597839355469,0.7868839502334595,0.7224319577217102,0.7064651250839233,0.7335852980613708,0.8013492822647095,0.8690885305404663,0.673943281173706,0.8863826394081116,0.0,0.0,0.0,0.0
person_nn_569.jpg,0.7635681629180908,0.08011224120855331,0.771695077419281,0.06877654045820236,0.7621939778327942,0.06622390449047089,0.7920331358909607,0.06923537701368332,0.0,0.0,0.8141981363296509,0.13775449991226196,0.7454701066017151,0.11979484558105469,0.8209971189498901,0.23138129711151123,0.7272230386734009,0.18396461009979248,0.7722676396369934,0.2355162352323532,0.7498244643211365,0.17287114262580872,0.7889640927314758,0.3230540156364441,0.7424408197402954,0.3115190863609314,0.0,0.0,0.0,0.0,0.0,0.0,0.0,0.0
person_nn_570.jpg,0.7829089760780334,0.4766160547733307,0.7906566262245178,0.4554825723171234,0.7697740197181702,0.458835244178772,0.0,0.0,0.7366337180137634,0.4357548952102661,0.8132391571998596,0.476906418800354,0.6987784504890442,0.5002278089523315,0.8318902850151062,0.6269569993019104,0.6882349848747253,0.6754921078681946,0.8141893148422241,0.6888909935951233,0.7490497827529907,0.7245597839355469,0.7868839502334595,0.7224319577217102,0.7064651250839233,0.7335852980613708,0.8013492822647095,0.8690885305404663,0.673943281173706,0.8863826394081116,0.0,0.0,0.0,0.0
person_nn_571.jpg,0.7635681629180908,0.08011224120855331,0.771695077419281,0.06877654045820236,0.7621939778327942,0.06622390449047089,0.7920331358909607,0.06923537701368332,0.0,0.0,0.8141981363296509,0.13775449991226196,0.7454701066017151,0.11979484558105469,0.8209971189498901,0.23138129711151123,0.7272230386734009,0.18396461009979248,0.7722676396369934,0.2355162352323532,0.7498244643211365,0.17287114262580872,0.7889640927314758,0.3230540156364441,0.7424408197402954,0.3115190863609314,0.0,0.0,0.0,0.0,0.0,0.0,0.0,0.0
person_nn_572.jpg,0.7826249599456787,0.4768749475479126,0.7901661396026611,0.45637547969818115,0.7698326706886292,0.45974278450012207,0.0,0.0,0.7372649908065796,0.43637755513191223,0.8119999170303345,0.4715893566608429,0.6995518803596497,0.49692341685295105,0.832244873046875,0.621044397354126,0.6884801983833313,0.6741235852241516,0.8156748414039612,0.6883443593978882,0.7481803894042969,0.7215064167976379,0.7840916514396667,0.707912802696228,0.7058681845664978,0.7195730805397034,0.7949333786964417,0.8614256978034973,0.6755990982055664,0.8796424269676208,0.0,0.0,0.0,0.0
person_nn_573.jpg,0.7641551494598389,0.07561443746089935,0.7727950811386108,0.06424031406641006,0.7627902030944824,0.06128585711121559,0.7930163741111755,0.06746438145637512,0.0,0.0,0.8140425086021423,0.14096350967884064,0.7467339038848877,0.12549421191215515,0.8199983239173889,0.23232567310333252,0.7293463945388794,0.19550594687461853,0.770917534828186,0.22550129890441895,0.7430104613304138,0.18670491874217987,0.7877635955810547,0.3307831287384033,0.7423117160797119,0.31990763545036316,0.0,0.0,0.0,0.0,0.0,0.0,0.0,0.0
person_nn_574.jpg,0.7828918695449829,0.4762396216392517,0.7898465991020203,0.4562280774116516,0.7701711654663086,0.460074245929718,0.0,0.0,0.7373446822166443,0.43887093663215637,0.8113623857498169,0.472885400056839,0.6984919309616089,0.5004551410675049,0.8326326608657837,0.618039608001709,0.688673734664917,0.6743168830871582,0.8161804676055908,0.6832110285758972,0.7495518922805786,0.7230364680290222,0.7854905724525452,0.7093985080718994,0.7065965533256531,0.7230760455131531,0.800025224685669,0.8622272610664368,0.6772451400756836,0.8844953179359436,0.0,0.0,0.0,0.0
person_nn_575.jpg,0.7657222747802734,0.07532594352960587,0.7747936248779297,0.06432310491800308,0.7643013000488281,0.06100575625896454,0.7949466705322266,0.06758075207471848,0.0,0.0,0.814319372177124,0.13705308735370636,0.7482777237892151,0.12462589144706726,0.8198240995407104,0.23881030082702637,0.7356987595558167,0.21022163331508636,0.7671992182731628,0.2194228619337082,0.7445305585861206,0.18913406133651733,0.7892773151397705,0.3273985683917999,0.7449492812156677,0.3183574974536896,0.0,0.0,0.0,0.0,0.0,0.0,0.0,0.0
person_nn_576.jpg,0.7675088047981262,0.0754081979393959,0.7764012217521667,0.06496194750070572,0.7660735845565796,0.06082335114479065,0.7963176369667053,0.06691967695951462,0.0,0.0,0.8154842257499695,0.13520020246505737,0.7484768033027649,0.11421632021665573,0.8182554841041565,0.23081164062023163,0.7303469181060791,0.18861238658428192,0.7652394771575928,0.21506154537200928,0.7388681173324585,0.19646066427230835,0.7910980582237244,0.3197222054004669,0.7458463311195374,0.30701351165771484,0.0,0.0,0.0,0.0,0.0,0.0,0.0,0.0
person_nn_577.jpg,0.7829760313034058,0.4755912125110626,0.7899457216262817,0.45489567518234253,0.7699326276779175,0.4592244029045105,0.0,0.0,0.7363297939300537,0.4377894997596741,0.8107509016990662,0.4721820056438446,0.6983464360237122,0.500897228717804,0.831032931804657,0.614976167678833,0.6886849403381348,0.6740297675132751,0.8161282539367676,0.6797600388526917,0.7476299405097961,0.7244613766670227,0.7841979265213013,0.7113398909568787,0.7056395411491394,0.7251736521720886,0.799163818359375,0.8653620481491089,0.6761284470558167,0.8868841528892517,0.0,0.0,0.0,0.0
person_nn_578.jpg,0.7674071192741394,0.07450704276561737,0.7766868472099304,0.06463932991027832,0.7662529349327087,0.0597262941300869,0.7968069314956665,0.06618952751159668,0.0,0.0,0.8144196271896362,0.13054659962654114,0.7475365996360779,0.10763778537511826,0.8147111535072327,0.22735963761806488,0.7267653942108154,0.1816353052854538,0.7600955367088318,0.2112652063369751,0.7313777208328247,0.18948228657245636,0.791383683681488,0.317346453666687,0.7462985515594482,0.3043096959590912,0.0,0.0,0.0,0.0,0.0,0.0,0.0,0.0
person_nn_579.jpg,0.7831771373748779,0.4753177762031555,0.7902481555938721,0.4547910690307617,0.7700626254081726,0.45889750123023987,0.0,0.0,0.736991286277771,0.4390089511871338,0.8111698031425476,0.4760974645614624,0.6993521451950073,0.5028377771377563,0.8308238983154297,0.6177494525909424,0.6883358955383301,0.6728295683860779,0.8156502842903137,0.681828498840332,0.7456041574478149,0.7243876457214355,0.7843528389930725,0.714614987373352,0.7065586447715759,0.7274843454360962,0.7958646416664124,0.8711739182472229,0.6767918467521667,0.8919103145599365,0.0,0.0,0.0,0.0
person_nn_580.jpg,0.7666588425636292,0.07330019026994705,0.7762908935546875,0.06360308080911636,0.7653120160102844,0.05848513916134834,0.7967023253440857,0.06597103178501129,0.0,0.0,0.8137702345848083,0.1293928325176239,0.7466537356376648,0.10851773619651794,0.8123233318328857,0.22512781620025635,0.7284775376319885,0.18692049384117126,0.7559191584587097,0.20899426937103271,0.7359554767608643,0.19630399346351624,0.7919421195983887,0.31612396240234375,0.7462933659553528,0.30426153540611267,0.0,0.0,0.0,0.0,0.0,0.0,0.0,0.0
person_nn_581.jpg,0.7827555537223816,0.4753396213054657,0.7901113629341125,0.45574167370796204,0.7701156139373779,0.45878300070762634,0.0,0.0,0.7385140061378479,0.4398723244667053,0.8116286993026733,0.4793614149093628,0.7004442811012268,0.5014851093292236,0.8315232992172241,0.6212972402572632,0.6882448792457581,0.6685749888420105,0.8147327899932861,0.687043309211731,0.7412649393081665,0.7279694080352783,0.7817886471748352,0.7147558927536011,0.7051816582679749,0.7248041033744812,0.7870384454727173,0.8739717602729797,0.6758078336715698,0.8913007378578186,0.0,0.0,0.0,0.0
person_nn_582.jpg,0.7666588425636292,0.07330019026994705,0.7762908935546875,0.06360308080911636,0.7653120160102844,0.05848513916134834,0.7967023253440857,0.06597103178501129,0.0,0.0,0.8137702345848083,0.1293928325176239,0.7466537356376648,0.10851773619651794,0.8123233318328857,0.22512781620025635,0.7284775376319885,0.18692049384117126,0.7559191584587097,0.20899426937103271,0.7359554767608643,0.19630399346351624,0.7919421195983887,0.31612396240234375,0.7462933659553528,0.30426153540611267,0.0,0.0,0.0,0.0,0.0,0.0,0.0,0.0
person_nn_583.jpg,0.7827555537223816,0.4753396213054657,0.7901113629341125,0.45574167370796204,0.7701156139373779,0.45878300070762634,0.0,0.0,0.7385140061378479,0.4398723244667053,0.8116286993026733,0.4793614149093628,0.7004442811012268,0.5014851093292236,0.8315232992172241,0.6212972402572632,0.6882448792457581,0.6685749888420105,0.8147327899932861,0.687043309211731,0.7412649393081665,0.7279694080352783,0.7817886471748352,0.7147558927536011,0.7051816582679749,0.7248041033744812,0.7870384454727173,0.8739717602729797,0.6758078336715698,0.8913007378578186,0.0,0.0,0.0,0.0
person_nn_584.jpg,0.7665467858314514,0.07359489798545837,0.7764848470687866,0.06284252554178238,0.7639453411102295,0.05835309997200966,0.7965530753135681,0.06449181586503983,0.0,0.0,0.813110888004303,0.1283748745918274,0.7428393959999084,0.11169321835041046,0.8107414245605469,0.2216346710920334,0.7229952812194824,0.19114618003368378,0.7550029754638672,0.2038426548242569,0.7308700680732727,0.19503121078014374,0.7920681834220886,0.3192228078842163,0.7442031502723694,0.3097495138645172,0.0,0.0,0.0,0.0,0.0,0.0,0.0,0.0
person_nn_585.jpg,0.7812874913215637,0.47506582736968994,0.7895971536636353,0.45447877049446106,0.7688026428222656,0.45683643221855164,0.0,0.0,0.7380086779594421,0.4346671998500824,0.8122931718826294,0.4845845401287079,0.6992917656898499,0.5038661956787109,0.8306907415390015,0.6293594241142273,0.6899737119674683,0.6744491457939148,0.8146613836288452,0.6819709539413452,0.7608959078788757,0.7290009260177612,0.7811931371688843,0.7473585605621338,0.7029027938842773,0.7567658424377441,0.0,0.0,0.6767380833625793,0.9141137599945068,0.0,0.0,0.0,0.0
person_nn_586.jpg,0.7676364779472351,0.0708368718624115,0.7770333886146545,0.06035004183650017,0.7649095058441162,0.05640345439314842,0.7957639098167419,0.06354030966758728,0.0,0.0,0.8113207817077637,0.1290617734193802,0.745327353477478,0.11284288763999939,0.8080391883850098,0.2170024812221527,0.7265383005142212,0.18486203253269196,0.7512451410293579,0.1950220912694931,0.7310274839401245,0.18371230363845825,0.789417564868927,0.3137185871601105,0.7442251443862915,0.3038392961025238,0.0,0.0,0.0,0.0,0.0,0.0,0.0,0.0
person_nn_587.jpg,0.7812615036964417,0.47506260871887207,0.7896513342857361,0.45443665981292725,0.7687386870384216,0.4568949341773987,0.0,0.0,0.7376630306243896,0.4333471655845642,0.8129854798316956,0.48285579681396484,0.6995633840560913,0.5009385943412781,0.8318526744842529,0.629966139793396,0.6901007890701294,0.6720707416534424,0.8167415261268616,0.6889127492904663,0.7637032866477966,0.7337300181388855,0.7837818264961243,0.7451204061508179,0.7044051289558411,0.7544733285903931,0.0,0.0,0.6788233518600464,0.9093731641769409,0.0,0.0,0.0,0.0
person_nn_588.jpg,0.7669511437416077,0.06597554683685303,0.7767660617828369,0.05658397078514099,0.7651574015617371,0.05180182680487633,0.7961887121200562,0.06294847279787064,0.0,0.0,0.8100012540817261,0.12893113493919373,0.7459103465080261,0.11331353336572647,0.8044060468673706,0.21470922231674194,0.7275813221931458,0.19059215486049652,0.7506303787231445,0.17428399622440338,0.7309061288833618,0.17971689999103546,0.7879947423934937,0.3140377998352051,0.7440220713615417,0.3047923445701599,0.0,0.0,0.0,0.0,0.0,0.0,0.0,0.0
person_nn_589.jpg,0.7800238728523254,0.47412389516830444,0.7888132333755493,0.45320454239845276,0.7675274610519409,0.45393580198287964,0.0,0.0,0.7375967502593994,0.4319186806678772,0.8128400444984436,0.4897894263267517,0.6991630792617798,0.5042997002601624,0.8322884440422058,0.637365996837616,0.6884648203849792,0.674010694026947,0.8191183805465698,0.6858582496643066,0.7610974907875061,0.729415237903595,0.7863661646842957,0.7573514580726624,0.7059944868087769,0.7641748785972595,0.0,0.0,0.6812718510627747,0.9342972040176392,0.0,0.0,0.0,0.0
person_nn_590.jpg,0.7814358472824097,0.47352585196495056,0.7897513508796692,0.45178163051605225,0.7682898640632629,0.45461705327033997,0.0,0.0,0.7355821132659912,0.4319624900817871,0.8129968643188477,0.48564451932907104,0.6986815929412842,0.5029312372207642,0.8339530825614929,0.6326188445091248,0.6894744634628296,0.6726357936859131,0.8188880681991577,0.684811532497406,0.7619579434394836,0.7317757606506348,0.7851955890655518,0.7501656413078308,0.7053400874137878,0.7587200999259949,0.0,0.0,0.6772885322570801,0.9093164801597595,0.0,0.0,0.0,0.0
person_nn_591.jpg,0.7663465142250061,0.06338194757699966,0.7765105962753296,0.05233481526374817,0.7637373208999634,0.04986824840307236,0.7972121834754944,0.060278210788965225,0.0,0.0,0.8094397783279419,0.12798230350017548,0.7497599124908447,0.12724803388118744,0.7960339784622192,0.19525723159313202,0.0,0.0,0.750884473323822,0.15848609805107117,0.0,0.0,0.7887539863586426,0.3243575096130371,0.7464578747749329,0.32196903228759766,0.0,0.0,0.0,0.0,0.0,0.0,0.0,0.0
person_nn_592.jpg,0.7814358472824097,0.47352585196495056,0.7897513508796692,0.45178163051605225,0.7682898640632629,0.45461705327033997,0.0,0.0,0.7355821132659912,0.4319624900817871,0.8129968643188477,0.48564451932907104,0.6986815929412842,0.5029312372207642,0.8339530825614929,0.6326188445091248,0.6894744634628296,0.6726357936859131,0.8188880681991577,0.684811532497406,0.7619579434394836,0.7317757606506348,0.7851955890655518,0.7501656413078308,0.7053400874137878,0.7587200999259949,0.0,0.0,0.6772885322570801,0.9093164801597595,0.0,0.0,0.0,0.0
person_nn_593.jpg,0.7663465142250061,0.06338194757699966,0.7765105962753296,0.05233481526374817,0.7637373208999634,0.04986824840307236,0.7972121834754944,0.060278210788965225,0.0,0.0,0.8094397783279419,0.12798230350017548,0.7497599124908447,0.12724803388118744,0.7960339784622192,0.19525723159313202,0.0,0.0,0.750884473323822,0.15848609805107117,0.0,0.0,0.7887539863586426,0.3243575096130371,0.7464578747749329,0.32196903228759766,0.0,0.0,0.0,0.0,0.0,0.0,0.0,0.0
person_nn_594.jpg,0.7656558156013489,0.057160135358572006,0.775128960609436,0.04761930927634239,0.7641313076019287,0.044932395219802856,0.7958995699882507,0.05757829546928406,0.0,0.0,0.8082110285758972,0.12529681622982025,0.750813364982605,0.11906332522630692,0.7905786037445068,0.18655511736869812,0.0,0.0,0.7489190101623535,0.13560114800930023,0.7367276549339294,0.13181598484516144,0.7887943983078003,0.31326448917388916,0.7485086917877197,0.30918702483177185,0.0,0.0,0.0,0.0,0.0,0.0,0.0,0.0
person_nn_595.jpg,0.7812849283218384,0.4743158519268036,0.7899736762046814,0.4526340663433075,0.7682913541793823,0.45494934916496277,0.0,0.0,0.7359235882759094,0.43126174807548523,0.811471164226532,0.4846189320087433,0.6989997625350952,0.5022632479667664,0.8333075642585754,0.6299958825111389,0.6891642808914185,0.6746315360069275,0.8205997347831726,0.6776231527328491,0.7616029977798462,0.731512725353241,0.7802521586418152,0.7489408850669861,0.7026963233947754,0.7573604583740234,0.0,0.0,0.6785069704055786,0.9146567583084106,0.0,0.0,0.0,0.0
person_nn_596.jpg,0.7663385272026062,0.05421759933233261,0.7754572033882141,0.045140959322452545,0.7649869322776794,0.04284684360027313,0.7953442931175232,0.054925352334976196,0.0,0.0,0.8079736232757568,0.11745541542768478,0.7481529712677002,0.11761528998613358,0.7925412654876709,0.17719240486621857,0.7225532531738281,0.18568767607212067,0.7494702935218811,0.1182573065161705,0.7295462489128113,0.14412979781627655,0.787778913974762,0.30405938625335693,0.7462478280067444,0.3028091788291931,0.0,0.0,0.0,0.0,0.0,0.0,0.0,0.0
person_nn_597.jpg,0.7814300656318665,0.4748983681201935,0.7906863689422607,0.4532746374607086,0.7683387994766235,0.45490920543670654,0.0,0.0,0.7360556721687317,0.43052852153778076,0.8121233582496643,0.484715074300766,0.6988217830657959,0.501017689704895,0.8332070112228394,0.6296589374542236,0.6882571578025818,0.6732654571533203,0.8182193636894226,0.6737576723098755,0.7573896050453186,0.7269014716148376,0.7784014940261841,0.7505903244018555,0.7005781531333923,0.7578684687614441,0.0,0.0,0.676108717918396,0.9140498042106628,0.0,0.0,0.0,0.0
person_nn_598.jpg,0.779573917388916,0.4739947021007538,0.7891854643821716,0.45335525274276733,0.7671874761581421,0.453073114156723,0.0,0.0,0.7368682622909546,0.42922088503837585,0.8118540644645691,0.4875046908855438,0.6981388926506042,0.5025799870491028,0.8332264423370361,0.6292252540588379,0.6867674589157104,0.6745728850364685,0.8203788995742798,0.6701395511627197,0.7549736499786377,0.7220808863639832,0.7814508080482483,0.7529870271682739,0.7024691104888916,0.7588039040565491,0.0,0.0,0.6785262227058411,0.9276275634765625,0.0,0.0,0.0,0.0
person_nn_599.jpg,0.7658225297927856,0.052065979689359665,0.7754711508750916,0.04330071061849594,0.7649982571601868,0.04013773053884506,0.7960957288742065,0.0543673001229763,0.0,0.0,0.8068330883979797,0.11630918085575104,0.7458591461181641,0.11664806306362152,0.7892505526542664,0.16632647812366486,0.7175900340080261,0.1844693124294281,0.7447637319564819,0.11000755429267883,0.7270782589912415,0.16053542494773865,0.7888734340667725,0.3065096139907837,0.7461055517196655,0.30598387122154236,0.0,0.0,0.0,0.0,0.0,0.0,0.0,0.0
person_nn_600.jpg,0.7666727900505066,0.05001329258084297,0.7761728763580322,0.04137996956706047,0.7656210064888,0.03834546357393265,0.795910120010376,0.05082094669342041,0.0,0.0,0.8057658076286316,0.1079455316066742,0.7456866502761841,0.1095077246427536,0.7901536226272583,0.1600719392299652,0.7193030714988708,0.18100056052207947,0.7452073693275452,0.1044086292386055,0.7280292510986328,0.1572287529706955,0.7873066663742065,0.29793062806129456,0.7451651096343994,0.29763004183769226,0.0,0.0,0.0,0.0,0.0,0.0,0.0,0.0
person_nn_601.jpg,0.7815746665000916,0.4745096266269684,0.790751039981842,0.4530768394470215,0.7684149742126465,0.4549238979816437,0.0,0.0,0.7362825870513916,0.4305761158466339,0.812256395816803,0.48135003447532654,0.6990810036659241,0.4992999732494354,0.8315356373786926,0.6278769969940186,0.6887581944465637,0.6740247011184692,0.8163921236991882,0.6784999966621399,0.75819993019104,0.7275444269180298,0.7778074741363525,0.7478901743888855,0.6996504664421082,0.7558503150939941,0.7876726388931274,0.9050102829933167,0.6756927967071533,0.9156610369682312,0.0,0.0,0.0,0.0
person_nn_602.jpg,0.7666727900505066,0.05001329258084297,0.7761728763580322,0.04137996956706047,0.7656210064888,0.03834546357393265,0.795910120010376,0.05082094669342041,0.0,0.0,0.8057658076286316,0.1079455316066742,0.7456866502761841,0.1095077246427536,0.7901536226272583,0.1600719392299652,0.7193030714988708,0.18100056052207947,0.7452073693275452,0.1044086292386055,0.7280292510986328,0.1572287529706955,0.7873066663742065,0.29793062806129456,0.7451651096343994,0.29763004183769226,0.0,0.0,0.0,0.0,0.0,0.0,0.0,0.0
person_nn_603.jpg,0.7815746665000916,0.4745096266269684,0.790751039981842,0.4530768394470215,0.7684149742126465,0.4549238979816437,0.0,0.0,0.7362825870513916,0.4305761158466339,0.812256395816803,0.48135003447532654,0.6990810036659241,0.4992999732494354,0.8315356373786926,0.6278769969940186,0.6887581944465637,0.6740247011184692,0.8163921236991882,0.6784999966621399,0.75819993019104,0.7275444269180298,0.7778074741363525,0.7478901743888855,0.6996504664421082,0.7558503150939941,0.7876726388931274,0.9050102829933167,0.6756927967071533,0.9156610369682312,0.0,0.0,0.0,0.0
person_nn_604.jpg,0.7658087611198425,0.046710822731256485,0.7744571566581726,0.03820726275444031,0.0,0.0,0.794232189655304,0.0475846529006958,0.0,0.0,0.8066788911819458,0.10158257931470871,0.7484708428382874,0.10797256231307983,0.793713390827179,0.15317313373088837,0.7231742739677429,0.17564328014850616,0.7456815838813782,0.10589724034070969,0.7313093543052673,0.13989511132240295,0.7875164747238159,0.29142317175865173,0.7469040751457214,0.29276254773139954,0.0,0.0,0.0,0.0,0.0,0.0,0.0,0.0
person_nn_605.jpg,0.7795097827911377,0.47380492091178894,0.7891270518302917,0.4526091516017914,0.7669137120246887,0.45281311869621277,0.0,0.0,0.7367588877677917,0.42755651473999023,0.8138436079025269,0.4846944212913513,0.6983479261398315,0.49990737438201904,0.0,0.0,0.6868522763252258,0.6737420558929443,0.0,0.0,0.7586029171943665,0.7229242324829102,0.7827485203742981,0.7567548155784607,0.7020540833473206,0.7625394463539124,0.0,0.0,0.6771556735038757,0.9404558539390564,0.0,0.0,0.0,0.0
person_nn_606.jpg,0.7665968537330627,0.04598622769117355,0.7747436761856079,0.037315595895051956,0.0,0.0,0.7938975095748901,0.04688636213541031,0.0,0.0,0.8062455654144287,0.10246987640857697,0.7502474784851074,0.1092911884188652,0.7889930009841919,0.14626704156398773,0.7205072045326233,0.16034269332885742,0.7408839464187622,0.10583199560642242,0.7264968156814575,0.1125492975115776,0.7859501242637634,0.28814756870269775,0.746780514717102,0.2895609736442566,0.0,0.0,0.0,0.0,0.0,0.0,0.0,0.0
person_nn_607.jpg,0.7809672951698303,0.4740303158760071,0.7898886799812317,0.4528574049472809,0.7680211663246155,0.45489078760147095,0.0,0.0,0.7363166809082031,0.4310501217842102,0.811632513999939,0.48086124658584595,0.6996378302574158,0.4979359805583954,0.8326667547225952,0.6246766448020935,0.6885096430778503,0.6692982912063599,0.8191026449203491,0.6751707196235657,0.7563944458961487,0.729253351688385,0.7769773006439209,0.7388203740119934,0.6999608874320984,0.746218740940094,0.7849019765853882,0.8937997221946716,0.6744819283485413,0.9038596749305725,0.0,0.0,0.0,0.0
person_nn_608.jpg,0.7794755697250366,0.4737643003463745,0.7884621620178223,0.452791690826416,0.766765296459198,0.4537234902381897,0.0,0.0,0.7359346747398376,0.43164342641830444,0.8113095164299011,0.4866536557674408,0.6980555653572083,0.5025163292884827,0.8322272896766663,0.6320752501487732,0.686888575553894,0.6732276678085327,0.8183891773223877,0.6796943545341492,0.7517517805099487,0.7218822836875916,0.7789940237998962,0.7500072717666626,0.7005165815353394,0.7555787563323975,0.0,0.0,0.6755363941192627,0.9305188059806824,0.0,0.0,0.0,0.0
person_nn_609.jpg,0.7630260586738586,0.04610367491841316,0.7723664045333862,0.0379706509411335,0.0,0.0,0.7923003435134888,0.04711032658815384,0.0,0.0,0.8031461238861084,0.09928001463413239,0.7481707334518433,0.09855768084526062,0.7877240777015686,0.1432027816772461,0.0,0.0,0.7364299297332764,0.10903007537126541,0.0,0.0,0.7814264893531799,0.2867720425128937,0.7424057126045227,0.28443601727485657,0.0,0.0,0.0,0.0,0.0,0.0,0.0,0.0
person_nn_610.jpg,0.7807304859161377,0.47399598360061646,0.7895429730415344,0.4519379734992981,0.7674511075019836,0.4546120762825012,0.0,0.0,0.7349604964256287,0.4314064085483551,0.8117861151695251,0.4832398593425751,0.6982898116111755,0.5012719035148621,0.8326260447502136,0.6314197778701782,0.6880106925964355,0.6729527115821838,0.8133640885353088,0.6848239302635193,0.7566500902175903,0.7245969176292419,0.7767082452774048,0.7442784905433655,0.6989297866821289,0.7517802119255066,0.780767560005188,0.9026362895965576,0.6707334518432617,0.9139862060546875,0.0,0.0,0.0,0.0
person_nn_611.jpg,0.7635059356689453,0.04592574015259743,0.7724055051803589,0.03741903230547905,0.762994647026062,0.035418882966041565,0.7919543385505676,0.046137984842061996,0.0,0.0,0.8022342920303345,0.10111396014690399,0.7498309016227722,0.10290005058050156,0.7837647795677185,0.14756326377391815,0.7244114875793457,0.15131153166294098,0.7371506690979004,0.1083250567317009,0.7250050902366638,0.10529161244630814,0.7804140448570251,0.28382083773612976,0.743748128414154,0.28277388215065,0.0,0.0,0.0,0.0,0.0,0.0,0.0,0.0
person_nn_612.jpg,0.7797055840492249,0.4748412072658539,0.7877107858657837,0.45385193824768066,0.7675002217292786,0.4570082724094391,0.0,0.0,0.7351242899894714,0.43208494782447815,0.8116670250892639,0.4800688624382019,0.697053849697113,0.5015701055526733,0.8335847854614258,0.6237831711769104,0.6894587278366089,0.6735461354255676,0.8183627724647522,0.684831976890564,0.7575181722640991,0.7305250763893127,0.7823037505149841,0.7269827723503113,0.7030972838401794,0.7369853258132935,0.7987357378005981,0.8633663654327393,0.6750427484512329,0.8769327998161316,0.0,0.0,0.0,0.0
person_nn_613.jpg,0.7645570635795593,0.04810362681746483,0.773478090763092,0.03947839140892029,0.7635260820388794,0.037512052804231644,0.7925562858581543,0.04776811599731445,0.0,0.0,0.8027600049972534,0.10084079205989838,0.7486291527748108,0.10423576831817627,0.7824271321296692,0.1464979499578476,0.7214043140411377,0.1553669571876526,0.73399418592453,0.11007272452116013,0.72316974401474,0.11168868094682693,0.7817292809486389,0.2837636172771454,0.7437655925750732,0.2836471199989319,0.0,0.0,0.0,0.0,0.0,0.0,0.0,0.0
person_nn_614.jpg,0.7797055840492249,0.4748412072658539,0.7877107858657837,0.45385193824768066,0.7675002217292786,0.4570082724094391,0.0,0.0,0.7351242899894714,0.43208494782447815,0.8116670250892639,0.4800688624382019,0.697053849697113,0.5015701055526733,0.8335847854614258,0.6237831711769104,0.6894587278366089,0.6735461354255676,0.8183627724647522,0.684831976890564,0.7575181722640991,0.7305250763893127,0.7823037505149841,0.7269827723503113,0.7030972838401794,0.7369853258132935,0.7987357378005981,0.8633663654327393,0.6750427484512329,0.8769327998161316,0.0,0.0,0.0,0.0
person_nn_615.jpg,0.7645570635795593,0.04810362681746483,0.773478090763092,0.03947839140892029,0.7635260820388794,0.037512052804231644,0.7925562858581543,0.04776811599731445,0.0,0.0,0.8027600049972534,0.10084079205989838,0.7486291527748108,0.10423576831817627,0.7824271321296692,0.1464979499578476,0.7214043140411377,0.1553669571876526,0.73399418592453,0.11007272452116013,0.72316974401474,0.11168868094682693,0.7817292809486389,0.2837636172771454,0.7437655925750732,0.2836471199989319,0.0,0.0,0.0,0.0,0.0,0.0,0.0,0.0
person_nn_616.jpg,0.7791263461112976,0.4742211401462555,0.7882016897201538,0.4542531371116638,0.7673636674880981,0.4540066123008728,0.0,0.0,0.7376633882522583,0.4315451979637146,0.8113406896591187,0.49137115478515625,0.6982098817825317,0.5033518671989441,0.8300082683563232,0.6383886337280273,0.6879327297210693,0.6720505356788635,0.8134798407554626,0.6871041655540466,0.7530686855316162,0.7270811796188354,0.7833164930343628,0.7431625723838806,0.7035137414932251,0.7485647797584534,0.7906012535095215,0.9003129005432129,0.6789792776107788,0.9079439043998718,0.0,0.0,0.0,0.0
person_nn_617.jpg,0.7646167278289795,0.05635597184300423,0.7732751369476318,0.04680617153644562,0.7631276845932007,0.045231666415929794,0.7916998863220215,0.04899199306964874,0.0,0.0,0.8011693358421326,0.096823550760746,0.7493761777877808,0.09806626290082932,0.7819544672966003,0.13696642220020294,0.723017692565918,0.13689839839935303,0.7332573533058167,0.104890838265419,0.7221068739891052,0.09656566381454468,0.7795179486274719,0.28021129965782166,0.7430898547172546,0.2785959541797638,0.0,0.0,0.0,0.0,0.0,0.0,0.0,0.0
person_nn_618.jpg,0.7628638744354248,0.06232320889830589,0.7724114060401917,0.05046513304114342,0.7594472765922546,0.04869268462061882,0.7910181283950806,0.04928120598196983,0.0,0.0,0.802206814289093,0.10081437230110168,0.748317539691925,0.10677294433116913,0.7920551300048828,0.13750915229320526,0.7165534496307373,0.15913884341716766,0.7339653372764587,0.09816765040159225,0.7108569741249084,0.10716204345226288,0.7825278043746948,0.2947427034378052,0.7450097799301147,0.29161179065704346,0.0,0.0,0.0,0.0,0.0,0.0,0.0,0.0
person_nn_619.jpg,0.7816125750541687,0.4743950366973877,0.7908766269683838,0.4511757791042328,0.7684032320976257,0.45371586084365845,0.0,0.0,0.7353096008300781,0.4296742379665375,0.8137671947479248,0.4921806752681732,0.6973102688789368,0.5107220411300659,0.8320813775062561,0.6382583379745483,0.6912675499916077,0.6813803315162659,0.814088761806488,0.6935725212097168,0.7665005922317505,0.7278313636779785,0.7831993103027344,0.7481269240379333,0.702226996421814,0.7575628161430359,0.8035246729850769,0.8852826952934265,0.6758896708488464,0.8985543847084045,0.0,0.0,0.0,0.0
person_nn_620.jpg,0.7815499305725098,0.47559428215026855,0.7906377911567688,0.4515465199947357,0.7679830193519592,0.45427417755126953,0.0,0.0,0.7338390946388245,0.4300275146961212,0.8135505318641663,0.49763062596321106,0.6971519589424133,0.5115359425544739,0.8322500586509705,0.6490503549575806,0.6901478171348572,0.6808399558067322,0.8122358322143555,0.6928969621658325,0.7565971612930298,0.7335570454597473,0.7841336131095886,0.7577447295188904,0.7038336992263794,0.7650463581085205,0.0,0.0,0.6763730049133301,0.9024696946144104,0.0,0.0,0.0,0.0
person_nn_621.jpg,0.7813740968704224,0.47647571563720703,0.7908336520195007,0.45181334018707275,0.7675673365592957,0.4546077847480774,0.0,0.0,0.7337793707847595,0.42994797229766846,0.8128980994224548,0.4970257580280304,0.6974146366119385,0.5128187537193298,0.830977201461792,0.6450369954109192,0.6895624399185181,0.6810189485549927,0.813732922077179,0.6880209445953369,0.7548685669898987,0.728958249092102,0.7823386192321777,0.7623614072799683,0.702574610710144,0.7706652283668518,0.0,0.0,0.6746631860733032,0.9034505486488342,0.0,0.0,0.0,0.0
person_nn_622.jpg,0.7813740968704224,0.47647571563720703,0.7908336520195007,0.45181334018707275,0.7675673365592957,0.4546077847480774,0.0,0.0,0.7337793707847595,0.42994797229766846,0.8128980994224548,0.4970257580280304,0.6974146366119385,0.5128187537193298,0.830977201461792,0.6450369954109192,0.6895624399185181,0.6810189485549927,0.813732922077179,0.6880209445953369,0.7548685669898987,0.728958249092102,0.7823386192321777,0.7623614072799683,0.702574610710144,0.7706652283668518,0.0,0.0,0.6746631860733032,0.9034505486488342,0.0,0.0,0.0,0.0
person_nn_623.jpg,0.7808315753936768,0.4768778085708618,0.7912530899047852,0.4521278440952301,0.7672173380851746,0.45448949933052063,0.0,0.0,0.7344661355018616,0.43111133575439453,0.812325119972229,0.4965217113494873,0.6990109086036682,0.5105878710746765,0.8320508599281311,0.6420661807060242,0.6919503808021545,0.6735380291938782,0.8192824721336365,0.6909143328666687,0.7514514327049255,0.7219462394714355,0.7794807553291321,0.7560552358627319,0.7025052309036255,0.7637254595756531,0.0,0.0,0.6801966428756714,0.8878558278083801,0.0,0.0,0.0,0.0
person_nn_624.jpg,0.7809538841247559,0.4732242822647095,0.7900729775428772,0.44943898916244507,0.7671414613723755,0.4514630138874054,0.0,0.0,0.7346398830413818,0.42956095933914185,0.8142800331115723,0.49511322379112244,0.6972604990005493,0.5104517936706543,0.8338848352432251,0.6446356177330017,0.6881572604179382,0.6795083284378052,0.8172785639762878,0.6881911754608154,0.7522706985473633,0.7397898435592651,0.7896942496299744,0.7541751861572266,0.7070162892341614,0.7620232701301575,0.0,0.0,0.6787339448928833,0.9190649390220642,0.0,0.0,0.0,0.0
person_nn_625.jpg,0.7809538841247559,0.4732242822647095,0.7900729775428772,0.44943898916244507,0.7671414613723755,0.4514630138874054,0.0,0.0,0.7346398830413818,0.42956095933914185,0.8142800331115723,0.49511322379112244,0.6972604990005493,0.5104517936706543,0.8338848352432251,0.6446356177330017,0.6881572604179382,0.6795083284378052,0.8172785639762878,0.6881911754608154,0.7522706985473633,0.7397898435592651,0.7896942496299744,0.7541751861572266,0.7070162892341614,0.7620232701301575,0.0,0.0,0.6787339448928833,0.9190649390220642,0.0,0.0,0.0,0.0
person_nn_626.jpg,0.7656920552253723,0.052838876843452454,0.774519681930542,0.04142097011208534,0.7615572214126587,0.04156878590583801,0.7940780520439148,0.051225446164608,0.0,0.0,0.8104597330093384,0.12428479641675949,0.745573878288269,0.12448811531066895,0.8012559413909912,0.19841067492961884,0.7216508984565735,0.1940934807062149,0.7694889903068542,0.11248986423015594,0.7248702645301819,0.1175629198551178,0.7908861041069031,0.30817797780036926,0.7470970749855042,0.30636417865753174,0.0,0.0,0.0,0.0,0.0,0.0,0.0,0.0
person_nn_627.jpg,0.7781201004981995,0.47663605213165283,0.7892523407936096,0.4538802206516266,0.7656471729278564,0.45305755734443665,0.0,0.0,0.7346813082695007,0.43030402064323425,0.8131808042526245,0.5064763426780701,0.6968632936477661,0.5122330188751221,0.8330788612365723,0.6545372605323792,0.6888203620910645,0.6772719025611877,0.8160136938095093,0.694075882434845,0.7543597221374512,0.7395637631416321,0.7807778120040894,0.7630273699760437,0.699568510055542,0.7659763693809509,0.7915884256362915,0.898406445980072,0.6782817840576172,0.9005797505378723,0.0,0.0,0.0,0.0
person_nn_628.jpg,0.7817301750183105,0.47858235239982605,0.7898944616317749,0.4554753005504608,0.770068347454071,0.4558775722980499,0.0,0.0,0.7346569299697876,0.4329725503921509,0.8065168857574463,0.51576828956604,0.6942031979560852,0.520229160785675,0.8322335481643677,0.66126948595047,0.6894411444664001,0.6805312633514404,0.8172996640205383,0.6938477158546448,0.7583982348442078,0.7362560033798218,0.777716875076294,0.7758766412734985,0.7000136971473694,0.7788299918174744,0.0,0.0,0.6721523404121399,0.8991702198982239,0.0,0.0,0.0,0.0
person_nn_629.jpg,0.7813107967376709,0.4789350926876068,0.7932689785957336,0.4546928405761719,0.766847550868988,0.45602697134017944,0.0,0.0,0.7348321676254272,0.4269387722015381,0.8216891884803772,0.4896748960018158,0.6984860897064209,0.5063773989677429,0.8376995325088501,0.6446078419685364,0.6923039555549622,0.685418426990509,0.8121097683906555,0.6850913763046265,0.7660866975784302,0.7277613282203674,0.793515145778656,0.7513025403022766,0.7065795660018921,0.7607978582382202,0.0,0.0,0.6796590089797974,0.8778612017631531,0.0,0.0,0.0,0.0
person_nn_630.jpg,0.7701791524887085,0.0818479061126709,0.7786427736282349,0.06923611462116241,0.7655622959136963,0.06680432707071304,0.7942712903022766,0.06171762943267822,0.0,0.0,0.812359631061554,0.114632248878479,0.7413715124130249,0.10700152069330215,0.8243215680122375,0.21095962822437286,0.7327679395675659,0.19342021644115448,0.7647563219070435,0.18052947521209717,0.7439722418785095,0.17210201919078827,0.7966852784156799,0.3097544312477112,0.7487706542015076,0.30441832542419434,0.0,0.0,0.0,0.0,0.0,0.0,0.0,0.0
person_nn_631.jpg,0.7692276239395142,0.07236699759960175,0.7780157923698425,0.06080181151628494,0.7647465467453003,0.057749342173337936,0.7939794063568115,0.05909615382552147,0.0,0.0,0.8105440139770508,0.11805932223796844,0.740021288394928,0.10750914365053177,0.8222532868385315,0.2174312025308609,0.732262134552002,0.1974526196718216,0.7717193365097046,0.18898452818393707,0.7412078380584717,0.18685242533683777,0.7921275496482849,0.31860965490341187,0.7437868714332581,0.3118036687374115,0.0,0.0,0.0,0.0,0.0,0.0,0.0,0.0
person_nn_632.jpg,0.7681673765182495,0.05749579891562462,0.7771464586257935,0.04625367000699043,0.763446033000946,0.04359762370586395,0.7943746447563171,0.050802186131477356,0.0,0.0,0.812112033367157,0.12033489346504211,0.7414894104003906,0.10633562505245209,0.820442795753479,0.21992380917072296,0.7328401803970337,0.1895737200975418,0.7714975476264954,0.19069218635559082,0.7450291514396667,0.1784643530845642,0.7930062413215637,0.31973862648010254,0.7443645596504211,0.3108765780925751,0.0,0.0,0.0,0.0,0.0,0.0,0.0,0.0
person_nn_633.jpg,0.7695702910423279,0.07007116079330444,0.7790001034736633,0.057733237743377686,0.7647467255592346,0.05518307909369469,0.7959715723991394,0.05821239948272705,0.0,0.0,0.8103188872337341,0.12305088341236115,0.7424453496932983,0.11374183744192123,0.8150848150253296,0.22472414374351501,0.7315846085548401,0.199527308344841,0.7689385414123535,0.20082512497901917,0.7344698309898376,0.17592373490333557,0.7930832505226135,0.32886582612991333,0.7461221218109131,0.3229316771030426,0.0,0.0,0.0,0.0,0.0,0.0,0.0,0.0
person_nn_634.jpg,0.7695702910423279,0.07007116079330444,0.7790001034736633,0.057733237743377686,0.7647467255592346,0.05518307909369469,0.7959715723991394,0.05821239948272705,0.0,0.0,0.8103188872337341,0.12305088341236115,0.7424453496932983,0.11374183744192123,0.8150848150253296,0.22472414374351501,0.7315846085548401,0.199527308344841,0.7689385414123535,0.20082512497901917,0.7344698309898376,0.17592373490333557,0.7930832505226135,0.32886582612991333,0.7461221218109131,0.3229316771030426,0.0,0.0,0.0,0.0,0.0,0.0,0.0,0.0
person_nn_635.jpg,0.9273720979690552,0.1617436558008194,0.9321929216384888,0.14967460930347443,0.9192973971366882,0.15163876116275787,0.0,0.0,0.9008442759513855,0.15188716351985931,0.9363344311714172,0.19860808551311493,0.875784158706665,0.1990135759115219,0.9398429989814758,0.2750595808029175,0.8454243540763855,0.26579830050468445,0.9364293813705444,0.29482540488243103,0.8662682175636292,0.2798173129558563,0.9088634848594666,0.36793380975723267,0.8708319664001465,0.3688134253025055,0.8881560564041138,0.4978168308734894,0.8588352203369141,0.5083107948303223,0.8711286187171936,0.6352123618125916,0.852791428565979,0.653075635433197
person_nn_636.jpg,0.7691724896430969,0.06585188955068588,0.7784896492958069,0.053270090371370316,0.7640308141708374,0.05138196796178818,0.7958117723464966,0.05555843934416771,0.0,0.0,0.8118414878845215,0.12364467978477478,0.7426658868789673,0.11687338352203369,0.8185339570045471,0.22348706424236298,0.7326931357383728,0.2023242563009262,0.7683682441711426,0.20080511271953583,0.736128568649292,0.1795802116394043,0.7944342494010925,0.33086833357810974,0.7466742992401123,0.32550838589668274,0.0,0.0,0.0,0.0,0.0,0.0,0.0,0.0
person_nn_637.jpg,0.7699580192565918,0.0714196190237999,0.7794697284698486,0.05908876284956932,0.7651674151420593,0.056199584156274796,0.7962685823440552,0.06005322188138962,0.0,0.0,0.8110188245773315,0.12478743493556976,0.7413325905799866,0.11738235503435135,0.819659948348999,0.2224746197462082,0.7327862977981567,0.20557503402233124,0.7690804600715637,0.20074501633644104,0.7396996021270752,0.18828903138637543,0.7952418327331543,0.33139342069625854,0.7473586201667786,0.32661139965057373,0.0,0.0,0.0,0.0,0.0,0.0,0.0,0.0
person_nn_638.jpg,0.9340300559997559,0.17174313962459564,0.939116895198822,0.15968017280101776,0.9264219999313354,0.16024523973464966,0.0,0.0,0.9068254232406616,0.1576075255870819,0.9449399709701538,0.2064208835363388,0.8774752020835876,0.20625503361225128,0.9523873925209045,0.2840595245361328,0.8510793447494507,0.27635031938552856,0.0,0.0,0.8717765808105469,0.29908987879753113,0.9251418709754944,0.3706578314304352,0.8817089200019836,0.37261661887168884,0.9129659533500671,0.49153926968574524,0.8686419129371643,0.5042285919189453,0.8896965384483337,0.6201440691947937,0.8598247170448303,0.6472383141517639
person_nn_639.jpg,0.7846872210502625,0.478058785200119,0.7933207154273987,0.4561851918697357,0.7711312770843506,0.45715704560279846,0.0,0.0,0.7358342409133911,0.43672800064086914,0.8052190542221069,0.4948471188545227,0.7002027630805969,0.5159655809402466,0.0,0.0,0.6881204843521118,0.6821387410163879,0.8036512136459351,0.6957383155822754,0.7443710565567017,0.7339707016944885,0.7783383131027222,0.7212186455726624,0.7065352201461792,0.7288591265678406,0.7715133428573608,0.8786868453025818,0.6807361245155334,0.8903098702430725,0.0,0.0,0.0,0.0
person_nn_640.jpg,0.9424315094947815,0.17623776197433472,0.946387529373169,0.16650626063346863,0.9353774785995483,0.16516025364398956,0.0,0.0,0.9128962159156799,0.16269995272159576,0.9428470134735107,0.230736643075943,0.8803454637527466,0.22530066967010498,0.9475549459457397,0.3289567828178406,0.8567596077919006,0.3036317825317383,0.947105884552002,0.3682178258895874,0.885059118270874,0.31207340955734253,0.9249248504638672,0.39559832215309143,0.8833374381065369,0.39759311079978943,0.924801230430603,0.5023115277290344,0.8753507137298584,0.5164041519165039,0.9039226174354553,0.6195619702339172,0.8608020544052124,0.6436886191368103
person_nn_641.jpg,0.7699325084686279,0.07262898981571198,0.7792628407478333,0.06076742336153984,0.7656751871109009,0.057739175856113434,0.7961545586585999,0.06101366505026817,0.0,0.0,0.8108180165290833,0.1236322671175003,0.7431067824363708,0.11403612792491913,0.8173331022262573,0.21935135126113892,0.7313459515571594,0.19688284397125244,0.7692877650260925,0.19912438094615936,0.7349834442138672,0.18023625016212463,0.7920280694961548,0.3234604001045227,0.7455955147743225,0.3170890808105469,0.0,0.0,0.0,0.0,0.0,0.0,0.0,0.0
person_nn_642.jpg,0.9481561183929443,0.1864471584558487,0.9518693685531616,0.17578314244747162,0.9406914114952087,0.17590907216072083,0.0,0.0,0.9196755886077881,0.17170917987823486,0.9492618441581726,0.22584930062294006,0.8885223865509033,0.23297053575515747,0.0,0.0,0.8572423458099365,0.31432101130485535,0.9610389471054077,0.3281272351741791,0.8906936049461365,0.31557878851890564,0.9335729479789734,0.41938963532447815,0.8919427394866943,0.4263451397418976,0.930162787437439,0.5381981134414673,0.8788967728614807,0.5602793097496033,0.9207162261009216,0.634536623954773,0.8608410358428955,0.666140079498291
person_nn_643.jpg,0.7689852118492126,0.05787348374724388,0.7784515023231506,0.0466877780854702,0.7640062570571899,0.0433889664709568,0.7957109212875366,0.05250909924507141,0.0,0.0,0.8133479952812195,0.12289606779813766,0.7409089207649231,0.10858330130577087,0.8219618201255798,0.22220507264137268,0.7308052778244019,0.1935615986585617,0.7703335285186768,0.1933763325214386,0.7384445667266846,0.18544308841228485,0.7933864593505859,0.320326566696167,0.7440676093101501,0.3112684488296509,0.0,0.0,0.0,0.0,0.0,0.0,0.0,0.0
person_nn_644.jpg,0.9481561183929443,0.1864471584558487,0.9518693685531616,0.17578314244747162,0.9406914114952087,0.17590907216072083,0.0,0.0,0.9196755886077881,0.17170917987823486,0.9492618441581726,0.22584930062294006,0.8885223865509033,0.23297053575515747,0.0,0.0,0.8572423458099365,0.31432101130485535,0.9610389471054077,0.3281272351741791,0.8906936049461365,0.31557878851890564,0.9335729479789734,0.41938963532447815,0.8919427394866943,0.4263451397418976,0.930162787437439,0.5381981134414673,0.8788967728614807,0.5602793097496033,0.9207162261009216,0.634536623954773,0.8608410358428955,0.666140079498291
person_nn_645.jpg,0.7689852118492126,0.05787348374724388,0.7784515023231506,0.0466877780854702,0.7640062570571899,0.0433889664709568,0.7957109212875366,0.05250909924507141,0.0,0.0,0.8133479952812195,0.12289606779813766,0.7409089207649231,0.10858330130577087,0.8219618201255798,0.22220507264137268,0.7308052778244019,0.1935615986585617,0.7703335285186768,0.1933763325214386,0.7384445667266846,0.18544308841228485,0.7933864593505859,0.320326566696167,0.7440676093101501,0.3112684488296509,0.0,0.0,0.0,0.0,0.0,0.0,0.0,0.0
person_nn_646.jpg,0.9549594521522522,0.20124442875385284,0.9586993455886841,0.19025494158267975,0.9467141628265381,0.1914643943309784,0.0,0.0,0.9232479929924011,0.1885623186826706,0.9528881311416626,0.24564199149608612,0.8905565142631531,0.25104182958602905,0.9600738883018494,0.32376015186309814,0.865257740020752,0.33214786648750305,0.9635611176490784,0.3361761271953583,0.8978242874145508,0.3391173183917999,0.9319497346878052,0.41037073731422424,0.8919495344161987,0.41692158579826355,0.9244651794433594,0.5113131999969482,0.8876999616622925,0.5354756712913513,0.8862618207931519,0.5897451043128967,0.8624448180198669,0.6290403604507446
person_nn_647.jpg,0.7842962741851807,0.4770979881286621,0.7940047979354858,0.455369770526886,0.7708603739738464,0.45603621006011963,0.0,0.0,0.7374542951583862,0.43492498993873596,0.8131114840507507,0.49538686871528625,0.6997581124305725,0.5132500529289246,0.832449197769165,0.6290764808654785,0.6897996068000793,0.675291895866394,0.8180216550827026,0.6854382753372192,0.7554476261138916,0.7315008044242859,0.7849594950675964,0.7382068037986755,0.705702543258667,0.7462512254714966,0.7902321815490723,0.8909337520599365,0.6798834204673767,0.9025100469589233,0.0,0.0,0.0,0.0
person_nn_648.jpg,0.7680904269218445,0.059527747333049774,0.7772935032844543,0.04859353229403496,0.76357102394104,0.04521451145410538,0.7947232127189636,0.053620025515556335,0.0,0.0,0.8129578232765198,0.12311790138483047,0.7402087450027466,0.10784721374511719,0.8217364549636841,0.22102178633213043,0.7268732786178589,0.18806570768356323,0.7718081474304199,0.19175906479358673,0.7348545789718628,0.17192301154136658,0.7932637929916382,0.32151105999946594,0.7440310120582581,0.31262528896331787,0.0,0.0,0.0,0.0,0.0,0.0,0.0,0.0
person_nn_649.jpg,0.9637706875801086,0.21128028631210327,0.9673429131507874,0.2029152810573578,0.957797110080719,0.19888798892498016,0.0,0.0,0.9350391030311584,0.19476664066314697,0.9628701210021973,0.26171985268592834,0.9019677639007568,0.2527204751968384,0.9668444991111755,0.34118974208831787,0.8702863454818726,0.33759403228759766,0.9627893567085266,0.3602224588394165,0.9014143347740173,0.34910768270492554,0.9329214692115784,0.44122767448425293,0.8937161564826965,0.43484511971473694,0.9197131395339966,0.5658588409423828,0.8809252977371216,0.5534859299659729,0.8947907090187073,0.68901127576828,0.8626377582550049,0.6721739172935486
person_nn_650.jpg,0.7808800339698792,0.4764236509799957,0.7909107804298401,0.4570797085762024,0.7689255475997925,0.4555453360080719,0.0,0.0,0.7377347350120544,0.43370509147644043,0.8082237243652344,0.49536609649658203,0.6994896531105042,0.5102202892303467,0.8287109136581421,0.6272882223129272,0.6896506547927856,0.6747782826423645,0.8186877369880676,0.682007372379303,0.7587113380432129,0.7256838083267212,0.7786300778388977,0.7411248087882996,0.7036468982696533,0.7469514608383179,0.7753816843032837,0.894362211227417,0.6804623007774353,0.9013029932975769,0.0,0.0,0.0,0.0
person_nn_651.jpg,0.7690930962562561,0.07195410132408142,0.7781779766082764,0.0605287030339241,0.7654703259468079,0.05691809207201004,0.7958441972732544,0.05984842777252197,0.0,0.0,0.8140226006507874,0.123265840113163,0.7425435185432434,0.10814695805311203,0.8226751089096069,0.22234441339969635,0.7267209887504578,0.1874443143606186,0.771656334400177,0.19207192957401276,0.7298784852027893,0.16300077736377716,0.7934107780456543,0.32486453652381897,0.7452217936515808,0.31613078713417053,0.0,0.0,0.0,0.0,0.0,0.0,0.0,0.0
person_nn_652.jpg,0.968667209148407,0.23494906723499298,0.9727290868759155,0.22553423047065735,0.9610117673873901,0.22257985174655914,0.0,0.0,0.9319543838500977,0.21386581659317017,0.9666187763214111,0.2759230434894562,0.9039981365203857,0.27153387665748596,0.9702224135398865,0.3604210317134857,0.8722825646400452,0.36635836958885193,0.9629395008087158,0.3966819941997528,0.9015239477157593,0.379754900932312,0.9360369443893433,0.45229700207710266,0.8948673605918884,0.4449782371520996,0.9283232688903809,0.5869871377944946,0.8848432302474976,0.563183069229126,0.9088249802589417,0.7170214653015137,0.8644745349884033,0.6743107438087463
person_nn_653.jpg,0.7753837704658508,0.4736264944076538,0.7867242693901062,0.4558869004249573,0.7644873857498169,0.4523368179798126,0.0,0.0,0.7366238832473755,0.4308382272720337,0.8076483607292175,0.49604421854019165,0.6986112594604492,0.5083028674125671,0.8262704014778137,0.6325023770332336,0.6915938854217529,0.679337203502655,0.808559238910675,0.686381995677948,0.7645429968833923,0.728084921836853,0.7752506732940674,0.7357818484306335,0.700214684009552,0.7394056916236877,0.769907534122467,0.890338659286499,0.6788762211799622,0.8927553296089172,0.0,0.0,0.0,0.0
person_nn_654.jpg,0.7696154117584229,0.07294465601444244,0.7786181569099426,0.06191825121641159,0.7660119533538818,0.058100320398807526,0.7958329319953918,0.061345748603343964,0.0,0.0,0.8128058910369873,0.12201642245054245,0.7426224946975708,0.10791134089231491,0.8213135004043579,0.21783792972564697,0.7323563098907471,0.1924804449081421,0.7716156244277954,0.19250741600990295,0.7451738119125366,0.18514645099639893,0.792898416519165,0.3185685873031616,0.7450019121170044,0.3102927505970001,0.0,0.0,0.0,0.0,0.0,0.0,0.0,0.0
person_nn_655.jpg,0.9782993197441101,0.25717097520828247,0.0,0.0,0.9734947085380554,0.24262087047100067,0.0,0.0,0.9515349268913269,0.22644533216953278,0.9865090250968933,0.2831715941429138,0.9147000312805176,0.27407220005989075,0.0,0.0,0.8764613270759583,0.3607747256755829,0.0,0.0,0.903381884098053,0.38488221168518066,0.971218466758728,0.4815092086791992,0.9207889437675476,0.477325439453125,0.9802666306495667,0.6269094347953796,0.9072114825248718,0.6132906675338745,0.9708355665206909,0.7417548894882202,0.8966975808143616,0.7317230701446533
person_nn_656.jpg,0.784569263458252,0.4769435524940491,0.7916869521141052,0.4566102623939514,0.772236704826355,0.459703266620636,0.0,0.0,0.7385484576225281,0.4388480484485626,0.8090838193893433,0.4802277684211731,0.6991631984710693,0.5024614930152893,0.8332223296165466,0.6239158511161804,0.6910756826400757,0.675785481929779,0.8180555105209351,0.683884859085083,0.7637009620666504,0.7339368462562561,0.7728618383407593,0.7268417477607727,0.6978693008422852,0.7366277575492859,0.7791327834129333,0.8702934980392456,0.6758692860603333,0.8838580250740051,0.0,0.0,0.0,0.0
person_nn_657.jpg,0.7687074542045593,0.0740073174238205,0.7780517339706421,0.06317907571792603,0.7657787203788757,0.05876101925969124,0.7956759929656982,0.06256309896707535,0.0,0.0,0.8133586645126343,0.12422478944063187,0.7401750087738037,0.10836387425661087,0.8210357427597046,0.22080805897712708,0.7196323275566101,0.18416251242160797,0.7706661224365234,0.1911473274230957,0.7209978103637695,0.15093234181404114,0.7920201420783997,0.32016849517822266,0.7427459955215454,0.31187817454338074,0.0,0.0,0.0,0.0,0.0,0.0,0.0,0.0
person_nn_658.jpg,0.7840747237205505,0.4788917005062103,0.7911329865455627,0.4585683047771454,0.7711682319641113,0.46075379848480225,0.0,0.0,0.736750066280365,0.43812525272369385,0.8069902062416077,0.4814491868019104,0.6979376673698425,0.4990944564342499,0.8332235217094421,0.6246519684791565,0.68628990650177,0.6697131991386414,0.8172990679740906,0.6854903101921082,0.7605257630348206,0.7360524535179138,0.7844427824020386,0.723382830619812,0.7097277641296387,0.7340020537376404,0.7913565635681152,0.8734763860702515,0.6877115368843079,0.8933891654014587,0.0,0.0,0.0,0.0
person_nn_659.jpg,0.9881073832511902,0.2739708423614502,0.0,0.0,0.9826298356056213,0.25972190499305725,0.0,0.0,0.961155354976654,0.24340878427028656,0.0,0.0,0.9277580380439758,0.2885396480560303,0.0,0.0,0.8840805888175964,0.37432852387428284,0.0,0.0,0.9045591950416565,0.4000959098339081,0.9702559113502502,0.48997482657432556,0.921298086643219,0.47967392206192017,0.9730262160301208,0.6327759027481079,0.9065166115760803,0.6050087213516235,0.9584526419639587,0.745732843875885,0.891249418258667,0.7125948071479797
person_nn_660.jpg,0.7687351107597351,0.07400834560394287,0.7783077955245972,0.06314659863710403,0.765848696231842,0.05841212719678879,0.7965233325958252,0.0628211498260498,0.0,0.0,0.8140864372253418,0.12566429376602173,0.7404316067695618,0.10752096772193909,0.8208364844322205,0.22251304984092712,0.7194014191627502,0.1832202821969986,0.771472156047821,0.19076944887638092,0.7218562960624695,0.1548694372177124,0.7913857698440552,0.32165539264678955,0.7417552471160889,0.31215700507164,0.0,0.0,0.0,0.0,0.0,0.0,0.0,0.0
person_nn_661.jpg,0.7840747237205505,0.4788917005062103,0.7911329865455627,0.4585683047771454,0.7711682319641113,0.46075379848480225,0.0,0.0,0.736750066280365,0.43812525272369385,0.8069902062416077,0.4814491868019104,0.6979376673698425,0.4990944564342499,0.8332235217094421,0.6246519684791565,0.68628990650177,0.6697131991386414,0.8172990679740906,0.6854903101921082,0.7605257630348206,0.7360524535179138,0.7844427824020386,0.723382830619812,0.7097277641296387,0.7340020537376404,0.7913565635681152,0.8734763860702515,0.6877115368843079,0.8933891654014587,0.0,0.0,0.0,0.0
person_nn_662.jpg,0.9881073832511902,0.2739708423614502,0.0,0.0,0.9826298356056213,0.25972190499305725,0.0,0.0,0.961155354976654,0.24340878427028656,0.0,0.0,0.9277580380439758,0.2885396480560303,0.0,0.0,0.8840805888175964,0.37432852387428284,0.0,0.0,0.9045591950416565,0.4000959098339081,0.9702559113502502,0.48997482657432556,0.921298086643219,0.47967392206192017,0.9730262160301208,0.6327759027481079,0.9065166115760803,0.6050087213516235,0.9584526419639587,0.745732843875885,0.891249418258667,0.7125948071479797
person_nn_663.jpg,0.7687351107597351,0.07400834560394287,0.7783077955245972,0.06314659863710403,0.765848696231842,0.05841212719678879,0.7965233325958252,0.0628211498260498,0.0,0.0,0.8140864372253418,0.12566429376602173,0.7404316067695618,0.10752096772193909,0.8208364844322205,0.22251304984092712,0.7194014191627502,0.1832202821969986,0.771472156047821,0.19076944887638092,0.7218562960624695,0.1548694372177124,0.7913857698440552,0.32165539264678955,0.7417552471160889,0.31215700507164,0.0,0.0,0.0,0.0,0.0,0.0,0.0,0.0
person_nn_664.jpg,0.9965305328369141,0.2824041545391083,0.0,0.0,0.9908590912818909,0.26788535714149475,0.0,0.0,0.9649460911750793,0.2536199688911438,0.0,0.0,0.9356339573860168,0.29958418011665344,0.0,0.0,0.8870959877967834,0.3799422085285187,0.0,0.0,0.9098013639450073,0.4120565950870514,0.9643381834030151,0.5149443745613098,0.923123836517334,0.4945991039276123,0.9513854384422302,0.6641424298286438,0.9060626029968262,0.6035792827606201,0.9099132418632507,0.7494081258773804,0.8859325647354126,0.6630991101264954
person_nn_665.jpg,0.7830634117126465,0.4750294089317322,0.7902511358261108,0.45565226674079895,0.7708324790000916,0.4577828049659729,0.0,0.0,0.7385400533676147,0.44118261337280273,0.8093530535697937,0.4865146279335022,0.6994723081588745,0.5107177495956421,0.8360980749130249,0.6140599846839905,0.688107967376709,0.6762698888778687,0.8229892253875732,0.6627493500709534,0.7501396536827087,0.7385296821594238,0.7805792689323425,0.7297275066375732,0.7048037052154541,0.7392898797988892,0.7763858437538147,0.8906754851341248,0.6810288429260254,0.9035923480987549,0.0,0.0,0.0,0.0
person_nn_666.jpg,0.7691967487335205,0.07394711673259735,0.7783218026161194,0.0630721002817154,0.7661498188972473,0.05917278304696083,0.796074390411377,0.06222038343548775,0.0,0.0,0.814308762550354,0.12276287376880646,0.742932140827179,0.10759247839450836,0.8216286897659302,0.22016820311546326,0.7224079370498657,0.18317559361457825,0.7713953852653503,0.19103409349918365,0.7207180261611938,0.1516430824995041,0.7926619648933411,0.31614524126052856,0.7447916865348816,0.3076278567314148,0.0,0.0,0.0,0.0,0.0,0.0,0.0,0.0
person_nn_667.jpg,0.0,0.0,0.0,0.0,0.9935675859451294,0.26910722255706787,0.0,0.0,0.9710456132888794,0.2599585950374603,0.0,0.0,0.936028003692627,0.31069162487983704,0.0,0.0,0.8933624625205994,0.3907443881034851,0.0,0.0,0.9151689410209656,0.4165341854095459,0.964897096157074,0.5194270610809326,0.9264490008354187,0.5079439878463745,0.9490612149238586,0.666178822517395,0.9199157357215881,0.6385771036148071,0.9082430601119995,0.749515950679779,0.9025185108184814,0.7193639278411865
person_nn_668.jpg,0.7865428924560547,0.47580626606941223,0.7926530838012695,0.45460745692253113,0.7740293741226196,0.45907968282699585,0.0,0.0,0.7396425604820251,0.4411197006702423,0.8071905970573425,0.47594431042671204,0.6983011960983276,0.5080762505531311,0.8329080939292908,0.6102560758590698,0.6896096467971802,0.6800690293312073,0.8240377902984619,0.6720613837242126,0.7587972283363342,0.7325878143310547,0.7742528319358826,0.7145328521728516,0.7005943059921265,0.7296508550643921,0.7753134369850159,0.8601166009902954,0.6758075952529907,0.884372889995575,0.0,0.0,0.0,0.0
person_nn_669.jpg,0.769380509853363,0.07678740471601486,0.7784563302993774,0.06518211215734482,0.7659335732460022,0.06172926723957062,0.7961745858192444,0.06169068068265915,0.0,0.0,0.8144403100013733,0.12103933840990067,0.7436121702194214,0.10591202229261398,0.8205822706222534,0.22100837528705597,0.7225680351257324,0.18212918937206268,0.7718721628189087,0.1921893209218979,0.719818115234375,0.15035942196846008,0.791823148727417,0.3159816861152649,0.7444128394126892,0.307109534740448,0.0,0.0,0.0,0.0,0.0,0.0,0.0,0.0
person_nn_670.jpg,0.0,0.0,0.0,0.0,0.0,0.0,0.0,0.0,0.9791862368583679,0.2625375986099243,0.0,0.0,0.9377983808517456,0.3214528262615204,0.0,0.0,0.8972924947738647,0.4047449827194214,0.0,0.0,0.9159917235374451,0.42667028307914734,0.9618789553642273,0.5350828170776367,0.9277196526527405,0.5288748741149902,0.9352936148643494,0.6654195189476013,0.9252138733863831,0.665248453617096,0.8887094855308533,0.7397153377532959,0.9066246151924133,0.7585904598236084
person_nn_671.jpg,0.7853063941001892,0.4762932360172272,0.7917912602424622,0.45715218782424927,0.7734953165054321,0.45911070704460144,0.0,0.0,0.7388507127761841,0.4435097873210907,0.8048086762428284,0.4848143458366394,0.6995760202407837,0.5167379975318909,0.8337794542312622,0.5945702791213989,0.6880283951759338,0.6775320172309875,0.8242488503456116,0.6516584157943726,0.7476982474327087,0.7275874614715576,0.7792419195175171,0.7209574580192566,0.7066637277603149,0.7329881191253662,0.7735504508018494,0.8826797604560852,0.6809662580490112,0.8962490558624268,0.0,0.0,0.0,0.0
person_nn_672.jpg,0.7690696120262146,0.07836716622114182,0.7782887816429138,0.06574445962905884,0.7657975554466248,0.06231100857257843,0.797661542892456,0.06062336638569832,0.0,0.0,0.8170998096466064,0.12428005039691925,0.7434257864952087,0.10627862066030502,0.8249696493148804,0.21926043927669525,0.7213137149810791,0.18057172000408173,0.7735806703567505,0.1911289244890213,0.7289075255393982,0.16571180522441864,0.7921484708786011,0.3173495829105377,0.7432225346565247,0.3070800304412842,0.0,0.0,0.0,0.0,0.0,0.0,0.0,0.0
person_nn_673.jpg,0.0,0.0,0.0,0.0,0.0,0.0,0.0,0.0,0.9806039333343506,0.2694193124771118,0.0,0.0,0.941980242729187,0.32612860202789307,0.0,0.0,0.899257242679596,0.41349148750305176,0.0,0.0,0.9179227352142334,0.4349417984485626,0.9676774740219116,0.5511873364448547,0.933871328830719,0.5419577956199646,0.9363892078399658,0.6811870336532593,0.9263402819633484,0.6724755167961121,0.8877493739128113,0.7589219212532043,0.9014848470687866,0.7671290636062622
person_nn_674.jpg,0.7693682312965393,0.07666479796171188,0.778679609298706,0.06538490206003189,0.7662985324859619,0.061206016689538956,0.7971959710121155,0.06278157234191895,0.0,0.0,0.8148460984230042,0.12191592901945114,0.7435274720191956,0.10582810640335083,0.8215246796607971,0.2199907749891281,0.7283128499984741,0.1929621547460556,0.7734270095825195,0.19171571731567383,0.741309642791748,0.18802212178707123,0.7912899851799011,0.3171440064907074,0.7432792782783508,0.30758434534072876,0.0,0.0,0.0,0.0,0.0,0.0,0.0,0.0
person_nn_675.jpg,0.7839044332504272,0.47600051760673523,0.7904391884803772,0.4570627808570862,0.7721152901649475,0.45838257670402527,0.0,0.0,0.7388277053833008,0.4436635375022888,0.8037303686141968,0.4941668212413788,0.7010664343833923,0.5195223093032837,0.8332786560058594,0.6032606363296509,0.6870507001876831,0.6768666505813599,0.8187630772590637,0.6583529114723206,0.7473235726356506,0.7284973859786987,0.7740373015403748,0.7265623807907104,0.7047547101974487,0.7340558171272278,0.7607700824737549,0.8890753984451294,0.6814454197883606,0.8970550298690796,0.0,0.0,0.0,0.0
person_nn_676.jpg,0.0,0.0,0.0,0.0,0.0,0.0,0.0,0.0,0.9806039333343506,0.2694193124771118,0.0,0.0,0.941980242729187,0.32612860202789307,0.0,0.0,0.899257242679596,0.41349148750305176,0.0,0.0,0.9179227352142334,0.4349417984485626,0.9676774740219116,0.5511873364448547,0.933871328830719,0.5419577956199646,0.9363892078399658,0.6811870336532593,0.9263402819633484,0.6724755167961121,0.8877493739128113,0.7589219212532043,0.9014848470687866,0.7671290636062622
person_nn_677.jpg,0.7693682312965393,0.07666479796171188,0.778679609298706,0.06538490206003189,0.7662985324859619,0.061206016689538956,0.7971959710121155,0.06278157234191895,0.0,0.0,0.8148460984230042,0.12191592901945114,0.7435274720191956,0.10582810640335083,0.8215246796607971,0.2199907749891281,0.7283128499984741,0.1929621547460556,0.7734270095825195,0.19171571731567383,0.741309642791748,0.18802212178707123,0.7912899851799011,0.3171440064907074,0.7432792782783508,0.30758434534072876,0.0,0.0,0.0,0.0,0.0,0.0,0.0,0.0
person_nn_678.jpg,0.7839044332504272,0.47600051760673523,0.7904391884803772,0.4570627808570862,0.7721152901649475,0.45838257670402527,0.0,0.0,0.7388277053833008,0.4436635375022888,0.8037303686141968,0.4941668212413788,0.7010664343833923,0.5195223093032837,0.8332786560058594,0.6032606363296509,0.6870507001876831,0.6768666505813599,0.8187630772590637,0.6583529114723206,0.7473235726356506,0.7284973859786987,0.7740373015403748,0.7265623807907104,0.7047547101974487,0.7340558171272278,0.7607700824737549,0.8890753984451294,0.6814454197883606,0.8970550298690796,0.0,0.0,0.0,0.0
person_nn_679.jpg,0.0,0.0,0.0,0.0,0.0,0.0,0.0,0.0,0.9794282913208008,0.2794179916381836,0.0,0.0,0.9429388642311096,0.3359006345272064,0.0,0.0,0.8998243808746338,0.42150890827178955,0.0,0.0,0.9199675917625427,0.44596970081329346,0.9771947264671326,0.558440625667572,0.9373151659965515,0.5496238470077515,0.9509300589561462,0.6891550421714783,0.914711594581604,0.6814174652099609,0.9088244438171387,0.7695478796958923,0.879199743270874,0.779309868812561
person_nn_680.jpg,0.7693691253662109,0.07678096741437912,0.7785564064979553,0.0655733123421669,0.7666398882865906,0.06148691102862358,0.7971500754356384,0.06323589384555817,0.0,0.0,0.8154600858688354,0.12311460822820663,0.7435196042060852,0.10782945156097412,0.8230736255645752,0.21997837722301483,0.7261290550231934,0.19330009818077087,0.7741701006889343,0.1923111230134964,0.737578272819519,0.18553608655929565,0.7915002703666687,0.3184756934642792,0.743332028388977,0.30939456820487976,0.0,0.0,0.0,0.0,0.0,0.0,0.0,0.0
person_nn_681.jpg,0.7841519713401794,0.4768159091472626,0.790736198425293,0.45735621452331543,0.7719904780387878,0.45890772342681885,0.0,0.0,0.7382863759994507,0.44492173194885254,0.8042741417884827,0.4980047643184662,0.7008774876594543,0.5219964385032654,0.832650363445282,0.6100257635116577,0.6874216794967651,0.6776326298713684,0.8163774013519287,0.6671262383460999,0.746418833732605,0.7303988933563232,0.7740973830223083,0.7327183485031128,0.7043622136116028,0.7395757436752319,0.7599450349807739,0.8961703777313232,0.6811844706535339,0.903618574142456,0.0,0.0,0.0,0.0
person_nn_682.jpg,0.0,0.0,0.0,0.0,0.9956536889076233,0.28828316926956177,0.0,0.0,0.9767944812774658,0.28783953189849854,0.0,0.0,0.9409538507461548,0.344695508480072,0.0,0.0,0.9025596380233765,0.4242250323295593,0.0,0.0,0.9227877259254456,0.4570131301879883,0.9805477857589722,0.5565146207809448,0.9396043419837952,0.5516217947006226,0.9546784162521362,0.6839491724967957,0.9104540944099426,0.6849956512451172,0.9132096171379089,0.7729990482330322,0.8714132308959961,0.7956408262252808
person_nn_683.jpg,0.7851125001907349,0.4776969254016876,0.7916014194488525,0.4567696154117584,0.7722877860069275,0.460788369178772,0.0,0.0,0.7370446920394897,0.4408504366874695,0.8093053698539734,0.48116135597229004,0.697694718837738,0.5099401473999023,0.835230827331543,0.612747311592102,0.6905973553657532,0.6805225610733032,0.8275800347328186,0.6669521927833557,0.7627363801002502,0.7368976473808289,0.7779431939125061,0.7340227365493774,0.7016323804855347,0.7471840977668762,0.786271333694458,0.8803060054779053,0.677370548248291,0.8968719244003296,0.0,0.0,0.0,0.0
person_nn_684.jpg,0.995705783367157,0.3124057650566101,0.0,0.0,0.990660548210144,0.2945699989795685,0.0,0.0,0.9732582569122314,0.2833169102668762,0.0,0.0,0.9382483959197998,0.343503475189209,0.0,0.0,0.902941107749939,0.43496349453926086,0.0,0.0,0.9253203868865967,0.4687155783176422,0.9788621664047241,0.5742285251617432,0.935300886631012,0.5673359036445618,0.9585846662521362,0.7043259739875793,0.9051356911659241,0.7048445343971252,0.9192076921463013,0.7788978815078735,0.8649606108665466,0.8031203150749207
person_nn_685.jpg,0.7854954600334167,0.4776487648487091,0.7924719452857971,0.4568118155002594,0.7726636528968811,0.46033161878585815,0.0,0.0,0.7378659844398499,0.4402279555797577,0.8105435371398926,0.4833117723464966,0.6984326243400574,0.508394718170166,0.8329765200614929,0.6207547783851624,0.6894516944885254,0.6794081926345825,0.8194279074668884,0.6794691681861877,0.7617865800857544,0.7368353605270386,0.776533305644989,0.7347003221511841,0.7003852128982544,0.7455959320068359,0.7805713415145874,0.8814677000045776,0.6757603883743286,0.8950921893119812,0.0,0.0,0.0,0.0
person_nn_686.jpg,0.7700566053390503,0.07789380103349686,0.7792429327964783,0.0662364810705185,0.7667237520217896,0.06227288022637367,0.7970902323722839,0.06206126511096954,0.0,0.0,0.8158830404281616,0.12093209475278854,0.742658257484436,0.1052071675658226,0.8248623609542847,0.2218596190214157,0.7261427640914917,0.18909922242164612,0.7737271189689636,0.19402137398719788,0.7337254285812378,0.1712276041507721,0.7931575775146484,0.3176710307598114,0.7440194487571716,0.3085581064224243,0.0,0.0,0.0,0.0,0.0,0.0,0.0,0.0
person_nn_687.jpg,0.9861556887626648,0.31780698895454407,0.0,0.0,0.9816483855247498,0.29564207792282104,0.0,0.0,0.968401312828064,0.2804338037967682,0.0,0.0,0.9333749413490295,0.34881284832954407,0.0,0.0,0.901204526424408,0.4454934597015381,0.0,0.0,0.9272273778915405,0.48573338985443115,0.9809998273849487,0.5783094167709351,0.9325446486473083,0.5700543522834778,0.9705016016960144,0.7083000540733337,0.9025270938873291,0.7087137699127197,0.0,0.0,0.864128053188324,0.8078790903091431
person_nn_688.jpg,0.7699630260467529,0.07831346243619919,0.7791866064071655,0.066126748919487,0.7666513323783875,0.06223618984222412,0.797539472579956,0.06115802749991417,0.0,0.0,0.8163292407989502,0.12273704260587692,0.741015613079071,0.10509057343006134,0.8271346688270569,0.22074005007743835,0.7226732969284058,0.18855084478855133,0.7751142978668213,0.19693274796009064,0.7387967705726624,0.18484236299991608,0.793633222579956,0.3135913908481598,0.7438525557518005,0.30418404936790466,0.0,0.0,0.0,0.0,0.0,0.0,0.0,0.0
person_nn_689.jpg,0.787140429019928,0.4778063893318176,0.7936954498291016,0.4571547508239746,0.7741630673408508,0.4610762894153595,0.0,0.0,0.7386594414710999,0.44136378169059753,0.8108346462249756,0.48069339990615845,0.6979957818984985,0.5057575702667236,0.8319645524024963,0.6225164532661438,0.6891750693321228,0.6780974268913269,0.8190011382102966,0.6898491978645325,0.7620660662651062,0.7404837608337402,0.7776178121566772,0.7272119522094727,0.7001262903213501,0.7389205694198608,0.7869227528572083,0.8718522191047668,0.6759111285209656,0.8880447149276733,0.0,0.0,0.0,0.0
person_nn_690.jpg,0.9861556887626648,0.31780698895454407,0.0,0.0,0.9816483855247498,0.29564207792282104,0.0,0.0,0.968401312828064,0.2804338037967682,0.0,0.0,0.9333749413490295,0.34881284832954407,0.0,0.0,0.901204526424408,0.4454934597015381,0.0,0.0,0.9272273778915405,0.48573338985443115,0.9809998273849487,0.5783094167709351,0.9325446486473083,0.5700543522834778,0.9705016016960144,0.7083000540733337,0.9025270938873291,0.7087137699127197,0.0,0.0,0.864128053188324,0.8078790903091431
person_nn_691.jpg,0.7699630260467529,0.07831346243619919,0.7791866064071655,0.066126748919487,0.7666513323783875,0.06223618984222412,0.797539472579956,0.06115802749991417,0.0,0.0,0.8163292407989502,0.12273704260587692,0.741015613079071,0.10509057343006134,0.8271346688270569,0.22074005007743835,0.7226732969284058,0.18855084478855133,0.7751142978668213,0.19693274796009064,0.7387967705726624,0.18484236299991608,0.793633222579956,0.3135913908481598,0.7438525557518005,0.30418404936790466,0.0,0.0,0.0,0.0,0.0,0.0,0.0,0.0
person_nn_692.jpg,0.787140429019928,0.4778063893318176,0.7936954498291016,0.4571547508239746,0.7741630673408508,0.4610762894153595,0.0,0.0,0.7386594414710999,0.44136378169059753,0.8108346462249756,0.48069339990615845,0.6979957818984985,0.5057575702667236,0.8319645524024963,0.6225164532661438,0.6891750693321228,0.6780974268913269,0.8190011382102966,0.6898491978645325,0.7620660662651062,0.7404837608337402,0.7776178121566772,0.7272119522094727,0.7001262903213501,0.7389205694198608,0.7869227528572083,0.8718522191047668,0.6759111285209656,0.8880447149276733,0.0,0.0,0.0,0.0
person_nn_693.jpg,0.9815404415130615,0.32135385274887085,0.0,0.0,0.9757686257362366,0.30212703347206116,0.0,0.0,0.9644883275032043,0.291976660490036,0.0,0.0,0.9319801926612854,0.3594478964805603,0.0,0.0,0.8962032198905945,0.4589216113090515,0.0,0.0,0.9275018572807312,0.4940639138221741,0.9785615801811218,0.58235102891922,0.9322437047958374,0.576130747795105,0.9597044587135315,0.7106819748878479,0.9063810110092163,0.7183622121810913,0.9298759698867798,0.7705792188644409,0.8684143424034119,0.8121456503868103
person_nn_694.jpg,0.7702393531799316,0.0774618610739708,0.7794843316078186,0.06605026125907898,0.7669367790222168,0.06192503124475479,0.7971886992454529,0.06311982870101929,0.0,0.0,0.8151780962944031,0.12181640416383743,0.7417823672294617,0.10709840059280396,0.8245774507522583,0.22210793197155,0.7250279188156128,0.19628578424453735,0.7741084098815918,0.1958094984292984,0.7372278571128845,0.18593540787696838,0.7911270260810852,0.3140750229358673,0.7420238256454468,0.3053012788295746,0.0,0.0,0.0,0.0,0.0,0.0,0.0,0.0
person_nn_695.jpg,0.7860463261604309,0.47865036129951477,0.7936439514160156,0.45892342925071716,0.7734816074371338,0.46145889163017273,0.0,0.0,0.7393028736114502,0.4386138916015625,0.8132380247116089,0.4798016846179962,0.6987928748130798,0.5031729340553284,0.8322182893753052,0.6265801191329956,0.6918137669563293,0.681908905506134,0.8178859353065491,0.6984967589378357,0.76461261510849,0.7457565665245056,0.780231237411499,0.7238171100616455,0.7019523978233337,0.7343271374702454,0.7882554531097412,0.8697407841682434,0.676891028881073,0.8837010860443115,0.0,0.0,0.0,0.0
person_nn_696.jpg,0.9768044948577881,0.32991093397140503,0.9904426336288452,0.31775811314582825,0.972686231136322,0.3073861300945282,0.0,0.0,0.9624075293540955,0.2961422801017761,0.0,0.0,0.9289470911026001,0.3666566014289856,0.0,0.0,0.8967891335487366,0.4575977623462677,0.0,0.0,0.9261370897293091,0.5048240423202515,0.9801360368728638,0.5861947536468506,0.9311387538909912,0.577305018901825,0.9651314616203308,0.7087083458900452,0.9026622772216797,0.7082221508026123,0.9327929615974426,0.7720734477043152,0.8684839010238647,0.8053726553916931
person_nn_697.jpg,0.7697632908821106,0.07671219110488892,0.7789274454116821,0.06521350890398026,0.7662360072135925,0.06149602308869362,0.7973061800003052,0.0616685226559639,0.0,0.0,0.816167950630188,0.1218048706650734,0.7421289086341858,0.10421720147132874,0.8255310654640198,0.2215052992105484,0.7232648134231567,0.18624570965766907,0.7764807939529419,0.19716042280197144,0.7361614108085632,0.17539791762828827,0.7930517792701721,0.31693699955940247,0.7435682415962219,0.30744245648384094,0.0,0.0,0.0,0.0,0.0,0.0,0.0,0.0
person_nn_698.jpg,0.7853277921676636,0.47923824191093445,0.7911392450332642,0.4597664773464203,0.7734568119049072,0.46191707253456116,0.0,0.0,0.7400275468826294,0.4457305371761322,0.8064904808998108,0.4959277808666229,0.700061023235321,0.521942675113678,0.0,0.0,0.6898866891860962,0.6858165860176086,0.0,0.0,0.7697578072547913,0.7272202372550964,0.7784231901168823,0.7297611832618713,0.7050634026527405,0.7393070459365845,0.7758387327194214,0.8863691091537476,0.6821057796478271,0.8962399363517761,0.0,0.0,0.0,0.0
person_nn_699.jpg,0.9734979271888733,0.3332952857017517,0.9875752925872803,0.3211686313152313,0.9693671464920044,0.3100961446762085,0.0,0.0,0.9590865969657898,0.30130213499069214,0.9947065114974976,0.4020233750343323,0.9258822202682495,0.3793970048427582,0.0,0.0,0.8915376663208008,0.46723175048828125,0.0,0.0,0.9229466915130615,0.5148477554321289,0.974051296710968,0.6081792712211609,0.9267326593399048,0.5982868671417236,0.9522904753684998,0.7236070036888123,0.8997170329093933,0.7205277681350708,0.9204833507537842,0.7807464003562927,0.869552493095398,0.8099258542060852
person_nn_700.jpg,0.770586371421814,0.07690020650625229,0.7794598937034607,0.06546932458877563,0.7672659754753113,0.06156462803483009,0.7971450090408325,0.06208069995045662,0.0,0.0,0.8156253695487976,0.12203679233789444,0.7422993779182434,0.10541636496782303,0.8239182233810425,0.21980664134025574,0.7241809964179993,0.18974587321281433,0.7744441628456116,0.19553980231285095,0.7423581480979919,0.18349002301692963,0.7913404703140259,0.3154337704181671,0.7425769567489624,0.3061167299747467,0.0,0.0,0.0,0.0,0.0,0.0,0.0,0.0
person_nn_701.jpg,0.7848346829414368,0.4787429869174957,0.7914440631866455,0.4588489234447479,0.7728238701820374,0.4613841772079468,0.0,0.0,0.7390661239624023,0.4431719481945038,0.8091434240341187,0.4871985912322998,0.6980929374694824,0.516899824142456,0.0,0.0,0.6908469200134277,0.6861680150032043,0.821782648563385,0.6775016188621521,0.7660513520240784,0.7348047494888306,0.7812908291816711,0.7333777546882629,0.70439612865448,0.7455998063087463,0.7801883220672607,0.8944657444953918,0.6809436082839966,0.9091367721557617,0.0,0.0,0.0,0.0
person_nn_702.jpg,0.9697129726409912,0.3363313674926758,0.9834009408950806,0.32594501972198486,0.9660648703575134,0.31450676918029785,0.0,0.0,0.9562178254127502,0.30860987305641174,0.992197573184967,0.40858200192451477,0.9225512742996216,0.3862832486629486,0.0,0.0,0.8901110291481018,0.4731777310371399,0.0,0.0,0.9202054142951965,0.5181996822357178,0.9699277281761169,0.6087828278541565,0.9230830669403076,0.5980411767959595,0.944763720035553,0.7180778384208679,0.8978697657585144,0.7119591236114502,0.9101096987724304,0.7798906564712524,0.8709591627120972,0.8028966784477234
person_nn_703.jpg,0.7707741856575012,0.07673882693052292,0.7796271443367004,0.06442508846521378,0.767401397228241,0.060949936509132385,0.797653079032898,0.05932324752211571,0.0,0.0,0.8162903189659119,0.12209270149469376,0.7419922351837158,0.1048748642206192,0.8263193964958191,0.21969136595726013,0.7221746444702148,0.18782614171504974,0.7762399315834045,0.19785243272781372,0.7394594550132751,0.18608713150024414,0.7928032279014587,0.31197312474250793,0.7436603903770447,0.30283457040786743,0.0,0.0,0.0,0.0,0.0,0.0,0.0,0.0
person_nn_704.jpg,0.7813976407051086,0.47898590564727783,0.7881490588188171,0.4602081775665283,0.7698922753334045,0.46131688356399536,0.0,0.0,0.7390189170837402,0.4446732699871063,0.8046761155128479,0.49814438819885254,0.7000658512115479,0.5209933519363403,0.0,0.0,0.6879482269287109,0.6830705404281616,0.8204967975616455,0.6749826073646545,0.7604167461395264,0.7372071743011475,0.775842547416687,0.7383622527122498,0.704017162322998,0.7467244863510132,0.771255373954773,0.897832453250885,0.6825610399246216,0.9080641865730286,0.0,0.0,0.0,0.0
person_nn_705.jpg,0.961918294429779,0.33591166138648987,0.9761074781417847,0.3245474100112915,0.9587249159812927,0.31624993681907654,0.0,0.0,0.9523411393165588,0.3146522641181946,0.9939484000205994,0.41177862882614136,0.9211930632591248,0.39203089475631714,0.0,0.0,0.886879563331604,0.47439324855804443,0.0,0.0,0.9168410897254944,0.5159507989883423,0.9659808874130249,0.6136115193367004,0.9169949293136597,0.6031663417816162,0.9414406418800354,0.7193703055381775,0.8889804482460022,0.7143357992172241,0.9161568880081177,0.7874993085861206,0.869672954082489,0.8095176815986633
person_nn_706.jpg,0.7709061503410339,0.07620079815387726,0.7798123955726624,0.06454010307788849,0.7673245072364807,0.060646649450063705,0.796784520149231,0.0613681934773922,0.0,0.0,0.8145478963851929,0.12183522433042526,0.7426663637161255,0.10646742582321167,0.8248050212860107,0.2188865691423416,0.7271225452423096,0.19033630192279816,0.7752478122711182,0.19865529239177704,0.74003005027771,0.18633155524730682,0.7921377420425415,0.31537652015686035,0.7439702153205872,0.3065321743488312,0.0,0.0,0.0,0.0,0.0,0.0,0.0,0.0
person_nn_707.jpg,0.7812400460243225,0.4796934425830841,0.7886460423469543,0.4608432650566101,0.769730269908905,0.46158528327941895,0.0,0.0,0.7395197153091431,0.4430227279663086,0.8068861365318298,0.49603816866874695,0.7002499103546143,0.518657386302948,0.0,0.0,0.6869252920150757,0.682303249835968,0.0,0.0,0.7582566738128662,0.7369364500045776,0.777010440826416,0.7380754351615906,0.7039858102798462,0.7463870644569397,0.0,0.0,0.6830475330352783,0.9086290597915649,0.0,0.0,0.0,0.0
person_nn_708.jpg,0.961918294429779,0.33591166138648987,0.9761074781417847,0.3245474100112915,0.9587249159812927,0.31624993681907654,0.0,0.0,0.9523411393165588,0.3146522641181946,0.9939484000205994,0.41177862882614136,0.9211930632591248,0.39203089475631714,0.0,0.0,0.886879563331604,0.47439324855804443,0.0,0.0,0.9168410897254944,0.5159507989883423,0.9659808874130249,0.6136115193367004,0.9169949293136597,0.6031663417816162,0.9414406418800354,0.7193703055381775,0.8889804482460022,0.7143357992172241,0.9161568880081177,0.7874993085861206,0.869672954082489,0.8095176815986633
person_nn_709.jpg,0.7709061503410339,0.07620079815387726,0.7798123955726624,0.06454010307788849,0.7673245072364807,0.060646649450063705,0.796784520149231,0.0613681934773922,0.0,0.0,0.8145478963851929,0.12183522433042526,0.7426663637161255,0.10646742582321167,0.8248050212860107,0.2188865691423416,0.7271225452423096,0.19033630192279816,0.7752478122711182,0.19865529239177704,0.74003005027771,0.18633155524730682,0.7921377420425415,0.31537652015686035,0.7439702153205872,0.3065321743488312,0.0,0.0,0.0,0.0,0.0,0.0,0.0,0.0
person_nn_710.jpg,0.7812400460243225,0.4796934425830841,0.7886460423469543,0.4608432650566101,0.769730269908905,0.46158528327941895,0.0,0.0,0.7395197153091431,0.4430227279663086,0.8068861365318298,0.49603816866874695,0.7002499103546143,0.518657386302948,0.0,0.0,0.6869252920150757,0.682303249835968,0.0,0.0,0.7582566738128662,0.7369364500045776,0.777010440826416,0.7380754351615906,0.7039858102798462,0.7463870644569397,0.0,0.0,0.6830475330352783,0.9086290597915649,0.0,0.0,0.0,0.0
person_nn_711.jpg,0.9566786289215088,0.3377072811126709,0.9722252488136292,0.3292981684207916,0.9561424851417542,0.3163869082927704,0.9934709072113037,0.3463093042373657,0.9528200626373291,0.31212472915649414,0.9922902584075928,0.41364192962646484,0.915457546710968,0.3890392780303955,0.0,0.0,0.8852232694625854,0.478135883808136,0.0,0.0,0.9128822088241577,0.5205084681510925,0.9706117510795593,0.6037188172340393,0.9193921685218811,0.5921567678451538,0.9407758712768555,0.7169696092605591,0.886806309223175,0.7126811146736145,0.9124804139137268,0.7809345722198486,0.8723777532577515,0.8099103569984436
person_nn_712.jpg,0.7715829014778137,0.07937372475862503,0.7805692553520203,0.06788520514965057,0.7681555151939392,0.06360862404108047,0.7973193526268005,0.06361112743616104,0.0,0.0,0.814495861530304,0.12090229243040085,0.7420626282691956,0.10586567223072052,0.8257226943969727,0.21887725591659546,0.727199137210846,0.1929141879081726,0.7756240963935852,0.20003357529640198,0.7397926449775696,0.19171014428138733,0.7932290434837341,0.3172312080860138,0.7445705533027649,0.30898430943489075,0.0,0.0,0.0,0.0,0.0,0.0,0.0,0.0
person_nn_713.jpg,0.7852710485458374,0.4795798361301422,0.791587769985199,0.4592517018318176,0.7729191780090332,0.4617551267147064,0.0,0.0,0.7391828894615173,0.44472676515579224,0.8071190118789673,0.4963988661766052,0.699488639831543,0.5220952033996582,0.0,0.0,0.6891062259674072,0.6845053434371948,0.0,0.0,0.7610070705413818,0.73796147108078,0.7797688245773315,0.7362333536148071,0.7056021094322205,0.7463893890380859,0.0,0.0,0.6828479170799255,0.9064878225326538,0.0,0.0,0.0,0.0
person_nn_714.jpg,0.9508908987045288,0.33674201369285583,0.9659432768821716,0.32633835077285767,0.9513834714889526,0.31734248995780945,0.9924030900001526,0.34402602910995483,0.9529891610145569,0.31738635897636414,0.9956663846969604,0.419800728559494,0.914239227771759,0.39786434173583984,0.0,0.0,0.8838862776756287,0.47983697056770325,0.0,0.0,0.9073877334594727,0.5212669968605042,0.9686771631240845,0.5989766716957092,0.9131961464881897,0.5898720622062683,0.9556527137756348,0.7186793684959412,0.8832884430885315,0.7239315509796143,0.930019199848175,0.7752266526222229,0.8722618222236633,0.8206594586372375
person_nn_715.jpg,0.7731468081474304,0.08386288583278656,0.7821213603019714,0.07261961698532104,0.7698871493339539,0.06790748238563538,0.7982754111289978,0.06731273233890533,0.0,0.0,0.8145015239715576,0.12140965461730957,0.7416251301765442,0.1058332771062851,0.8261644244194031,0.21920783817768097,0.7267315983772278,0.19382081925868988,0.775146484375,0.20025573670864105,0.7408987283706665,0.1922491490840912,0.7933817505836487,0.31662267446517944,0.7443322539329529,0.3085149824619293,0.0,0.0,0.0,0.0,0.0,0.0,0.0,0.0
person_nn_716.jpg,0.7840152978897095,0.47941720485687256,0.7907667756080627,0.45909586548805237,0.7715509533882141,0.4613618552684784,0.0,0.0,0.7383854389190674,0.4439207911491394,0.8088010549545288,0.49538326263427734,0.6990370154380798,0.5204713940620422,0.0,0.0,0.6888694167137146,0.6839165091514587,0.8151431679725647,0.6844373941421509,0.7612956166267395,0.7371808290481567,0.780861496925354,0.7359421253204346,0.7053152322769165,0.7455220222473145,0.7781038284301758,0.8926679491996765,0.6822707056999207,0.9055992364883423,0.0,0.0,0.0,0.0
person_nn_717.jpg,0.9468207359313965,0.3380533754825592,0.9621536135673523,0.32828420400619507,0.9481058716773987,0.31974920630455017,0.9904775023460388,0.3485475778579712,0.0,0.0,0.997707724571228,0.42615532875061035,0.9164467453956604,0.40138471126556396,0.0,0.0,0.8809878826141357,0.48232001066207886,0.0,0.0,0.9034252166748047,0.5226874351501465,0.9689256548881531,0.6111316084861755,0.9136631488800049,0.5991559624671936,0.9481930732727051,0.7232664823532104,0.8761056065559387,0.7210174798965454,0.9311244487762451,0.7887930870056152,0.8686948418617249,0.8206411004066467
person_nn_718.jpg,0.7744776010513306,0.08903128653764725,0.7836394906044006,0.07786309719085693,0.771539032459259,0.07239476591348648,0.7993934750556946,0.07137078046798706,0.0,0.0,0.8144461512565613,0.12267908453941345,0.7413305640220642,0.10734503716230392,0.8268492221832275,0.2190549522638321,0.7263646125793457,0.19698621332645416,0.7755594849586487,0.20039452612400055,0.7402079105377197,0.19370287656784058,0.7930856943130493,0.3161238729953766,0.7439191341400146,0.30868765711784363,0.0,0.0,0.0,0.0,0.0,0.0,0.0,0.0
person_nn_719.jpg,0.7856199741363525,0.47937557101249695,0.7921080589294434,0.4596622586250305,0.7738837003707886,0.4617744982242584,0.0,0.0,0.7397364377975464,0.44213932752609253,0.8094693422317505,0.4867768883705139,0.6982025504112244,0.5133402347564697,0.833795428276062,0.6215561032295227,0.6907129883766174,0.6840404272079468,0.8180176615715027,0.6795322895050049,0.7630439400672913,0.7349324822425842,0.7824770212173462,0.7340737581253052,0.7053296566009521,0.7448103427886963,0.7809194922447205,0.8905671238899231,0.680732250213623,0.9032392501831055,0.0,0.0,0.0,0.0
person_nn_720.jpg,0.9432915449142456,0.3384975790977478,0.9578342437744141,0.32908299565315247,0.9447794556617737,0.32132890820503235,0.9870195984840393,0.3483867347240448,0.0,0.0,0.9976444244384766,0.4258117973804474,0.9174580574035645,0.39819446206092834,0.0,0.0,0.8803611397743225,0.48130545020103455,0.0,0.0,0.8996626138687134,0.5217679738998413,0.9653476476669312,0.6159046292304993,0.9120303988456726,0.6014194488525391,0.9386422634124756,0.7240106463432312,0.8766384720802307,0.7171315550804138,0.9192624688148499,0.7917707562446594,0.8721533417701721,0.8158578872680664
person_nn_721.jpg,0.7764632701873779,0.08917220681905746,0.785956084728241,0.07733683288097382,0.7727353572845459,0.07245263457298279,0.8013063669204712,0.07029041647911072,0.0,0.0,0.81389319896698,0.12167289853096008,0.7409589886665344,0.10813891142606735,0.823316752910614,0.2187120020389557,0.7256679534912109,0.1966196447610855,0.7749597430229187,0.2044777125120163,0.7401160597801208,0.18954592943191528,0.7941621541976929,0.31604135036468506,0.7447726726531982,0.30975085496902466,0.0,0.0,0.0,0.0,0.0,0.0,0.0,0.0
person_nn_722.jpg,0.7855582237243652,0.479646772146225,0.792130172252655,0.4599757492542267,0.7739608287811279,0.4616193175315857,0.0,0.0,0.739707350730896,0.44265875220298767,0.8094192147254944,0.4910116195678711,0.6976591944694519,0.5157743692398071,0.8337507843971252,0.6249128580093384,0.6904919147491455,0.6827581524848938,0.8143863677978516,0.6819796562194824,0.7622409462928772,0.7322332859039307,0.7837654948234558,0.7391857504844666,0.7056970596313477,0.7493212223052979,0.7846390604972839,0.8912361860275269,0.6794925332069397,0.9034423828125,0.0,0.0,0.0,0.0
person_nn_723.jpg,0.9432915449142456,0.3384975790977478,0.9578342437744141,0.32908299565315247,0.9447794556617737,0.32132890820503235,0.9870195984840393,0.3483867347240448,0.0,0.0,0.9976444244384766,0.4258117973804474,0.9174580574035645,0.39819446206092834,0.0,0.0,0.8803611397743225,0.48130545020103455,0.0,0.0,0.8996626138687134,0.5217679738998413,0.9653476476669312,0.6159046292304993,0.9120303988456726,0.6014194488525391,0.9386422634124756,0.7240106463432312,0.8766384720802307,0.7171315550804138,0.9192624688148499,0.7917707562446594,0.8721533417701721,0.8158578872680664
person_nn_724.jpg,0.7764632701873779,0.08917220681905746,0.785956084728241,0.07733683288097382,0.7727353572845459,0.07245263457298279,0.8013063669204712,0.07029041647911072,0.0,0.0,0.81389319896698,0.12167289853096008,0.7409589886665344,0.10813891142606735,0.823316752910614,0.2187120020389557,0.7256679534912109,0.1966196447610855,0.7749597430229187,0.2044777125120163,0.7401160597801208,0.18954592943191528,0.7941621541976929,0.31604135036468506,0.7447726726531982,0.30975085496902466,0.0,0.0,0.0,0.0,0.0,0.0,0.0,0.0
person_nn_725.jpg,0.7855582237243652,0.479646772146225,0.792130172252655,0.4599757492542267,0.7739608287811279,0.4616193175315857,0.0,0.0,0.739707350730896,0.44265875220298767,0.8094192147254944,0.4910116195678711,0.6976591944694519,0.5157743692398071,0.8337507843971252,0.6249128580093384,0.6904919147491455,0.6827581524848938,0.8143863677978516,0.6819796562194824,0.7622409462928772,0.7322332859039307,0.7837654948234558,0.7391857504844666,0.7056970596313477,0.7493212223052979,0.7846390604972839,0.8912361860275269,0.6794925332069397,0.9034423828125,0.0,0.0,0.0,0.0
person_nn_726.jpg,0.9405795931816101,0.34188175201416016,0.9531319737434387,0.3335908055305481,0.9409564733505249,0.32655203342437744,0.9821686148643494,0.3462813198566437,0.0,0.0,0.9898070096969604,0.4199693202972412,0.9176924228668213,0.3931252956390381,0.9915007948875427,0.5173678398132324,0.8774721622467041,0.47941654920578003,0.978929877281189,0.5288788080215454,0.895654559135437,0.5173325538635254,0.9502795934677124,0.6110612154006958,0.9031748175621033,0.5962477326393127,0.9211577773094177,0.7432445287704468,0.8777998089790344,0.7355097532272339,0.9048228859901428,0.8450373411178589,0.8681689500808716,0.8586223125457764
person_nn_727.jpg,0.7762671113014221,0.09144922345876694,0.785228967666626,0.08015608042478561,0.7729624509811401,0.07480426132678986,0.8000649809837341,0.07263656705617905,0.0,0.0,0.8147423267364502,0.12228190153837204,0.742513120174408,0.10670126229524612,0.827639639377594,0.2197571098804474,0.7289971709251404,0.1971040666103363,0.7756755948066711,0.20182490348815918,0.7424648404121399,0.1954088658094406,0.7923501133918762,0.31297504901885986,0.743770182132721,0.30491191148757935,0.0,0.0,0.0,0.0,0.0,0.0,0.0,0.0
person_nn_728.jpg,0.7838969826698303,0.480085551738739,0.7912260890007019,0.46093058586120605,0.7722218036651611,0.4619189500808716,0.0,0.0,0.739223301410675,0.4419094920158386,0.8100348711013794,0.48943063616752625,0.6981298327445984,0.5127119421958923,0.8351293206214905,0.621740460395813,0.6898418068885803,0.6805428862571716,0.8177439570426941,0.6750205159187317,0.7605922222137451,0.7339832782745361,0.7830735445022583,0.7388272285461426,0.7053464651107788,0.748135507106781,0.7815046310424805,0.8929672241210938,0.6802176237106323,0.9042372703552246,0.0,0.0,0.0,0.0
person_nn_729.jpg,0.9379412531852722,0.34170448780059814,0.9531823992729187,0.3343520164489746,0.9409337639808655,0.3243851065635681,0.0,0.0,0.0,0.0,0.999534547328949,0.42848923802375793,0.917611300945282,0.3928733468055725,0.0,0.0,0.8778408765792847,0.4806177318096161,0.0,0.0,0.8943771123886108,0.5168887972831726,0.9633203148841858,0.6220093369483948,0.9098175764083862,0.6002347469329834,0.9359619617462158,0.7497130632400513,0.877920389175415,0.7216493487358093,0.9088739156723022,0.8739321827888489,0.8708853125572205,0.8635050654411316
person_nn_730.jpg,0.7763420939445496,0.09144681692123413,0.7849618196487427,0.08020240813493729,0.7729238271713257,0.07511764019727707,0.7997394800186157,0.07271324098110199,0.0,0.0,0.8150068521499634,0.12387464195489883,0.7425416111946106,0.10638358443975449,0.827087938785553,0.21895717084407806,0.7263450622558594,0.19113865494728088,0.7760988473892212,0.2034556120634079,0.7413712739944458,0.19504417479038239,0.7925957441329956,0.3143158555030823,0.7441087365150452,0.3054966330528259,0.0,0.0,0.0,0.0,0.0,0.0,0.0,0.0
person_nn_731.jpg,0.7833793759346008,0.47945931553840637,0.7905958890914917,0.4602753818035126,0.7717303037643433,0.4616463780403137,0.0,0.0,0.7392252683639526,0.44185975193977356,0.8105745315551758,0.4884454309940338,0.6985792517662048,0.5123637318611145,0.0,0.0,0.6904478073120117,0.6804735064506531,0.8214089274406433,0.6779665350914001,0.7599903345108032,0.7371737360954285,0.7834216356277466,0.7385623455047607,0.7053394317626953,0.7482032179832458,0.7850399613380432,0.8920981884002686,0.6814013719558716,0.9034531712532043,0.0,0.0,0.0,0.0
person_nn_732.jpg,0.9354501366615295,0.3455965518951416,0.9479647278785706,0.33757415413856506,0.9363855123519897,0.3296821415424347,0.9785186052322388,0.3492881655693054,0.0,0.0,0.9926608800888062,0.4277380406856537,0.9186975359916687,0.39249664545059204,0.9947185516357422,0.5333559513092041,0.8754746317863464,0.48135146498680115,0.9885175228118896,0.5479869246482849,0.8917717337608337,0.5140154361724854,0.948620080947876,0.6340347528457642,0.9015461802482605,0.6119494438171387,0.9117193818092346,0.7813902497291565,0.874001145362854,0.7544101476669312,0.8915029764175415,0.9108387231826782,0.8679885268211365,0.8927690386772156
person_nn_733.jpg,0.776306688785553,0.09020507335662842,0.7854844927787781,0.07966596633195877,0.7733150720596313,0.07342903316020966,0.8001927733421326,0.07380883395671844,0.0,0.0,0.8138782978057861,0.12341940402984619,0.7411693930625916,0.10571830719709396,0.8272371888160706,0.21740493178367615,0.7266689538955688,0.19278886914253235,0.7782202959060669,0.2043800950050354,0.7421852946281433,0.19438353180885315,0.7931884527206421,0.3134833872318268,0.7443063259124756,0.3054865002632141,0.0,0.0,0.0,0.0,0.0,0.0,0.0,0.0
person_nn_734.jpg,0.7823086380958557,0.4776911437511444,0.7899990081787109,0.45845529437065125,0.7705379724502563,0.45958125591278076,0.0,0.0,0.73863685131073,0.4400014877319336,0.8113904595375061,0.4894565939903259,0.6990751028060913,0.5114025473594666,0.8360994458198547,0.6233303546905518,0.6906854510307312,0.678862988948822,0.8202634453773499,0.6841719150543213,0.7593963742256165,0.7370331287384033,0.7832223176956177,0.7378893494606018,0.7051908373832703,0.746223509311676,0.7833108305931091,0.892318844795227,0.6811436414718628,0.9014289379119873,0.0,0.0,0.0,0.0
person_nn_735.jpg,0.9330438375473022,0.34583500027656555,0.9486899971961975,0.3391314446926117,0.9362794756889343,0.32845890522003174,0.9808205366134644,0.3575724959373474,0.0,0.0,0.9949942231178284,0.4338679909706116,0.9176378846168518,0.39291396737098694,0.0,0.0,0.8787885904312134,0.47951003909111023,0.0,0.0,0.8902975916862488,0.5148937702178955,0.9556989669799805,0.6349020004272461,0.9070783853530884,0.6092342734336853,0.9137597680091858,0.7808831930160522,0.8739497661590576,0.7469555735588074,0.8831884264945984,0.9149358868598938,0.8672390580177307,0.8964250683784485
person_nn_736.jpg,0.7749705910682678,0.08708564937114716,0.7839882969856262,0.07649584114551544,0.7721593379974365,0.07069811969995499,0.7997260093688965,0.07236253470182419,0.0,0.0,0.8147637844085693,0.12600800395011902,0.741649329662323,0.10742417722940445,0.8277122974395752,0.2181265950202942,0.7246319651603699,0.1903420388698578,0.7794743776321411,0.20536506175994873,0.7410862445831299,0.19426468014717102,0.792661190032959,0.31459566950798035,0.7436867356300354,0.3057675361633301,0.0,0.0,0.0,0.0,0.0,0.0,0.0,0.0
person_nn_737.jpg,0.7825444936752319,0.4771769344806671,0.7900505661964417,0.4575185179710388,0.7707496881484985,0.4590100646018982,0.0,0.0,0.7387726306915283,0.4396371841430664,0.8112071752548218,0.49007415771484375,0.6998482942581177,0.5121333003044128,0.8359223008155823,0.6216921806335449,0.6899423599243164,0.6774876713752747,0.8191225528717041,0.6773608922958374,0.7573763728141785,0.7351276874542236,0.7835793495178223,0.7385034561157227,0.7062044739723206,0.7466306090354919,0.7833790183067322,0.8897967338562012,0.680572509765625,0.8983249068260193,0.0,0.0,0.0,0.0
person_nn_738.jpg,0.9330438375473022,0.34583500027656555,0.9486899971961975,0.3391314446926117,0.9362794756889343,0.32845890522003174,0.9808205366134644,0.3575724959373474,0.0,0.0,0.9949942231178284,0.4338679909706116,0.9176378846168518,0.39291396737098694,0.0,0.0,0.8787885904312134,0.47951003909111023,0.0,0.0,0.8902975916862488,0.5148937702178955,0.9556989669799805,0.6349020004272461,0.9070783853530884,0.6092342734336853,0.9137597680091858,0.7808831930160522,0.8739497661590576,0.7469555735588074,0.8831884264945984,0.9149358868598938,0.8672390580177307,0.8964250683784485
person_nn_739.jpg,0.7749705910682678,0.08708564937114716,0.7839882969856262,0.07649584114551544,0.7721593379974365,0.07069811969995499,0.7997260093688965,0.07236253470182419,0.0,0.0,0.8147637844085693,0.12600800395011902,0.741649329662323,0.10742417722940445,0.8277122974395752,0.2181265950202942,0.7246319651603699,0.1903420388698578,0.7794743776321411,0.20536506175994873,0.7410862445831299,0.19426468014717102,0.792661190032959,0.31459566950798035,0.7436867356300354,0.3057675361633301,0.0,0.0,0.0,0.0,0.0,0.0,0.0,0.0
person_nn_740.jpg,0.7825444936752319,0.4771769344806671,0.7900505661964417,0.4575185179710388,0.7707496881484985,0.4590100646018982,0.0,0.0,0.7387726306915283,0.4396371841430664,0.8112071752548218,0.49007415771484375,0.6998482942581177,0.5121333003044128,0.8359223008155823,0.6216921806335449,0.6899423599243164,0.6774876713752747,0.8191225528717041,0.6773608922958374,0.7573763728141785,0.7351276874542236,0.7835793495178223,0.7385034561157227,0.7062044739723206,0.7466306090354919,0.7833790183067322,0.8897967338562012,0.680572509765625,0.8983249068260193,0.0,0.0,0.0,0.0
person_nn_741.jpg,0.9319617748260498,0.3487962484359741,0.9477000832557678,0.3418788015842438,0.9350826144218445,0.32998666167259216,0.980441689491272,0.3585364818572998,0.0,0.0,0.9940164089202881,0.4351377785205841,0.9144852757453918,0.39370015263557434,0.0,0.0,0.8796639442443848,0.482040137052536,0.0,0.0,0.8871647119522095,0.5151031613349915,0.9588310122489929,0.6284767389297485,0.9091634750366211,0.6047434210777283,0.9248400926589966,0.755474328994751,0.8817676305770874,0.7285465598106384,0.8806912302970886,0.8722558617591858,0.870070219039917,0.8659774661064148
person_nn_742.jpg,0.7733749151229858,0.0868619978427887,0.7824298143386841,0.07632331550121307,0.7707940936088562,0.07105211913585663,0.7988920211791992,0.07175011932849884,0.0,0.0,0.815021276473999,0.12289372831583023,0.7432469725608826,0.10740753263235092,0.8267021179199219,0.21748939156532288,0.7277386784553528,0.19345080852508545,0.7784679532051086,0.2061597853899002,0.7407497763633728,0.19258567690849304,0.7929527759552002,0.30865478515625,0.7445526123046875,0.3006034195423126,0.0,0.0,0.0,0.0,0.0,0.0,0.0,0.0
person_nn_743.jpg,0.7843518853187561,0.4751216769218445,0.7910575866699219,0.45381301641464233,0.7712489366531372,0.4563658535480499,0.0,0.0,0.7357754707336426,0.4433296322822571,0.8007938265800476,0.4980291724205017,0.6993727684020996,0.5225877165794373,0.8261635899543762,0.6236362457275391,0.6905738115310669,0.6861815452575684,0.8071084022521973,0.6858030557632446,0.753372311592102,0.7254295945167542,0.7702689170837402,0.7294445633888245,0.7043285369873047,0.7387105822563171,0.753800094127655,0.8836678266525269,0.6872407793998718,0.8996092677116394,0.0,0.0,0.0,0.0
person_nn_744.jpg,0.9313663840293884,0.3569773733615875,0.9478967785835266,0.3484431207180023,0.9332825541496277,0.3376486301422119,0.9783478379249573,0.36459311842918396,0.0,0.0,0.9905023574829102,0.43927201628685,0.9089798927307129,0.3977922201156616,0.0,0.0,0.878495454788208,0.48508748412132263,0.0,0.0,0.8855343461036682,0.5148539543151855,0.9589160680770874,0.6447994709014893,0.9047282934188843,0.6233811974525452,0.9404522180557251,0.7691392302513123,0.8813125491142273,0.7475156784057617,0.907738983631134,0.8503797054290771,0.8705730438232422,0.8557847142219543
person_nn_745.jpg,0.7731585502624512,0.0839076042175293,0.7823013663291931,0.07344495505094528,0.7705644369125366,0.06813538819551468,0.7990630269050598,0.07030082494020462,0.0,0.0,0.8152903318405151,0.12399902194738388,0.7432966232299805,0.10781770199537277,0.8269303441047668,0.21805046498775482,0.7275827527046204,0.19234709441661835,0.7786063551902771,0.20618779957294464,0.7400010228157043,0.19232109189033508,0.7931340932846069,0.31056252121925354,0.7445696592330933,0.30218616127967834,0.0,0.0,0.0,0.0,0.0,0.0,0.0,0.0
person_nn_746.jpg,0.7856241464614868,0.4766673743724823,0.0,0.0,0.7735786437988281,0.4602261781692505,0.0,0.0,0.7380654811859131,0.44301772117614746,0.8063526749610901,0.4816852807998657,0.6985217332839966,0.5176743865013123,0.8314638733863831,0.61603182554245,0.6949219703674316,0.692491352558136,0.8125715255737305,0.6933587193489075,0.7646282911300659,0.724308967590332,0.7741250991821289,0.7267119884490967,0.702835202217102,0.7408307194709778,0.7630873918533325,0.8676984906196594,0.6776650547981262,0.8865274786949158,0.0,0.0,0.0,0.0
person_nn_747.jpg,0.9301909804344177,0.35978463292121887,0.9464843273162842,0.35079869627952576,0.9321040511131287,0.3411032259464264,0.9775638580322266,0.36377426981925964,0.0,0.0,0.9922847151756287,0.43699324131011963,0.9095156192779541,0.39594462513923645,0.0,0.0,0.8775768876075745,0.4899042844772339,0.0,0.0,0.8835820555686951,0.5187007784843445,0.9581344127655029,0.6500148177146912,0.9022806882858276,0.6277511119842529,0.9414514899253845,0.7856366038322449,0.8763166069984436,0.7605181336402893,0.0,0.0,0.8711564540863037,0.860055148601532
person_nn_748.jpg,0.7726470828056335,0.0823889970779419,0.7820173501968384,0.07200334221124649,0.7701378464698792,0.06658679246902466,0.7990748286247253,0.06962837278842926,0.0,0.0,0.8152228593826294,0.1231708899140358,0.7435786724090576,0.10802515596151352,0.8268956542015076,0.21929313242435455,0.72977215051651,0.19644543528556824,0.7782842516899109,0.20531581342220306,0.7417144179344177,0.19237364828586578,0.7930285930633545,0.3094717562198639,0.7445081472396851,0.30131015181541443,0.0,0.0,0.0,0.0,0.0,0.0,0.0,0.0
person_nn_749.jpg,0.7846400141716003,0.4772264063358307,0.0,0.0,0.7727517485618591,0.46041035652160645,0.0,0.0,0.7380243539810181,0.4421676695346832,0.8075767159461975,0.4806446433067322,0.6985461711883545,0.5151696801185608,0.8328308463096619,0.6185429692268372,0.6952420473098755,0.6928744316101074,0.8137341141700745,0.699112057685852,0.7662115693092346,0.7190847396850586,0.7758159637451172,0.7237173318862915,0.7039982676506042,0.736627995967865,0.7612961530685425,0.869133710861206,0.6777355074882507,0.8856567144393921,0.0,0.0,0.0,0.0
person_nn_750.jpg,0.9305015206336975,0.3630271255970001,0.9461535811424255,0.35412710905075073,0.9323198199272156,0.34442195296287537,0.9765211343765259,0.3667527437210083,0.0,0.0,0.9922212958335876,0.43642279505729675,0.9075682163238525,0.39833664894104004,0.0,0.0,0.8754087090492249,0.4966186583042145,0.0,0.0,0.8837085366249084,0.5278075337409973,0.9602001309394836,0.6536849737167358,0.9022249579429626,0.6335547566413879,0.944399893283844,0.7928534746170044,0.8742479085922241,0.771922767162323,0.0,0.0,0.0,0.0
person_nn_751.jpg,0.7720226049423218,0.08225370198488235,0.781098484992981,0.07192195951938629,0.76955646276474,0.06685445457696915,0.7984185218811035,0.06993716210126877,0.0,0.0,0.8156352639198303,0.1250929832458496,0.7446796298027039,0.10830806940793991,0.8270077705383301,0.21905604004859924,0.7298773527145386,0.19114744663238525,0.7783701419830322,0.2057558000087738,0.7413729429244995,0.19154110550880432,0.7931418418884277,0.31000155210494995,0.7449549436569214,0.30061158537864685,0.0,0.0,0.0,0.0,0.0,0.0,0.0,0.0
person_nn_752.jpg,0.7848474979400635,0.47523432970046997,0.7913867831230164,0.45457032322883606,0.7711376547813416,0.4573585093021393,0.0,0.0,0.7355647087097168,0.4452695846557617,0.8045899271965027,0.4990355372428894,0.7005481123924255,0.5223203897476196,0.8323615193367004,0.6308924555778503,0.6883071064949036,0.6883057951927185,0.8158379197120667,0.6974135041236877,0.7554531097412109,0.7222723364830017,0.7733345031738281,0.7331323623657227,0.7065443396568298,0.7407059073448181,0.7498981952667236,0.8891457915306091,0.686216413974762,0.9006023406982422,0.0,0.0,0.0,0.0
person_nn_753.jpg,0.92946457862854,0.3677451014518738,0.9450777769088745,0.35869765281677246,0.9314365983009338,0.3486481308937073,0.9755489230155945,0.3720645010471344,0.0,0.0,0.9910630583763123,0.43920424580574036,0.9056196808815002,0.4041064381599426,0.0,0.0,0.8726308941841125,0.4997159242630005,0.0,0.0,0.8813708424568176,0.5308080911636353,0.9611533880233765,0.6476380825042725,0.9028838276863098,0.629559338092804,0.9474620819091797,0.7791946530342102,0.876985490322113,0.7624874114990234,0.0,0.0,0.0,0.0
person_nn_754.jpg,0.7733546495437622,0.0827983021736145,0.7826066017150879,0.0719565749168396,0.7701882123947144,0.06695795059204102,0.7990797162055969,0.06914534419775009,0.0,0.0,0.815415620803833,0.12337137758731842,0.7434495687484741,0.10833676904439926,0.8275876641273499,0.21939057111740112,0.7299110293388367,0.19541917741298676,0.77973872423172,0.2061978429555893,0.7417091131210327,0.19308434426784515,0.7944138646125793,0.3086901903152466,0.7453310489654541,0.3004465103149414,0.0,0.0,0.0,0.0,0.0,0.0,0.0,0.0
person_nn_755.jpg,0.7859021425247192,0.47694137692451477,0.7925351858139038,0.45642706751823425,0.7723971009254456,0.45866629481315613,0.0,0.0,0.7367297410964966,0.44567063450813293,0.8021479845046997,0.4962371289730072,0.7005108594894409,0.5233079791069031,0.8285906910896301,0.6234340071678162,0.689439058303833,0.6915728449821472,0.8170576691627502,0.695634126663208,0.7565189003944397,0.7205714583396912,0.7729070782661438,0.7321221232414246,0.7067870497703552,0.7425954341888428,0.7554217576980591,0.8939961791038513,0.6892147064208984,0.9106096625328064,0.0,0.0,0.0,0.0
person_nn_756.jpg,0.92946457862854,0.3677451014518738,0.9450777769088745,0.35869765281677246,0.9314365983009338,0.3486481308937073,0.9755489230155945,0.3720645010471344,0.0,0.0,0.9910630583763123,0.43920424580574036,0.9056196808815002,0.4041064381599426,0.0,0.0,0.8726308941841125,0.4997159242630005,0.0,0.0,0.8813708424568176,0.5308080911636353,0.9611533880233765,0.6476380825042725,0.9028838276863098,0.629559338092804,0.9474620819091797,0.7791946530342102,0.876985490322113,0.7624874114990234,0.0,0.0,0.0,0.0
person_nn_757.jpg,0.7733546495437622,0.0827983021736145,0.7826066017150879,0.0719565749168396,0.7701882123947144,0.06695795059204102,0.7990797162055969,0.06914534419775009,0.0,0.0,0.815415620803833,0.12337137758731842,0.7434495687484741,0.10833676904439926,0.8275876641273499,0.21939057111740112,0.7299110293388367,0.19541917741298676,0.77973872423172,0.2061978429555893,0.7417091131210327,0.19308434426784515,0.7944138646125793,0.3086901903152466,0.7453310489654541,0.3004465103149414,0.0,0.0,0.0,0.0,0.0,0.0,0.0,0.0
person_nn_758.jpg,0.7859021425247192,0.47694137692451477,0.7925351858139038,0.45642706751823425,0.7723971009254456,0.45866629481315613,0.0,0.0,0.7367297410964966,0.44567063450813293,0.8021479845046997,0.4962371289730072,0.7005108594894409,0.5233079791069031,0.8285906910896301,0.6234340071678162,0.689439058303833,0.6915728449821472,0.8170576691627502,0.695634126663208,0.7565189003944397,0.7205714583396912,0.7729070782661438,0.7321221232414246,0.7067870497703552,0.7425954341888428,0.7554217576980591,0.8939961791038513,0.6892147064208984,0.9106096625328064,0.0,0.0,0.0,0.0
person_nn_759.jpg,0.9265868663787842,0.3714912533760071,0.9430060386657715,0.3623758554458618,0.9283213019371033,0.35120341181755066,0.9736902117729187,0.3742561936378479,0.0,0.0,0.9889295697212219,0.43771204352378845,0.9014099836349487,0.4051523208618164,0.0,0.0,0.8688976764678955,0.5029409527778625,0.0,0.0,0.8811361193656921,0.5383794903755188,0.9620984792709351,0.6370105147361755,0.903236985206604,0.6198873519897461,0.9500560760498047,0.7656304836273193,0.8790363073348999,0.7473959922790527,0.0,0.0,0.8692107796669006,0.8384550213813782
person_nn_760.jpg,0.7734427452087402,0.0820099413394928,0.782814085483551,0.07164076715707779,0.770521342754364,0.06626525521278381,0.7993624210357666,0.06940383464097977,0.0,0.0,0.8156689405441284,0.12276460975408554,0.7434386610984802,0.10715445131063461,0.8281471729278564,0.21714365482330322,0.7306841611862183,0.19294218719005585,0.780998945236206,0.2076973021030426,0.7427130937576294,0.1952889859676361,0.7965254783630371,0.306064635515213,0.7468817830085754,0.29818516969680786,0.0,0.0,0.0,0.0,0.0,0.0,0.0,0.0
person_nn_761.jpg,0.7879920601844788,0.47602102160453796,0.7944482564926147,0.4540908932685852,0.7736026048660278,0.4582061171531677,0.0,0.0,0.7375584244728088,0.4450402855873108,0.8046635985374451,0.49200308322906494,0.7026343941688538,0.5204732418060303,0.8269819021224976,0.6239855885505676,0.688998281955719,0.6882603764533997,0.8155585527420044,0.7008049488067627,0.7523949146270752,0.7255884408950806,0.7737771272659302,0.7229241132736206,0.7072095274925232,0.7346335053443909,0.7590388655662537,0.8869603276252747,0.688642144203186,0.9071001410484314,0.0,0.0,0.0,0.0
person_nn_762.jpg,0.9254467487335205,0.37447258830070496,0.941785991191864,0.36561328172683716,0.9269603490829468,0.35407784581184387,0.972037136554718,0.3776405155658722,0.0,0.0,0.9881739020347595,0.4405311644077301,0.8999291062355042,0.40638989210128784,0.0,0.0,0.8665071725845337,0.5048021674156189,0.0,0.0,0.8826821446418762,0.5433835387229919,0.9622787237167358,0.6343867778778076,0.9041686654090881,0.6162450909614563,0.9412411451339722,0.7744307518005371,0.8772689700126648,0.7543857097625732,0.0,0.0,0.8653558492660522,0.8697640895843506
person_nn_763.jpg,0.7953203320503235,0.47606536746025085,0.8002364635467529,0.45318979024887085,0.7805469036102295,0.4592640697956085,0.0,0.0,0.7415527105331421,0.44890090823173523,0.8068094849586487,0.4946034252643585,0.7063212990760803,0.5272955894470215,0.8280172944068909,0.6233837604522705,0.6932172775268555,0.6933783292770386,0.8156613707542419,0.7041674852371216,0.7547145485877991,0.7327821850776672,0.7735170722007751,0.732783317565918,0.7082238793373108,0.745316743850708,0.7557783722877502,0.8972815871238708,0.6883875727653503,0.9173169136047363,0.0,0.0,0.0,0.0
person_nn_764.jpg,0.7746800184249878,0.08205796033143997,0.7841581702232361,0.07135412842035294,0.7714518308639526,0.0659327283501625,0.8006866574287415,0.06897823512554169,0.0,0.0,0.8164793848991394,0.12407669425010681,0.7444499731063843,0.10718317329883575,0.8286449313163757,0.21864797174930573,0.7317880392074585,0.19142237305641174,0.7807096242904663,0.20834553241729736,0.7432193756103516,0.1958528757095337,0.7979222536087036,0.31081148982048035,0.748686671257019,0.3024454116821289,0.0,0.0,0.0,0.0,0.0,0.0,0.0,0.0
person_nn_765.jpg,0.9244018197059631,0.3777272701263428,0.9411103129386902,0.3674958050251007,0.9249511361122131,0.35754257440567017,0.9712688326835632,0.3787223994731903,0.0,0.0,0.9883262515068054,0.4489038586616516,0.8993415236473083,0.4133796691894531,0.0,0.0,0.8653717637062073,0.5114969611167908,0.0,0.0,0.8818451762199402,0.5435855984687805,0.9601860642433167,0.6549694538116455,0.9003416895866394,0.6351441740989685,0.9477048516273499,0.7889474034309387,0.8749488592147827,0.7616429924964905,0.0,0.0,0.0,0.0
person_nn_766.jpg,0.7754042744636536,0.08242155611515045,0.7849317193031311,0.0714748352766037,0.7720257043838501,0.06615549325942993,0.8016033172607422,0.06901226192712784,0.0,0.0,0.8170834183692932,0.12502095103263855,0.7445183396339417,0.10758037865161896,0.8281559348106384,0.2194470465183258,0.7297927141189575,0.19174747169017792,0.7813740372657776,0.20863720774650574,0.7438129186630249,0.1972562074661255,0.7969004511833191,0.3110758066177368,0.7476598024368286,0.3024030923843384,0.0,0.0,0.0,0.0,0.0,0.0,0.0,0.0
person_nn_767.jpg,0.8034456372261047,0.47783157229423523,0.8084839582443237,0.45607203245162964,0.7885448336601257,0.462504118680954,0.0,0.0,0.7486844062805176,0.4492056667804718,0.8150794506072998,0.4896713197231293,0.7117351293563843,0.5222970843315125,0.8310537934303284,0.6209732294082642,0.6972023248672485,0.6887942552566528,0.8199357390403748,0.7016631960868835,0.7577240467071533,0.7338541150093079,0.7795978784561157,0.7274582982063293,0.7124910950660706,0.7407935857772827,0.7628923654556274,0.8779743313789368,0.6882906556129456,0.9008437991142273,0.0,0.0,0.0,0.0
person_nn_768.jpg,0.806145966053009,0.4814859628677368,0.8147138357162476,0.4613041281700134,0.7922829985618591,0.461459755897522,0.0,0.0,0.7542977929115295,0.4420638978481293,0.8149018883705139,0.5003010630607605,0.7176518440246582,0.5278818011283875,0.831475555896759,0.6241804361343384,0.7104901075363159,0.6997608542442322,0.8202173113822937,0.6931772232055664,0.7806020975112915,0.7275983691215515,0.7767164707183838,0.758222758769989,0.7114773392677307,0.7685078382492065,0.7607466578483582,0.9044451117515564,0.6866665482521057,0.9225350022315979,0.0,0.0,0.0,0.0
person_nn_769.jpg,0.7769061326980591,0.08110201358795166,0.7863701581954956,0.06970060616731644,0.7730914354324341,0.0654391422867775,0.8027158379554749,0.06662478297948837,0.0,0.0,0.8173454999923706,0.12338854372501373,0.7444828748703003,0.1096200942993164,0.8276407718658447,0.21857422590255737,0.7290072441101074,0.1931014508008957,0.7821735143661499,0.2154519408941269,0.741435706615448,0.1950901597738266,0.800682008266449,0.31719958782196045,0.7505697011947632,0.31075331568717957,0.0,0.0,0.0,0.0,0.0,0.0,0.0,0.0
person_nn_770.jpg,0.925658643245697,0.3782469630241394,0.9425857067108154,0.36997464299201965,0.9263625741004944,0.35705241560935974,0.9704253673553467,0.38103777170181274,0.0,0.0,0.981596052646637,0.45033082365989685,0.8945900797843933,0.4113350212574005,0.0,0.0,0.8604002594947815,0.5125724673271179,0.0,0.0,0.8816545009613037,0.5428593754768372,0.9580432176589966,0.677107572555542,0.8981720805168152,0.6584179997444153,0.0,0.0,0.0,0.0,0.0,0.0,0.0,0.0
person_nn_771.jpg,0.806145966053009,0.4814859628677368,0.8147138357162476,0.4613041281700134,0.7922829985618591,0.461459755897522,0.0,0.0,0.7542977929115295,0.4420638978481293,0.8149018883705139,0.5003010630607605,0.7176518440246582,0.5278818011283875,0.831475555896759,0.6241804361343384,0.7104901075363159,0.6997608542442322,0.8202173113822937,0.6931772232055664,0.7806020975112915,0.7275983691215515,0.7767164707183838,0.758222758769989,0.7114773392677307,0.7685078382492065,0.7607466578483582,0.9044451117515564,0.6866665482521057,0.9225350022315979,0.0,0.0,0.0,0.0
person_nn_772.jpg,0.7769061326980591,0.08110201358795166,0.7863701581954956,0.06970060616731644,0.7730914354324341,0.0654391422867775,0.8027158379554749,0.06662478297948837,0.0,0.0,0.8173454999923706,0.12338854372501373,0.7444828748703003,0.1096200942993164,0.8276407718658447,0.21857422590255737,0.7290072441101074,0.1931014508008957,0.7821735143661499,0.2154519408941269,0.741435706615448,0.1950901597738266,0.800682008266449,0.31719958782196045,0.7505697011947632,0.31075331568717957,0.0,0.0,0.0,0.0,0.0,0.0,0.0,0.0
person_nn_773.jpg,0.925658643245697,0.3782469630241394,0.9425857067108154,0.36997464299201965,0.9263625741004944,0.35705241560935974,0.9704253673553467,0.38103777170181274,0.0,0.0,0.981596052646637,0.45033082365989685,0.8945900797843933,0.4113350212574005,0.0,0.0,0.8604002594947815,0.5125724673271179,0.0,0.0,0.8816545009613037,0.5428593754768372,0.9580432176589966,0.677107572555542,0.8981720805168152,0.6584179997444153,0.0,0.0,0.0,0.0,0.0,0.0,0.0,0.0
person_nn_774.jpg,0.8182083964347839,0.48320505023002625,0.8266555666923523,0.46262505650520325,0.80436772108078,0.4621618688106537,0.0,0.0,0.7643247246742249,0.4443289637565613,0.8122595548629761,0.5087343454360962,0.726405143737793,0.5378854870796204,0.819591224193573,0.625092089176178,0.7186446189880371,0.7055959105491638,0.8146495819091797,0.6901149749755859,0.7831338047981262,0.7249143719673157,0.775937557220459,0.7305217385292053,0.719697892665863,0.7439857721328735,0.7576601505279541,0.8558852076530457,0.6979578733444214,0.8849408030509949,0.0,0.0,0.0,0.0
person_nn_775.jpg,0.777377188205719,0.08117949962615967,0.7869515419006348,0.06897345185279846,0.7741456627845764,0.06339819729328156,0.8029640913009644,0.0627591535449028,0.0,0.0,0.8167493343353271,0.12122292816638947,0.7436725497245789,0.10195037722587585,0.8291209936141968,0.21682293713092804,0.728177547454834,0.1865803450345993,0.7838900089263916,0.2109495997428894,0.7458910346031189,0.19527284801006317,0.7956079244613647,0.3056352734565735,0.7462695837020874,0.2970488667488098,0.0,0.0,0.0,0.0,0.0,0.0,0.0,0.0
person_nn_776.jpg,0.9280842542648315,0.38117095828056335,0.9456005096435547,0.37416717410087585,0.9292914867401123,0.358394593000412,0.9736001491546631,0.38311314582824707,0.0,0.0,0.9822487831115723,0.4429771304130554,0.8949905037879944,0.40400436520576477,0.0,0.0,0.8652375936508179,0.5123229622840881,0.0,0.0,0.8836392164230347,0.5414411425590515,0.9595404863357544,0.6501386761665344,0.900723934173584,0.6324509978294373,0.0,0.0,0.0,0.0,0.0,0.0,0.0,0.0
person_nn_777.jpg,0.7781744599342346,0.08060465008020401,0.7873802185058594,0.06851542741060257,0.7748177647590637,0.063288614153862,0.8026275634765625,0.06193281337618828,0.0,0.0,0.8164063096046448,0.11883805692195892,0.7446745038032532,0.10076980292797089,0.8292832970619202,0.21554216742515564,0.7307722568511963,0.1868555098772049,0.7838066220283508,0.21020689606666565,0.7469130158424377,0.1958269327878952,0.7959821820259094,0.30249911546707153,0.7474297285079956,0.29424190521240234,0.0,0.0,0.0,0.0,0.0,0.0,0.0,0.0
person_nn_778.jpg,0.8288690447807312,0.48392629623413086,0.8358515501022339,0.4664961099624634,0.8169689774513245,0.46420156955718994,0.0,0.0,0.7782703042030334,0.4481477439403534,0.8197222352027893,0.5153549909591675,0.7380257844924927,0.5353285670280457,0.8320629000663757,0.633122444152832,0.7329524159431458,0.6977269649505615,0.8331451416015625,0.6889031529426575,0.8002604246139526,0.7306562662124634,0.7879621386528015,0.7469602227210999,0.7341721057891846,0.7563228607177734,0.7611574530601501,0.881878674030304,0.7127698659896851,0.9038716554641724,0.0,0.0,0.0,0.0
person_nn_779.jpg,0.8310840129852295,0.46588683128356934,0.8427698016166687,0.44720351696014404,0.817549467086792,0.4458315968513489,0.0,0.0,0.7894093990325928,0.4465785324573517,0.8475140333175659,0.5293954014778137,0.7603174448013306,0.544984757900238,0.8582841753959656,0.6543654799461365,0.7617719769477844,0.7008004784584045,0.8565430045127869,0.6960565447807312,0.8260143995285034,0.7289465069770813,0.8241797685623169,0.7563498020172119,0.7639071941375732,0.7647313475608826,0.7980512380599976,0.8752257227897644,0.7463138103485107,0.8994423151016235,0.0,0.0,0.0,0.0
person_nn_780.jpg,0.8310840129852295,0.46588683128356934,0.8427698016166687,0.44720351696014404,0.817549467086792,0.4458315968513489,0.0,0.0,0.7894093990325928,0.4465785324573517,0.8475140333175659,0.5293954014778137,0.7603174448013306,0.544984757900238,0.8582841753959656,0.6543654799461365,0.7617719769477844,0.7008004784584045,0.8565430045127869,0.6960565447807312,0.8260143995285034,0.7289465069770813,0.8241797685623169,0.7563498020172119,0.7639071941375732,0.7647313475608826,0.7980512380599976,0.8752257227897644,0.7463138103485107,0.8994423151016235,0.0,0.0,0.0,0.0
person_nn_781.jpg,0.8349929451942444,0.46026453375816345,0.8405010104179382,0.44259628653526306,0.8255807161331177,0.4428007900714874,0.0,0.0,0.802341103553772,0.44452226161956787,0.8509761691093445,0.5279498100280762,0.7702321410179138,0.5365080833435059,0.8674372434616089,0.6669790744781494,0.7651524543762207,0.6888126730918884,0.8619760870933533,0.6991480588912964,0.8265392780303955,0.7343710660934448,0.8307845592498779,0.7481667399406433,0.7747204899787903,0.7511414289474487,0.8001247048377991,0.8660421967506409,0.7438227534294128,0.8769249320030212,0.0,0.0,0.0,0.0
person_nn_782.jpg,0.7789614200592041,0.08021712303161621,0.7890202403068542,0.0687183365225792,0.7753351926803589,0.06282658129930496,0.8037265539169312,0.06274481862783432,0.7676247358322144,0.04713498428463936,0.8167548179626465,0.12421277165412903,0.7466959953308105,0.10238396376371384,0.8310049176216125,0.21902357041835785,0.7247610092163086,0.18398717045783997,0.7869962453842163,0.20794929563999176,0.7477196455001831,0.19791081547737122,0.7962048649787903,0.31672173738479614,0.7504497170448303,0.3051813840866089,0.7931426167488098,0.45585617423057556,0.7400956749916077,0.4389549195766449,0.7908104658126831,0.5746179819107056,0.7452996969223022,0.5711879730224609
person_nn_783.jpg,0.8749714493751526,0.4953111708164215,0.0,0.0,0.8663296699523926,0.47736141085624695,0.0,0.0,0.830106258392334,0.45565226674079895,0.8711419701576233,0.518805980682373,0.7783290147781372,0.5380623936653137,0.8872586488723755,0.6614924073219299,0.7846825122833252,0.7050472497940063,0.8839175701141357,0.7034776210784912,0.8474060893058777,0.7337664365768433,0.8565483093261719,0.7483178973197937,0.7841955423355103,0.7645478844642639,0.8979505896568298,0.8433830142021179,0.7518662214279175,0.8850170969963074,0.0,0.0,0.0,0.0
person_nn_784.jpg,0.7786223888397217,0.07827582955360413,0.7874070405960083,0.06570573896169662,0.774979293346405,0.06105315685272217,0.8027513027191162,0.05924936756491661,0.0,0.0,0.8170537352561951,0.12124448269605637,0.7454960942268372,0.10157036036252975,0.8295953273773193,0.2157796174287796,0.7271314263343811,0.18326115608215332,0.7842422127723694,0.2105497121810913,0.7473874688148499,0.19879767298698425,0.7929468750953674,0.3073118329048157,0.7461614012718201,0.29817917943000793,0.0,0.0,0.0,0.0,0.0,0.0,0.0,0.0
person_nn_785.jpg,0.890727698802948,0.5042626261711121,0.8965384364128113,0.4827846884727478,0.8786618709564209,0.4830736815929413,0.0,0.0,0.8366988897323608,0.4556311070919037,0.8879422545433044,0.5148475170135498,0.7907073497772217,0.5284863710403442,0.0,0.0,0.7864938378334045,0.6936426758766174,0.9043815732002258,0.6665672063827515,0.8466091752052307,0.739711582660675,0.8636754751205444,0.7478485703468323,0.7938528656959534,0.7568300366401672,0.0,0.0,0.757233202457428,0.8986411690711975,0.0,0.0,0.0,0.0
person_nn_786.jpg,0.7786263227462769,0.07132279127836227,0.7867113947868347,0.0631878599524498,0.7736663818359375,0.05945557355880737,0.8012600541114807,0.06162029877305031,0.0,0.0,0.8149203062057495,0.11925296485424042,0.7447978258132935,0.10214118659496307,0.8267972469329834,0.20999455451965332,0.7232985496520996,0.18019410967826843,0.7851561903953552,0.20689213275909424,0.7416948676109314,0.19873392581939697,0.7881444096565247,0.2974238693714142,0.74223792552948,0.28764697909355164,0.7859581112861633,0.41887328028678894,0.7431204915046692,0.40534788370132446,0.7802197933197021,0.5319475531578064,0.7456539273262024,0.5260616540908813
person_nn_787.jpg,0.9011337161064148,0.5093929767608643,0.9097251892089844,0.4860093593597412,0.8883617520332336,0.4861959218978882,0.0,0.0,0.8507546186447144,0.46169567108154297,0.9085624814033508,0.54764723777771,0.8102395534515381,0.5479179620742798,0.0,0.0,0.798900306224823,0.7068582773208618,0.0,0.0,0.8664811253547668,0.7236337065696716,0.8797581195831299,0.7913289666175842,0.810756266117096,0.7951399087905884,0.0,0.0,0.7739527821540833,0.8672504425048828,0.0,0.0,0.0,0.0
person_nn_788.jpg,0.7786263227462769,0.07132279127836227,0.7867113947868347,0.0631878599524498,0.7736663818359375,0.05945557355880737,0.8012600541114807,0.06162029877305031,0.0,0.0,0.8149203062057495,0.11925296485424042,0.7447978258132935,0.10214118659496307,0.8267972469329834,0.20999455451965332,0.7232985496520996,0.18019410967826843,0.7851561903953552,0.20689213275909424,0.7416948676109314,0.19873392581939697,0.7881444096565247,0.2974238693714142,0.74223792552948,0.28764697909355164,0.7859581112861633,0.41887328028678894,0.7431204915046692,0.40534788370132446,0.7802197933197021,0.5319475531578064,0.7456539273262024,0.5260616540908813
person_nn_789.jpg,0.9011337161064148,0.5093929767608643,0.9097251892089844,0.4860093593597412,0.8883617520332336,0.4861959218978882,0.0,0.0,0.8507546186447144,0.46169567108154297,0.9085624814033508,0.54764723777771,0.8102395534515381,0.5479179620742798,0.0,0.0,0.798900306224823,0.7068582773208618,0.0,0.0,0.8664811253547668,0.7236337065696716,0.8797581195831299,0.7913289666175842,0.810756266117096,0.7951399087905884,0.0,0.0,0.7739527821540833,0.8672504425048828,0.0,0.0,0.0,0.0
person_nn_790.jpg,0.7797974348068237,0.07210872322320938,0.7884208559989929,0.06336680799722672,0.773987352848053,0.05819784849882126,0.8023931384086609,0.06283726543188095,0.0,0.0,0.8172382116317749,0.1236625537276268,0.7438762187957764,0.10238892585039139,0.8265403509140015,0.2148960828781128,0.7223289012908936,0.18450818955898285,0.7848020792007446,0.20633286237716675,0.7420428991317749,0.20184947550296783,0.7878935933113098,0.30613458156585693,0.740330159664154,0.29203876852989197,0.7816349864006042,0.43991342186927795,0.7418614029884338,0.412443071603775,0.7717528343200684,0.5705069303512573,0.7459852695465088,0.5423688888549805
person_nn_791.jpg,0.9002639651298523,0.5045657157897949,0.9077979326248169,0.4820270240306854,0.8885773420333862,0.4838206470012665,0.0,0.0,0.8560981154441833,0.46145355701446533,0.9180485010147095,0.5123516321182251,0.8156749606132507,0.5238502621650696,0.0,0.0,0.8001163005828857,0.6835363507270813,0.0,0.0,0.8680128455162048,0.732816755771637,0.8906303644180298,0.7477899789810181,0.8139801025390625,0.7538631558418274,0.9037491679191589,0.854506254196167,0.7827463150024414,0.8661291599273682,0.0,0.0,0.7459720373153687,0.9874905347824097
person_nn_792.jpg,0.779578447341919,0.0728321298956871,0.7879723310470581,0.06401066482067108,0.7738096714019775,0.059255752712488174,0.8018640279769897,0.06411872059106827,0.0,0.0,0.8180426359176636,0.12677572667598724,0.7433686852455139,0.10590529441833496,0.8268750905990601,0.21748927235603333,0.7222601771354675,0.1861039102077484,0.7839455008506775,0.21062488853931427,0.7406799793243408,0.20178033411502838,0.7881195545196533,0.3091670870780945,0.7394706606864929,0.29519036412239075,0.7834923267364502,0.4475651681423187,0.7406483888626099,0.42015302181243896,0.7711214423179626,0.5740185976028442,0.7446144819259644,0.5451454520225525
person_nn_793.jpg,0.9127008318901062,0.5096816420555115,0.0,0.0,0.9016329050064087,0.48711228370666504,0.0,0.0,0.8693128824234009,0.457160085439682,0.924252986907959,0.5103194713592529,0.8300098180770874,0.5114572048187256,0.0,0.0,0.8068004250526428,0.6898984313011169,0.0,0.0,0.8692886233329773,0.7361537218093872,0.8944370150566101,0.7607246041297913,0.8268023729324341,0.7606227397918701,0.8808820843696594,0.8843016624450684,0.7863008975982666,0.8873522877693176,0.0,0.0,0.7455666661262512,0.9779253005981445
person_nn_794.jpg,0.7774356603622437,0.07259224355220795,0.7864144444465637,0.0636436939239502,0.7726616263389587,0.05816733092069626,0.8009117245674133,0.06458835303783417,0.7642294764518738,0.05190414562821388,0.8154309988021851,0.12613362073898315,0.7459189295768738,0.10450492799282074,0.82609623670578,0.2165776789188385,0.7236165404319763,0.18648481369018555,0.7821100950241089,0.20605310797691345,0.7442052960395813,0.20489922165870667,0.7869710922241211,0.3001357316970825,0.742011547088623,0.28547751903533936,0.7785348892211914,0.4380090832710266,0.7411754727363586,0.4098183810710907,0.7717938423156738,0.5635566115379333,0.7442309260368347,0.5361014008522034
person_nn_795.jpg,0.9187580943107605,0.5148709416389465,0.9292458295822144,0.4952445924282074,0.9087378978729248,0.4908645749092102,0.0,0.0,0.8724870085716248,0.4567055404186249,0.9271789193153381,0.5257627367973328,0.827731728553772,0.5300673246383667,0.9397737383842468,0.669760525226593,0.8107637763023376,0.7009135484695435,0.9201620817184448,0.7060330510139465,0.8650625944137573,0.7485001683235168,0.9064314365386963,0.7508682608604431,0.842462420463562,0.7583478093147278,0.0,0.0,0.8520324230194092,0.8519754409790039,0.0,0.0,0.0,0.0
person_nn_796.jpg,0.7773791551589966,0.07541537284851074,0.786237895488739,0.06558764725923538,0.7725306153297424,0.05996784195303917,0.8011981248855591,0.06365285068750381,0.7652634382247925,0.050782106816768646,0.8171889781951904,0.12618207931518555,0.7478818297386169,0.10459244251251221,0.8301613926887512,0.21786823868751526,0.7235406637191772,0.18368247151374817,0.7853696346282959,0.2135595679283142,0.7448203563690186,0.19736388325691223,0.7878363132476807,0.3085724115371704,0.7443414330482483,0.2940177023410797,0.7796757817268372,0.4482417404651642,0.7421186566352844,0.4193781614303589,0.772301435470581,0.5692781209945679,0.7459413409233093,0.5379878282546997
person_nn_797.jpg,0.922219455242157,0.502029538154602,0.9332476854324341,0.4823135435581207,0.9102787375450134,0.47824937105178833,0.0,0.0,0.8739332556724548,0.45273447036743164,0.9297353625297546,0.5215849876403809,0.8345019817352295,0.5239459276199341,0.9352412819862366,0.6598284244537354,0.814811646938324,0.6873321533203125,0.9287583827972412,0.7093576192855835,0.8692407608032227,0.7420936822891235,0.8909832239151001,0.7500280737876892,0.8235607147216797,0.7494378685951233,0.8784787654876709,0.8830490112304688,0.7820046544075012,0.8841419219970703,0.0,0.0,0.0,0.0
person_nn_798.jpg,0.7775176763534546,0.0756622850894928,0.7863860726356506,0.06500715017318726,0.7730502486228943,0.06057488173246384,0.800565779209137,0.06430327892303467,0.7662535309791565,0.05299196392297745,0.81634521484375,0.12647537887096405,0.748346209526062,0.10516037791967392,0.8281765580177307,0.22107625007629395,0.7265218496322632,0.1829085499048233,0.7857452630996704,0.21111617982387543,0.7461912631988525,0.1974310278892517,0.7895553708076477,0.30979111790657043,0.745635986328125,0.29649919271469116,0.7826396822929382,0.44813063740730286,0.7398490905761719,0.4251241683959961,0.7725280523300171,0.5669493675231934,0.7393534779548645,0.5482739806175232
person_nn_799.jpg,0.9191449880599976,0.5013540387153625,0.9311710000038147,0.4846031665802002,0.9081562757492065,0.4789429306983948,0.0,0.0,0.8802077770233154,0.4515482485294342,0.9405645132064819,0.5263016819953918,0.84195476770401,0.5245174169540405,0.0,0.0,0.8216736316680908,0.6849803924560547,0.9316154718399048,0.7110677361488342,0.8845521807670593,0.7334232330322266,0.9035367369651794,0.7640252709388733,0.8357224464416504,0.7611983418464661,0.0,0.0,0.787380039691925,0.8858734369277954,0.0,0.0,0.0,0.0
person_nn_800.jpg,0.7775176763534546,0.0756622850894928,0.7863860726356506,0.06500715017318726,0.7730502486228943,0.06057488173246384,0.800565779209137,0.06430327892303467,0.7662535309791565,0.05299196392297745,0.81634521484375,0.12647537887096405,0.748346209526062,0.10516037791967392,0.8281765580177307,0.22107625007629395,0.7265218496322632,0.1829085499048233,0.7857452630996704,0.21111617982387543,0.7461912631988525,0.1974310278892517,0.7895553708076477,0.30979111790657043,0.745635986328125,0.29649919271469116,0.7826396822929382,0.44813063740730286,0.7398490905761719,0.4251241683959961,0.7725280523300171,0.5669493675231934,0.7393534779548645,0.5482739806175232
person_nn_801.jpg,0.9191449880599976,0.5013540387153625,0.9311710000038147,0.4846031665802002,0.9081562757492065,0.4789429306983948,0.0,0.0,0.8802077770233154,0.4515482485294342,0.9405645132064819,0.5263016819953918,0.84195476770401,0.5245174169540405,0.0,0.0,0.8216736316680908,0.6849803924560547,0.9316154718399048,0.7110677361488342,0.8845521807670593,0.7334232330322266,0.9035367369651794,0.7640252709388733,0.8357224464416504,0.7611983418464661,0.0,0.0,0.787380039691925,0.8858734369277954,0.0,0.0,0.0,0.0
person_nn_802.jpg,0.7777546048164368,0.07504437118768692,0.7869159579277039,0.06502925604581833,0.7728981375694275,0.05937306582927704,0.8018284440040588,0.06296607106924057,0.7652692198753357,0.04948826879262924,0.8164636492729187,0.1260089874267578,0.7463073134422302,0.10408047586679459,0.8295578956604004,0.21981225907802582,0.7236485481262207,0.18374508619308472,0.784496545791626,0.2136678546667099,0.744485080242157,0.19676193594932556,0.7875837683677673,0.314100056886673,0.7428856492042542,0.30044087767601013,0.7805825471878052,0.4572826623916626,0.7396714091300964,0.43348318338394165,0.7700145840644836,0.5751708745956421,0.7393864989280701,0.5544054508209229
person_nn_803.jpg,0.9210294485092163,0.5017281770706177,0.9333512187004089,0.4840030372142792,0.9093366265296936,0.47846466302871704,0.0,0.0,0.8798834681510925,0.4499247372150421,0.9445184469223022,0.5238093733787537,0.842257559299469,0.5237487554550171,0.0,0.0,0.8237029910087585,0.6828039288520813,0.0,0.0,0.8884857892990112,0.7312184572219849,0.9113860726356506,0.7725058197975159,0.8394082188606262,0.7704278826713562,0.0,0.0,0.7910687923431396,0.8976359963417053,0.0,0.0,0.0,0.0
person_nn_804.jpg,0.7776049375534058,0.07478299736976624,0.7869551777839661,0.06474601477384567,0.7729223966598511,0.05884387344121933,0.8023494482040405,0.06262364983558655,0.7657366991043091,0.04856863617897034,0.8166193962097168,0.12593309581279755,0.7466108202934265,0.10422694683074951,0.8301147818565369,0.22048917412757874,0.7238495349884033,0.18519030511379242,0.7841505408287048,0.21338002383708954,0.7448239922523499,0.19671282172203064,0.7880584597587585,0.3132079243659973,0.7435147166252136,0.29978224635124207,0.7808401584625244,0.45485925674438477,0.7397949695587158,0.4320806860923767,0.7709659337997437,0.5713270306587219,0.7394730448722839,0.552446186542511
person_nn_805.jpg,0.9256713390350342,0.5027424693107605,0.9375393986701965,0.4828735291957855,0.9137020707130432,0.4816594421863556,0.0,0.0,0.8842970132827759,0.4555971920490265,0.9447473287582397,0.5126103758811951,0.8458455801010132,0.5244343280792236,0.9477202892303467,0.6299923062324524,0.8272166848182678,0.6681100726127625,0.9418632388114929,0.7106180191040039,0.8921233415603638,0.733937680721283,0.9086161255836487,0.7568734884262085,0.838696300983429,0.7632799744606018,0.9038439393043518,0.8488577604293823,0.8018063902854919,0.8691525459289551,0.0,0.0,0.0,0.0
person_nn_806.jpg,0.7771342992782593,0.07438380271196365,0.7866379022598267,0.06432919949293137,0.7722604274749756,0.05837898328900337,0.802521288394928,0.061633676290512085,0.7649489641189575,0.04755841940641403,0.817691445350647,0.12402430176734924,0.7454804182052612,0.10246448218822479,0.8306484818458557,0.2181151807308197,0.7225335240364075,0.183701753616333,0.7837993502616882,0.21103382110595703,0.7434492707252502,0.19559457898139954,0.7895973920822144,0.3116014301776886,0.7437826991081238,0.29826003313064575,0.7816392183303833,0.45400092005729675,0.7393656969070435,0.4312169849872589,0.7679514288902283,0.5767623782157898,0.7382701635360718,0.5573605298995972
person_nn_807.jpg,0.9271858930587769,0.4974200427532196,0.9365377426147461,0.47805023193359375,0.9150098562240601,0.4769423007965088,0.0,0.0,0.8825886249542236,0.4530901610851288,0.9430484771728516,0.5136083960533142,0.842897355556488,0.5180208086967468,0.9560054540634155,0.6580254435539246,0.8242381811141968,0.6776891350746155,0.9366306066513062,0.7067080736160278,0.881170392036438,0.7352020144462585,0.9019920229911804,0.7373787760734558,0.8333116173744202,0.7361657619476318,0.8699395656585693,0.8705943822860718,0.7853074073791504,0.8811408281326294,0.0,0.0,0.0,0.0
person_nn_808.jpg,0.7774295210838318,0.07322560995817184,0.7863010764122009,0.06373298913240433,0.771988034248352,0.05844501033425331,0.802324652671814,0.06111929565668106,0.0,0.0,0.8191115856170654,0.1231941357254982,0.7460054755210876,0.10374874621629715,0.8283947110176086,0.214440256357193,0.7218579649925232,0.1842896044254303,0.7813571691513062,0.21226567029953003,0.7423179745674133,0.19516615569591522,0.7893615961074829,0.3072884678840637,0.7427517175674438,0.29388073086738586,0.782312273979187,0.4501778781414032,0.7380375862121582,0.42432722449302673,0.7678983211517334,0.5699470043182373,0.7364902496337891,0.5415573716163635
person_nn_809.jpg,0.9314108490943909,0.5041828751564026,0.9421824216842651,0.4837636351585388,0.919427752494812,0.48276814818382263,0.0,0.0,0.8846489191055298,0.45345357060432434,0.9470428824424744,0.49673542380332947,0.8415420055389404,0.5143237709999084,0.9556702375411987,0.6350081562995911,0.8222787380218506,0.6836960315704346,0.9413292407989502,0.7071734666824341,0.8869231343269348,0.7390795946121216,0.912196159362793,0.7299119830131531,0.8373961448669434,0.7371195554733276,0.8965471982955933,0.8617795705795288,0.7927168011665344,0.8798181414604187,0.0,0.0,0.7576557993888855,0.9821847677230835
person_nn_810.jpg,0.7774295210838318,0.07322560995817184,0.7863010764122009,0.06373298913240433,0.771988034248352,0.05844501033425331,0.802324652671814,0.06111929565668106,0.0,0.0,0.8191115856170654,0.1231941357254982,0.7460054755210876,0.10374874621629715,0.8283947110176086,0.214440256357193,0.7218579649925232,0.1842896044254303,0.7813571691513062,0.21226567029953003,0.7423179745674133,0.19516615569591522,0.7893615961074829,0.3072884678840637,0.7427517175674438,0.29388073086738586,0.782312273979187,0.4501778781414032,0.7380375862121582,0.42432722449302673,0.7678983211517334,0.5699470043182373,0.7364902496337891,0.5415573716163635
person_nn_811.jpg,0.9314108490943909,0.5041828751564026,0.9421824216842651,0.4837636351585388,0.919427752494812,0.48276814818382263,0.0,0.0,0.8846489191055298,0.45345357060432434,0.9470428824424744,0.49673542380332947,0.8415420055389404,0.5143237709999084,0.9556702375411987,0.6350081562995911,0.8222787380218506,0.6836960315704346,0.9413292407989502,0.7071734666824341,0.8869231343269348,0.7390795946121216,0.912196159362793,0.7299119830131531,0.8373961448669434,0.7371195554733276,0.8965471982955933,0.8617795705795288,0.7927168011665344,0.8798181414604187,0.0,0.0,0.7576557993888855,0.9821847677230835
person_nn_812.jpg,0.7761400938034058,0.073752261698246,0.7857329845428467,0.06322922557592392,0.7720552086830139,0.05774645507335663,0.8013690710067749,0.06181219220161438,0.7661253213882446,0.04805934429168701,0.816977322101593,0.12250720709562302,0.7479114532470703,0.10055845975875854,0.8281185030937195,0.2182481437921524,0.725348711013794,0.18247027695178986,0.7832698822021484,0.2061406373977661,0.7443469762802124,0.19470377266407013,0.7912946343421936,0.3063390254974365,0.7466548085212708,0.29262256622314453,0.7833949327468872,0.44846078753471375,0.7390716671943665,0.42445120215415955,0.7719953060150146,0.5720760226249695,0.7371228933334351,0.5522269606590271
person_nn_813.jpg,0.9348974823951721,0.5039470195770264,0.9452266097068787,0.4827961325645447,0.9224873185157776,0.48262959718704224,0.0,0.0,0.8861310482025146,0.4542556703090668,0.947893500328064,0.49748915433883667,0.8416339159011841,0.5159327983856201,0.9561195969581604,0.6346314549446106,0.8220481872558594,0.6814908981323242,0.9432535767555237,0.7060249447822571,0.8862019181251526,0.7362044453620911,0.9141014218330383,0.7276893854141235,0.8376732468605042,0.7365730404853821,0.9063329100608826,0.8571640849113464,0.7925416827201843,0.8793237209320068,0.0,0.0,0.7565053701400757,0.9793522953987122
person_nn_814.jpg,0.7771500945091248,0.07443507760763168,0.7864102125167847,0.06312686949968338,0.7724483609199524,0.05839873105287552,0.8015555143356323,0.060393378138542175,0.7656850814819336,0.0487472265958786,0.8179832696914673,0.12211038172245026,0.7484853267669678,0.1006627082824707,0.8284475803375244,0.2173251062631607,0.7243409156799316,0.1818498820066452,0.7834652066230774,0.20584164559841156,0.7438302040100098,0.1949525624513626,0.788965106010437,0.31175389885902405,0.7440652251243591,0.2972458600997925,0.7822808027267456,0.45285725593566895,0.7382602691650391,0.42495566606521606,0.7709399461746216,0.5723957419395447,0.7371925115585327,0.5448594689369202
person_nn_815.jpg,0.9335178136825562,0.5010703206062317,0.9422405362129211,0.48043888807296753,0.9204729795455933,0.48172926902770996,0.0,0.0,0.8846434354782104,0.45419737696647644,0.9451673030853271,0.4996339976787567,0.843189001083374,0.5146929621696472,0.9575322866439819,0.6361375451087952,0.8225963711738586,0.6754022836685181,0.9390543699264526,0.6886127591133118,0.8804644346237183,0.7345858812332153,0.9078528881072998,0.7214599847793579,0.8365999460220337,0.726824939250946,0.8879106044769287,0.8513227105140686,0.7879102826118469,0.8739733695983887,0.0,0.0,0.7507067918777466,0.9797934889793396
person_nn_816.jpg,0.7769137024879456,0.06858927011489868,0.7864982485771179,0.05839284136891365,0.7722146511077881,0.05240987613797188,0.8028301000595093,0.057338058948516846,0.0,0.0,0.8176042437553406,0.12262269109487534,0.7473053336143494,0.1008785292506218,0.8301942944526672,0.21708180010318756,0.7229923605918884,0.18300850689411163,0.7819384932518005,0.21145929396152496,0.7440317869186401,0.1949840486049652,0.7881039977073669,0.313942551612854,0.7434743642807007,0.2999742925167084,0.7811138033866882,0.45784786343574524,0.7410102486610413,0.43228262662887573,0.7712982296943665,0.5791072249412537,0.7404102683067322,0.5542673468589783
person_nn_817.jpg,0.9337502121925354,0.5032874345779419,0.9436896443367004,0.48375019431114197,0.9220313429832458,0.4833139479160309,0.0,0.0,0.888532817363739,0.44699162244796753,0.9486172795295715,0.49744999408721924,0.8438121676445007,0.5101195573806763,0.9542019963264465,0.6444270610809326,0.8270513415336609,0.6762962341308594,0.9396918416023254,0.7160087823867798,0.8884037137031555,0.7351880669593811,0.9175661206245422,0.7296709418296814,0.8408656120300293,0.7388225197792053,0.930449366569519,0.8403834700584412,0.7894641757011414,0.8735457062721252,0.0,0.0,0.7484426498413086,0.9843673706054688
person_nn_818.jpg,0.7760080099105835,0.06125306338071823,0.7864620089530945,0.051487185060977936,0.7717508673667908,0.044114850461483,0.8036149740219116,0.05635976046323776,0.0,0.0,0.8162954449653625,0.1277138888835907,0.7468612790107727,0.10215675085783005,0.8296352028846741,0.21967516839504242,0.7223778963088989,0.18104100227355957,0.7805657386779785,0.21450337767601013,0.7417853474617004,0.19653183221817017,0.7871912717819214,0.31667080521583557,0.7430294752120972,0.30104735493659973,0.7792279720306396,0.45898544788360596,0.7397522330284119,0.43112850189208984,0.7704333066940308,0.5758062601089478,0.7368971109390259,0.5502241253852844
person_nn_819.jpg,0.9355292916297913,0.5049660205841064,0.9461896419525146,0.48651042580604553,0.9236759543418884,0.48351848125457764,0.0,0.0,0.8899702429771423,0.44752609729766846,0.9530441164970398,0.504637598991394,0.8481333255767822,0.5103103518486023,0.9612550735473633,0.6451505422592163,0.8283830285072327,0.6787225604057312,0.9510119557380676,0.6894882321357727,0.8935973048210144,0.7340476512908936,0.9140809774398804,0.7498366832733154,0.8407618999481201,0.750857412815094,0.9040780663490295,0.8662093281745911,0.7895494103431702,0.8764846920967102,0.0,0.0,0.0,0.0
person_nn_820.jpg,0.7760080099105835,0.06125306338071823,0.7864620089530945,0.051487185060977936,0.7717508673667908,0.044114850461483,0.8036149740219116,0.05635976046323776,0.0,0.0,0.8162954449653625,0.1277138888835907,0.7468612790107727,0.10215675085783005,0.8296352028846741,0.21967516839504242,0.7223778963088989,0.18104100227355957,0.7805657386779785,0.21450337767601013,0.7417853474617004,0.19653183221817017,0.7871912717819214,0.31667080521583557,0.7430294752120972,0.30104735493659973,0.7792279720306396,0.45898544788360596,0.7397522330284119,0.43112850189208984,0.7704333066940308,0.5758062601089478,0.7368971109390259,0.5502241253852844
person_nn_821.jpg,0.9355292916297913,0.5049660205841064,0.9461896419525146,0.48651042580604553,0.9236759543418884,0.48351848125457764,0.0,0.0,0.8899702429771423,0.44752609729766846,0.9530441164970398,0.504637598991394,0.8481333255767822,0.5103103518486023,0.9612550735473633,0.6451505422592163,0.8283830285072327,0.6787225604057312,0.9510119557380676,0.6894882321357727,0.8935973048210144,0.7340476512908936,0.9140809774398804,0.7498366832733154,0.8407618999481201,0.750857412815094,0.9040780663490295,0.8662093281745911,0.7895494103431702,0.8764846920967102,0.0,0.0,0.0,0.0
person_nn_822.jpg,0.776206374168396,0.059204354882240295,0.7868103981018066,0.05012410134077072,0.7723484635353088,0.042365122586488724,0.8040053844451904,0.05636271834373474,0.0,0.0,0.8160132765769958,0.12752865254878998,0.747861385345459,0.10048173367977142,0.8289582133293152,0.21981821954250336,0.725834310054779,0.17813552916049957,0.7791188955307007,0.21664324402809143,0.742421567440033,0.19723302125930786,0.7874969840049744,0.3152221739292145,0.7439731359481812,0.29930850863456726,0.7792269587516785,0.45658284425735474,0.7405506372451782,0.42963308095932007,0.7710658311843872,0.5757473707199097,0.7386704683303833,0.5531484484672546
person_nn_823.jpg,0.9274911284446716,0.500665009021759,0.940697193145752,0.48337966203689575,0.9160876870155334,0.47825250029563904,0.0,0.0,0.8887107968330383,0.43951892852783203,0.9499711394309998,0.4952143728733063,0.8449534177780151,0.5077025890350342,0.9577776789665222,0.615386426448822,0.8251190781593323,0.6739798188209534,0.9569087624549866,0.6511762142181396,0.8827690482139587,0.7312479019165039,0.9205048084259033,0.7108449935913086,0.8443846702575684,0.7216751575469971,0.9457634091377258,0.7867506742477417,0.798319399356842,0.8219055533409119,0.9217981100082397,0.9140226244926453,0.7628447413444519,0.9766833782196045
person_nn_824.jpg,0.7769331336021423,0.05640799179673195,0.7872925400733948,0.047157950699329376,0.7729257345199585,0.03939732909202576,0.8038613200187683,0.05432862043380737,0.0,0.0,0.8146423697471619,0.12696504592895508,0.7490448355674744,0.10171102732419968,0.8276748061180115,0.22093157470226288,0.7268073558807373,0.1836705207824707,0.7775578498840332,0.21255993843078613,0.7416004538536072,0.1944890022277832,0.7855054140090942,0.31274405121803284,0.7436074614524841,0.29722142219543457,0.7777898907661438,0.4524030089378357,0.7404176592826843,0.42504456639289856,0.7723177075386047,0.5710157752037048,0.7371534109115601,0.5455828309059143
person_nn_825.jpg,0.9295192360877991,0.5029611587524414,0.9428196549415588,0.48363494873046875,0.9177132248878479,0.4807906448841095,0.0,0.0,0.8861336708068848,0.45115044713020325,0.9592261910438538,0.4950580298900604,0.8391836285591125,0.5116767287254333,0.9667442440986633,0.6330161690711975,0.8192121386528015,0.6805150508880615,0.9472430944442749,0.7015071511268616,0.883118212223053,0.7340716123580933,0.9262279272079468,0.7111442685127258,0.8377071022987366,0.720609188079834,0.9470615386962891,0.8040629029273987,0.7962934970855713,0.8250610828399658,0.9310024976730347,0.9368211627006531,0.7758222818374634,0.968105137348175
person_nn_826.jpg,0.7775884866714478,0.05421330779790878,0.7877448201179504,0.0451248437166214,0.7738925814628601,0.0375620573759079,0.8037464618682861,0.05526646971702576,0.0,0.0,0.8140552043914795,0.1309577226638794,0.7497962713241577,0.10561225563287735,0.8263518214225769,0.219580739736557,0.724804699420929,0.1814313679933548,0.7760604619979858,0.20578669011592865,0.7357850074768066,0.19023080170154572,0.7847890853881836,0.31540292501449585,0.7437868714332581,0.29987090826034546,0.7772740125656128,0.4539058804512024,0.7407175302505493,0.4266330599784851,0.7735454440116882,0.5698614716529846,0.7379632592201233,0.5454409122467041
person_nn_827.jpg,0.9273680448532104,0.49909305572509766,0.9411665201187134,0.48113834857940674,0.916113018989563,0.4764803946018219,0.0,0.0,0.8859155178070068,0.4487828016281128,0.9568060636520386,0.5034857988357544,0.8394923806190491,0.5123687982559204,0.9631485939025879,0.6436283588409424,0.8173191547393799,0.6787222623825073,0.9445354342460632,0.7086452841758728,0.8769273161888123,0.732387900352478,0.9225817918777466,0.7187985181808472,0.8358553051948547,0.724526047706604,0.9431525468826294,0.816281795501709,0.7936826944351196,0.8315229415893555,0.9311023354530334,0.9449800848960876,0.7730785012245178,0.9719058275222778
person_nn_828.jpg,0.9238780736923218,0.5012141466140747,0.9386048913002014,0.48179352283477783,0.9118295311927795,0.478134423494339,0.0,0.0,0.8840923309326172,0.4507620334625244,0.9658858776092529,0.5042233467102051,0.8405841588973999,0.5109272599220276,0.9718657732009888,0.6489505171775818,0.8169485926628113,0.6771003603935242,0.943712592124939,0.7032478451728821,0.8787316083908081,0.7320936918258667,0.9305461645126343,0.7212982177734375,0.8382236361503601,0.7241727709770203,0.9475064873695374,0.8280121088027954,0.7906420826911926,0.8370876908302307,0.934590756893158,0.9501221776008606,0.7722439765930176,0.9704280495643616
person_nn_829.jpg,0.7777085304260254,0.05289410427212715,0.7867290377616882,0.044112641364336014,0.7738286852836609,0.038170695304870605,0.802722156047821,0.05220983549952507,0.0,0.0,0.8147881031036377,0.1274641752243042,0.7521357536315918,0.10661294311285019,0.8231569528579712,0.21368886530399323,0.7266427874565125,0.18635493516921997,0.7750619053840637,0.18686111271381378,0.7328298687934875,0.18673162162303925,0.7818936109542847,0.31362611055374146,0.741907000541687,0.299110472202301,0.7761660814285278,0.4533456563949585,0.7402162551879883,0.42613086104393005,0.7727044224739075,0.5699998736381531,0.73985356092453,0.5429472923278809
person_nn_830.jpg,0.9206320643424988,0.502081573009491,0.9366820454597473,0.4832988381385803,0.9090369343757629,0.477072149515152,0.0,0.0,0.8825316429138184,0.4475353956222534,0.9624475836753845,0.5066646337509155,0.8400365710258484,0.5083683729171753,0.9665969610214233,0.6480212807655334,0.816284716129303,0.6765575408935547,0.939050555229187,0.6991450786590576,0.8736175894737244,0.7424585223197937,0.9283998608589172,0.71955406665802,0.8381968140602112,0.7202320098876953,0.9448009133338928,0.8350265622138977,0.7916061282157898,0.8400227427482605,0.0,0.0,0.7691159844398499,0.9713834524154663
person_nn_831.jpg,0.7768366932868958,0.050305724143981934,0.7860045433044434,0.041241880506277084,0.7734136581420898,0.03660229966044426,0.8036843538284302,0.049039632081985474,0.0,0.0,0.8164002299308777,0.12185082584619522,0.7541306018829346,0.10604240745306015,0.8230959177017212,0.1979757696390152,0.7273258566856384,0.18574975430965424,0.7762962579727173,0.16879761219024658,0.7320070862770081,0.19332629442214966,0.7814544439315796,0.3102726936340332,0.7416194081306458,0.2973974943161011,0.7756521701812744,0.4516141712665558,0.7401574850082397,0.42711547017097473,0.7730185985565186,0.5688888430595398,0.7411729693412781,0.5452062487602234
person_nn_832.jpg,0.9206320643424988,0.502081573009491,0.9366820454597473,0.4832988381385803,0.9090369343757629,0.477072149515152,0.0,0.0,0.8825316429138184,0.4475353956222534,0.9624475836753845,0.5066646337509155,0.8400365710258484,0.5083683729171753,0.9665969610214233,0.6480212807655334,0.816284716129303,0.6765575408935547,0.939050555229187,0.6991450786590576,0.8736175894737244,0.7424585223197937,0.9283998608589172,0.71955406665802,0.8381968140602112,0.7202320098876953,0.9448009133338928,0.8350265622138977,0.7916061282157898,0.8400227427482605,0.0,0.0,0.7691159844398499,0.9713834524154663
person_nn_833.jpg,0.7768366932868958,0.050305724143981934,0.7860045433044434,0.041241880506277084,0.7734136581420898,0.03660229966044426,0.8036843538284302,0.049039632081985474,0.0,0.0,0.8164002299308777,0.12185082584619522,0.7541306018829346,0.10604240745306015,0.8230959177017212,0.1979757696390152,0.7273258566856384,0.18574975430965424,0.7762962579727173,0.16879761219024658,0.7320070862770081,0.19332629442214966,0.7814544439315796,0.3102726936340332,0.7416194081306458,0.2973974943161011,0.7756521701812744,0.4516141712665558,0.7401574850082397,0.42711547017097473,0.7730185985565186,0.5688888430595398,0.7411729693412781,0.5452062487602234
person_nn_834.jpg,0.7762789130210876,0.04803421348333359,0.7871269583702087,0.03828258812427521,0.7737802267074585,0.03359699621796608,0.8049806952476501,0.049422040581703186,0.0,0.0,0.8163360357284546,0.11937638372182846,0.7545682191848755,0.10172205418348312,0.8168305158615112,0.19241048395633698,0.7271051406860352,0.179493248462677,0.7696355581283569,0.1446283459663391,0.731751024723053,0.19128675758838654,0.7840733528137207,0.31195804476737976,0.7431445717811584,0.29802465438842773,0.7777509689331055,0.4558252990245819,0.7393399477005005,0.4272696375846863,0.7758241891860962,0.5718370079994202,0.738998293876648,0.5465011596679688
person_nn_835.jpg,0.9190243482589722,0.49814698100090027,0.9334244728088379,0.48063161969184875,0.9082465767860413,0.47463786602020264,0.0,0.0,0.8816700577735901,0.44908222556114197,0.9596235156059265,0.5097911357879639,0.8398153185844421,0.5114043354988098,0.968693196773529,0.6472291350364685,0.813220739364624,0.6777548789978027,0.9433161020278931,0.7033559679985046,0.8683234453201294,0.7409785985946655,0.9257170557975769,0.7291319370269775,0.8374926447868347,0.7275498509407043,0.9377692937850952,0.8522699475288391,0.7898567318916321,0.8484897613525391,0.0,0.0,0.767322838306427,0.9595701098442078
person_nn_836.jpg,0.7756757736206055,0.04824572429060936,0.7852283120155334,0.03867176175117493,0.7723804116249084,0.034769847989082336,0.8037562966346741,0.04881976917386055,0.0,0.0,0.8146197199821472,0.12319726496934891,0.7562755346298218,0.10798029601573944,0.8140953183174133,0.1909376084804535,0.730843722820282,0.18871161341667175,0.7711141705513,0.1361662596464157,0.7339875102043152,0.19589172303676605,0.7817881107330322,0.3062448501586914,0.7438574433326721,0.2934158742427826,0.774894118309021,0.4524553418159485,0.7410656213760376,0.426706999540329,0.7746708989143372,0.568971574306488,0.743806779384613,0.5462337732315063
person_nn_837.jpg,0.7761932015419006,0.04836417734622955,0.7861919403076172,0.038947492837905884,0.7733755111694336,0.035255469381809235,0.8041708469390869,0.04894312471151352,0.0,0.0,0.812778115272522,0.11719511449337006,0.7588275671005249,0.10459040850400925,0.8070122003555298,0.1803591102361679,0.7359988689422607,0.18683671951293945,0.7656774520874023,0.11923811584711075,0.7340664863586426,0.19433359801769257,0.7842559814453125,0.3006405532360077,0.7482478022575378,0.28890401124954224,0.7763491272926331,0.4480326473712921,0.7441444396972656,0.4231618642807007,0.7753762006759644,0.5717647671699524,0.7439954876899719,0.5497608780860901
person_nn_838.jpg,0.7768476605415344,0.04756348580121994,0.7850432395935059,0.03943115100264549,0.772840142250061,0.03601972758769989,0.8008630275726318,0.047680702060461044,0.0,0.0,0.810764729976654,0.11611160635948181,0.7545445561408997,0.10467765480279922,0.8082295060157776,0.17446427047252655,0.7279455661773682,0.18212448060512543,0.7699394822120667,0.11684826016426086,0.7353983521461487,0.1811927855014801,0.7821092009544373,0.2996601462364197,0.7457261681556702,0.2896275520324707,0.7734282612800598,0.44023290276527405,0.7434803247451782,0.41949036717414856,0.7714356184005737,0.5664548873901367,0.7440098524093628,0.5475801825523376
person_nn_839.jpg,0.9137991666793823,0.49723079800605774,0.9293546080589294,0.4792228639125824,0.9035489559173584,0.4716913402080536,0.9485086798667908,0.46356818079948425,0.882793128490448,0.44502684473991394,0.9589613080024719,0.5260337591171265,0.8447167873382568,0.5090761184692383,0.9650503993034363,0.685207724571228,0.8223362565040588,0.6724807024002075,0.9424814581871033,0.7419437766075134,0.8777275085449219,0.7366622090339661,0.9138720631599426,0.7654978632926941,0.836215615272522,0.7537579536437988,0.8884157538414001,0.8876236081123352,0.7907273769378662,0.8742417693138123,0.0,0.0,0.0,0.0
person_nn_840.jpg,0.7768476605415344,0.04756348580121994,0.7850432395935059,0.03943115100264549,0.772840142250061,0.03601972758769989,0.8008630275726318,0.047680702060461044,0.0,0.0,0.810764729976654,0.11611160635948181,0.7545445561408997,0.10467765480279922,0.8082295060157776,0.17446427047252655,0.7279455661773682,0.18212448060512543,0.7699394822120667,0.11684826016426086,0.7353983521461487,0.1811927855014801,0.7821092009544373,0.2996601462364197,0.7457261681556702,0.2896275520324707,0.7734282612800598,0.44023290276527405,0.7434803247451782,0.41949036717414856,0.7714356184005737,0.5664548873901367,0.7440098524093628,0.5475801825523376
person_nn_841.jpg,0.9137991666793823,0.49723079800605774,0.9293546080589294,0.4792228639125824,0.9035489559173584,0.4716913402080536,0.9485086798667908,0.46356818079948425,0.882793128490448,0.44502684473991394,0.9589613080024719,0.5260337591171265,0.8447167873382568,0.5090761184692383,0.9650503993034363,0.685207724571228,0.8223362565040588,0.6724807024002075,0.9424814581871033,0.7419437766075134,0.8777275085449219,0.7366622090339661,0.9138720631599426,0.7654978632926941,0.836215615272522,0.7537579536437988,0.8884157538414001,0.8876236081123352,0.7907273769378662,0.8742417693138123,0.0,0.0,0.0,0.0
person_nn_842.jpg,0.9158953428268433,0.4995816648006439,0.9307036995887756,0.48153138160705566,0.904715359210968,0.47449105978012085,0.0,0.0,0.8795722723007202,0.44875118136405945,0.956233024597168,0.5182536840438843,0.8385542035102844,0.5106108784675598,0.9607444405555725,0.6692471504211426,0.8108720183372498,0.6793315410614014,0.933648407459259,0.7205297350883484,0.8713082671165466,0.7377674579620361,0.9138361215591431,0.7469078302383423,0.8311363458633423,0.738994836807251,0.8957823514938354,0.8904640674591064,0.7822085022926331,0.8794011473655701,0.0,0.0,0.0,0.0
person_nn_843.jpg,0.7738332748413086,0.043657336384058,0.7821500897407532,0.036050934344530106,0.7707563638687134,0.03292416036128998,0.8004646897315979,0.041998960077762604,0.0,0.0,0.8115957379341125,0.10673206299543381,0.7553642988204956,0.09712721407413483,0.8006025552749634,0.1667902022600174,0.7260677218437195,0.17903120815753937,0.7616826295852661,0.10340926051139832,0.7346130609512329,0.16654889285564423,0.7823969721794128,0.3004506230354309,0.7455592155456543,0.29099321365356445,0.7742714285850525,0.4438503384590149,0.7437582612037659,0.422603577375412,0.7701082825660706,0.5698598027229309,0.7457469701766968,0.5464619994163513
person_nn_844.jpg,0.9165306687355042,0.49823978543281555,0.9314666390419006,0.4802325963973999,0.905385434627533,0.47287866473197937,0.0,0.0,0.8797171115875244,0.4497794508934021,0.9544795751571655,0.5264960527420044,0.8395938873291016,0.5141518712043762,0.959865152835846,0.6728081107139587,0.8105430603027344,0.6757621169090271,0.9377213716506958,0.7243311405181885,0.8652169704437256,0.7382615804672241,0.9097268581390381,0.7519343495368958,0.8300811648368835,0.7413980960845947,0.8867867588996887,0.8921009302139282,0.7838634252548218,0.876466691493988,0.0,0.0,0.0,0.0
person_nn_845.jpg,0.9183127284049988,0.4968340992927551,0.9315652251243591,0.47939279675483704,0.906680166721344,0.4725779592990875,0.0,0.0,0.8773251175880432,0.4437052011489868,0.9487950801849365,0.5175081491470337,0.837626039981842,0.5068038105964661,0.9589511752128601,0.6668581366539001,0.8101597428321838,0.6715155243873596,0.9321936964988708,0.718926727771759,0.8626453876495361,0.7378690838813782,0.9066087603569031,0.7399667501449585,0.8302209377288818,0.7302486896514893,0.8851935863494873,0.8792734742164612,0.7828031778335571,0.8676276803016663,0.0,0.0,0.0,0.0
person_nn_846.jpg,0.7689945101737976,0.04060772806406021,0.7758676409721375,0.03398830443620682,0.7657613158226013,0.03191561996936798,0.791805624961853,0.03902778774499893,0.0,0.0,0.8037609457969666,0.09860718995332718,0.75341796875,0.09398271888494492,0.7891152501106262,0.14298005402088165,0.7316797375679016,0.16561536490917206,0.7546124458312988,0.07122674584388733,0.7387186288833618,0.14206677675247192,0.7797693610191345,0.29593411087989807,0.7453919053077698,0.28826433420181274,0.7730889320373535,0.4460674524307251,0.7428151965141296,0.4253065884113312,0.770330011844635,0.5729705691337585,0.7468608617782593,0.547335684299469
person_nn_847.jpg,0.9180870652198792,0.49776676297187805,0.9317436814308167,0.4798290431499481,0.9061532020568848,0.47280624508857727,0.0,0.0,0.8767656087875366,0.44306737184524536,0.9505201578140259,0.5197309851646423,0.8383469581604004,0.507382869720459,0.9609636068344116,0.6715493202209473,0.8105181455612183,0.6723959445953369,0.9323310256004333,0.7170976996421814,0.8654590249061584,0.7320941090583801,0.910129964351654,0.7396162748336792,0.832349956035614,0.7294731140136719,0.8944540619850159,0.8788633346557617,0.7839560508728027,0.865561306476593,0.0,0.0,0.0,0.0
person_nn_848.jpg,0.9180870652198792,0.49776676297187805,0.9317436814308167,0.4798290431499481,0.9061532020568848,0.47280624508857727,0.0,0.0,0.8767656087875366,0.44306737184524536,0.9505201578140259,0.5197309851646423,0.8383469581604004,0.507382869720459,0.9609636068344116,0.6715493202209473,0.8105181455612183,0.6723959445953369,0.9323310256004333,0.7170976996421814,0.8654590249061584,0.7320941090583801,0.910129964351654,0.7396162748336792,0.832349956035614,0.7294731140136719,0.8944540619850159,0.8788633346557617,0.7839560508728027,0.865561306476593,0.0,0.0,0.0,0.0
person_nn_849.jpg,0.9169348478317261,0.49942129850387573,0.9313621520996094,0.48214223980903625,0.9052621126174927,0.4739929139614105,0.0,0.0,0.8766924738883972,0.4421694874763489,0.9498767256736755,0.5144842267036438,0.8377079367637634,0.502878725528717,0.9615940451622009,0.6660047173500061,0.8104320764541626,0.6724075675010681,0.9310128688812256,0.7162905931472778,0.8655469417572021,0.7350189685821533,0.9072009325027466,0.7341898083686829,0.8308173418045044,0.7237293720245361,0.8823316097259521,0.8786851763725281,0.7846550345420837,0.866092324256897,0.0,0.0,0.0,0.0
person_nn_850.jpg,0.9161996245384216,0.4968474805355072,0.9309273362159729,0.4794454872608185,0.9041776061058044,0.4710823595523834,0.0,0.0,0.8748853802680969,0.4424231946468353,0.9477957487106323,0.5207777619361877,0.8356127738952637,0.5080333352088928,0.9599526524543762,0.670324981212616,0.8108064532279968,0.6751284599304199,0.9328645467758179,0.7187435030937195,0.8674348592758179,0.7341119050979614,0.9053714275360107,0.7373521327972412,0.8282960653305054,0.7271304726600647,0.8854233622550964,0.8782070875167847,0.7834059000015259,0.8665685057640076,0.0,0.0,0.0,0.0
person_nn_851.jpg,0.771976113319397,0.0451727956533432,0.7798707485198975,0.036349568516016006,0.7692208886146545,0.03395334631204605,0.7961896061897278,0.04460069537162781,0.0,0.0,0.8052721619606018,0.10550916939973831,0.7593244910240173,0.10152038931846619,0.7905787229537964,0.14868266880512238,0.7372434735298157,0.15235011279582977,0.7434171438217163,0.08513379842042923,0.729567289352417,0.08889405429363251,0.7793505191802979,0.2983914315700531,0.7472020387649536,0.2903963625431061,0.7718017101287842,0.44365423917770386,0.7420641183853149,0.4240177273750305,0.7712875008583069,0.5743042230606079,0.7427481412887573,0.5414836406707764
person_nn_852.jpg,0.769388735294342,0.037902966141700745,0.7768523097038269,0.029085673391819,0.7658734321594238,0.02910626493394375,0.7939428091049194,0.03595305234193802,0.0,0.0,0.8054020404815674,0.10119364410638809,0.7558625340461731,0.09939928352832794,0.7909907102584839,0.1460258811712265,0.729163408279419,0.15209928154945374,0.7404628992080688,0.08195702731609344,0.724151611328125,0.09896445274353027,0.7757561206817627,0.29663047194480896,0.7417141795158386,0.2886282801628113,0.7692787647247314,0.4467458128929138,0.7395689487457275,0.4260323941707611,0.7687333822250366,0.5739154815673828,0.7440987229347229,0.5394505858421326
person_nn_853.jpg,0.9171741008758545,0.4964669346809387,0.9308401346206665,0.47854796051979065,0.9046229720115662,0.4720029830932617,0.0,0.0,0.8740454912185669,0.4448949694633484,0.9477928280830383,0.5209389328956604,0.835725724697113,0.5134124755859375,0.9591018557548523,0.6655450463294983,0.8111911416053772,0.6753890514373779,0.932290256023407,0.7173537015914917,0.8668720722198486,0.7320546507835388,0.910210907459259,0.7331393957138062,0.8309831023216248,0.7266734838485718,0.9074626564979553,0.8696591258049011,0.7847520709037781,0.8630140423774719,0.0,0.0,0.0,0.0
person_nn_854.jpg,0.9187438488006592,0.49785521626472473,0.9319772124290466,0.4803459048271179,0.9063673615455627,0.4746299684047699,0.0,0.0,0.8757239580154419,0.4484904110431671,0.9454146027565002,0.5155569314956665,0.8381354808807373,0.5119143128395081,0.9594781398773193,0.6569002270698547,0.8105016350746155,0.6754812598228455,0.9310683608055115,0.7130013704299927,0.8624884486198425,0.736720860004425,0.9015652537345886,0.7335023880004883,0.8299129009246826,0.7260229587554932,0.8669449687004089,0.8681777119636536,0.7846937775611877,0.8618819117546082,0.0,0.0,0.0,0.0
person_nn_855.jpg,0.7705070972442627,0.045752573758363724,0.7790098786354065,0.03595832362771034,0.7670108675956726,0.03404972702264786,0.7958728075027466,0.044346507638692856,0.0,0.0,0.8043968081474304,0.10745901614427567,0.7536266446113586,0.10462263971567154,0.7887941598892212,0.14840584993362427,0.7242536544799805,0.15194837749004364,0.739931046962738,0.07503015547990799,0.715478777885437,0.08476991206407547,0.7801236510276794,0.3083314895629883,0.7451385855674744,0.3018963038921356,0.7721262574195862,0.45235487818717957,0.7409988045692444,0.43656718730926514,0.7718268632888794,0.574273943901062,0.7441669702529907,0.5495623350143433
person_nn_856.jpg,0.9171639680862427,0.4978192150592804,0.9304423928260803,0.4802089035511017,0.9048713445663452,0.47438719868659973,0.0,0.0,0.8752666115760803,0.4480744004249573,0.947852373123169,0.5172113180160522,0.837361752986908,0.5114215016365051,0.964421808719635,0.6640450358390808,0.8105151057243347,0.6763545274734497,0.9354249835014343,0.7143611907958984,0.865575909614563,0.7338435053825378,0.9057047367095947,0.7375950813293457,0.8305812478065491,0.7297958731651306,0.877784013748169,0.8743385076522827,0.7825708985328674,0.8678603172302246,0.0,0.0,0.0,0.0
person_nn_857.jpg,0.7700255513191223,0.04723877087235451,0.7799612283706665,0.03486796095967293,0.7675914764404297,0.03432066738605499,0.7989151477813721,0.04160119965672493,0.0,0.0,0.8080897927284241,0.1040952280163765,0.7576448917388916,0.10617323219776154,0.789551854133606,0.14978528022766113,0.7255486845970154,0.15501095354557037,0.7391021847724915,0.08418962359428406,0.7176159620285034,0.08714278787374496,0.7857409715652466,0.3051140010356903,0.7510172724723816,0.30079513788223267,0.7757133841514587,0.44646793603897095,0.7452181577682495,0.4325046241283417,0.7771318554878235,0.569493293762207,0.7500852942466736,0.5458296537399292
person_nn_858.jpg,0.9171639680862427,0.4978192150592804,0.9304423928260803,0.4802089035511017,0.9048713445663452,0.47438719868659973,0.0,0.0,0.8752666115760803,0.4480744004249573,0.947852373123169,0.5172113180160522,0.837361752986908,0.5114215016365051,0.964421808719635,0.6640450358390808,0.8105151057243347,0.6763545274734497,0.9354249835014343,0.7143611907958984,0.865575909614563,0.7338435053825378,0.9057047367095947,0.7375950813293457,0.8305812478065491,0.7297958731651306,0.877784013748169,0.8743385076522827,0.7825708985328674,0.8678603172302246,0.0,0.0,0.0,0.0
person_nn_859.jpg,0.7700255513191223,0.04723877087235451,0.7799612283706665,0.03486796095967293,0.7675914764404297,0.03432066738605499,0.7989151477813721,0.04160119965672493,0.0,0.0,0.8080897927284241,0.1040952280163765,0.7576448917388916,0.10617323219776154,0.789551854133606,0.14978528022766113,0.7255486845970154,0.15501095354557037,0.7391021847724915,0.08418962359428406,0.7176159620285034,0.08714278787374496,0.7857409715652466,0.3051140010356903,0.7510172724723816,0.30079513788223267,0.7757133841514587,0.44646793603897095,0.7452181577682495,0.4325046241283417,0.7771318554878235,0.569493293762207,0.7500852942466736,0.5458296537399292
person_nn_860.jpg,0.9155784249305725,0.5043843984603882,0.9317015409469604,0.4861001670360565,0.9035903811454773,0.478122353553772,0.9520958065986633,0.46449756622314453,0.8791711330413818,0.4457783102989197,0.9573239684104919,0.5237562656402588,0.8401012420654297,0.5154224038124084,0.9702730774879456,0.677112877368927,0.8136314153671265,0.6859786510467529,0.9339396357536316,0.7141740322113037,0.8807796239852905,0.726288378238678,0.917345404624939,0.745386004447937,0.8364454507827759,0.7391241192817688,0.9069645404815674,0.858254611492157,0.7861445546150208,0.8586636185646057,0.0,0.0,0.7463485598564148,0.9657588601112366
person_nn_861.jpg,0.7695755958557129,0.046045977622270584,0.7795295119285583,0.03301792964339256,0.7663440704345703,0.0329909585416317,0.7987585663795471,0.03881451115012169,0.0,0.0,0.8109597563743591,0.1047426387667656,0.7522590756416321,0.10461852699518204,0.7911437749862671,0.15235692262649536,0.7138028740882874,0.14827768504619598,0.7377434372901917,0.08649380505084991,0.7134129405021667,0.08003001660108566,0.7896329164505005,0.3155624270439148,0.7493203282356262,0.31107017397880554,0.7777604460716248,0.4555222690105438,0.7390575408935547,0.4411817789077759,0.782749593257904,0.5705909729003906,0.7510926723480225,0.545401930809021
person_nn_862.jpg,0.9194505214691162,0.5062307119369507,0.9340135455131531,0.489168643951416,0.9092639088630676,0.4809562563896179,0.0,0.0,0.8843057155609131,0.44644659757614136,0.9510741829872131,0.5277673006057739,0.8429408073425293,0.5157206654548645,0.9611177444458008,0.6803739070892334,0.8168392777442932,0.6835051774978638,0.9346617460250854,0.7182432413101196,0.8808698654174805,0.7282957434654236,0.9078110456466675,0.7560141682624817,0.8336541652679443,0.7483634948730469,0.8969855904579163,0.8599748611450195,0.7881098985671997,0.8578907251358032,0.0,0.0,0.0,0.0
person_nn_863.jpg,0.9232292771339417,0.5076428055763245,0.9359198808670044,0.4875788986682892,0.9117943048477173,0.4826156497001648,0.0,0.0,0.8814724683761597,0.4480275511741638,0.9500448107719421,0.5275710821151733,0.841528058052063,0.5223637819290161,0.9592317938804626,0.677298903465271,0.8185121417045593,0.6870943903923035,0.9363806843757629,0.7191062569618225,0.8885544538497925,0.7304699420928955,0.914541482925415,0.7636377215385437,0.8369545936584473,0.760118842124939,0.9234055280685425,0.861682653427124,0.7870775461196899,0.861904501914978,0.0,0.0,0.0,0.0
person_nn_864.jpg,0.9242745637893677,0.5043389201164246,0.937370777130127,0.48418059945106506,0.9121778011322021,0.4787001609802246,0.0,0.0,0.8810186982154846,0.4469657838344574,0.9510821104049683,0.5230770111083984,0.8386828899383545,0.5204595923423767,0.9614934325218201,0.6723100543022156,0.8141594529151917,0.6883098483085632,0.9363099932670593,0.7188129425048828,0.8888077735900879,0.7310795187950134,0.9129575490951538,0.7428826093673706,0.8337755799293518,0.7403352856636047,0.9169633388519287,0.8512697219848633,0.7935212850570679,0.8517516851425171,0.0,0.0,0.7531040906906128,0.9633203148841858
person_nn_865.jpg,0.7681944370269775,0.04099281504750252,0.7757129073143005,0.03281820937991142,0.7651500701904297,0.0320800356566906,0.7936782240867615,0.04187272861599922,0.0,0.0,0.8065965175628662,0.10595925897359848,0.7547276616096497,0.100435771048069,0.7926708459854126,0.13778555393218994,0.7221346497535706,0.12897361814975739,0.7336855530738831,0.08773693442344666,0.7121511101722717,0.08513122797012329,0.7809731364250183,0.3065090775489807,0.7449315786361694,0.29757899045944214,0.7752781510353088,0.4469296336174011,0.7403882145881653,0.4267137050628662,0.7752718329429626,0.5663039088249207,0.7428111433982849,0.5356088876724243
person_nn_866.jpg,0.9242745637893677,0.5043389201164246,0.937370777130127,0.48418059945106506,0.9121778011322021,0.4787001609802246,0.0,0.0,0.8810186982154846,0.4469657838344574,0.9510821104049683,0.5230770111083984,0.8386828899383545,0.5204595923423767,0.9614934325218201,0.6723100543022156,0.8141594529151917,0.6883098483085632,0.9363099932670593,0.7188129425048828,0.8888077735900879,0.7310795187950134,0.9129575490951538,0.7428826093673706,0.8337755799293518,0.7403352856636047,0.9169633388519287,0.8512697219848633,0.7935212850570679,0.8517516851425171,0.0,0.0,0.7531040906906128,0.9633203148841858
person_nn_867.jpg,0.7681944370269775,0.04099281504750252,0.7757129073143005,0.03281820937991142,0.7651500701904297,0.0320800356566906,0.7936782240867615,0.04187272861599922,0.0,0.0,0.8065965175628662,0.10595925897359848,0.7547276616096497,0.100435771048069,0.7926708459854126,0.13778555393218994,0.7221346497535706,0.12897361814975739,0.7336855530738831,0.08773693442344666,0.7121511101722717,0.08513122797012329,0.7809731364250183,0.3065090775489807,0.7449315786361694,0.29757899045944214,0.7752781510353088,0.4469296336174011,0.7403882145881653,0.4267137050628662,0.7752718329429626,0.5663039088249207,0.7428111433982849,0.5356088876724243
person_nn_868.jpg,0.9238145351409912,0.5022279024124146,0.9371550679206848,0.4818391799926758,0.911578893661499,0.4757353663444519,0.0,0.0,0.8793279528617859,0.44452884793281555,0.9489213228225708,0.5242772698402405,0.8379465937614441,0.5214893817901611,0.9606843590736389,0.6728799343109131,0.8164126873016357,0.6917829513549805,0.9360892176628113,0.7202193737030029,0.8910760879516602,0.7333648204803467,0.9105831980705261,0.7518922686576843,0.8337469696998596,0.7479337453842163,0.9004335999488831,0.8621395826339722,0.7913064360618591,0.8596908450126648,0.0,0.0,0.7535150051116943,0.9587851762771606
person_nn_869.jpg,0.7650843262672424,0.04493078216910362,0.775182843208313,0.034394580870866776,0.7657997608184814,0.03442084416747093,0.7993097901344299,0.042545028030872345,0.0,0.0,0.8114486336708069,0.10295524448156357,0.7680512070655823,0.09754210710525513,0.7861360907554626,0.14020787179470062,0.739641010761261,0.12919393181800842,0.7291091084480286,0.08579405397176743,0.71266770362854,0.08435193449258804,0.7850828766822815,0.3115237057209015,0.7532678842544556,0.30208271741867065,0.7778262495994568,0.4403943419456482,0.7409650087356567,0.42197248339653015,0.7780359983444214,0.5678334832191467,0.745816171169281,0.53988116979599
person_nn_870.jpg,0.9237928986549377,0.5036659240722656,0.9365295767784119,0.4835558533668518,0.9121407270431519,0.47814813256263733,0.0,0.0,0.8830662369728088,0.4504791796207428,0.9484162926673889,0.5374810099601746,0.8423158526420593,0.5321289300918579,0.9563677906990051,0.6818233132362366,0.8205627799034119,0.6922534108161926,0.9364342093467712,0.721683919429779,0.8901839852333069,0.7322795391082764,0.9115363359451294,0.7785278558731079,0.8368325233459473,0.7751021385192871,0.9097902178764343,0.8701281547546387,0.7917764186859131,0.8727513551712036,0.0,0.0,0.0,0.0
person_nn_871.jpg,0.7667292952537537,0.04283595085144043,0.7769372463226318,0.03319520130753517,0.7658389806747437,0.0320369228720665,0.7988102436065674,0.04123577103018761,0.0,0.0,0.810810923576355,0.09685942530632019,0.7602332830429077,0.09223001450300217,0.791103184223175,0.1407008320093155,0.7327338457107544,0.13338567316532135,0.732763409614563,0.0891655758023262,0.7148030996322632,0.08881843090057373,0.787306547164917,0.3046148121356964,0.7517393231391907,0.29636746644973755,0.775678813457489,0.43653371930122375,0.7418341040611267,0.41999688744544983,0.7737778425216675,0.5683768391609192,0.7477178573608398,0.542839765548706
person_nn_872.jpg,0.9271246790885925,0.5050002932548523,0.9381071925163269,0.48428237438201904,0.9149215221405029,0.4812898635864258,0.0,0.0,0.8824110627174377,0.45201513171195984,0.9470238089561462,0.5277823209762573,0.8414141535758972,0.5271081924438477,0.9562685489654541,0.674563467502594,0.8200196027755737,0.6870371699333191,0.9381544589996338,0.7207621932029724,0.8895301222801208,0.7318658232688904,0.9103776812553406,0.771300733089447,0.8359206914901733,0.7702555656433105,0.9087291955947876,0.871544599533081,0.7889664173126221,0.8783898949623108,0.0,0.0,0.0,0.0
person_nn_873.jpg,0.7689729332923889,0.04574742540717125,0.7783043384552002,0.035267870873212814,0.7653687000274658,0.033579546958208084,0.7959123253822327,0.042462922632694244,0.0,0.0,0.8067090511322021,0.10173258185386658,0.7524195313453674,0.10264497250318527,0.7905925512313843,0.14199332892894745,0.7190356850624084,0.14896327257156372,0.7355173230171204,0.09742322564125061,0.7078981995582581,0.09400279819965363,0.783984363079071,0.3017681837081909,0.7468265295028687,0.29594293236732483,0.7734023332595825,0.43970999121665955,0.7401372194290161,0.4212704598903656,0.7738409042358398,0.5670393109321594,0.7444218397140503,0.5315259099006653
person_nn_874.jpg,0.9238494038581848,0.5038445591926575,0.936384379863739,0.4839496314525604,0.9122546315193176,0.4789135158061981,0.0,0.0,0.8816285729408264,0.4473624527454376,0.9476290345191956,0.5277815461158752,0.8401939272880554,0.526502788066864,0.9567163586616516,0.6700273752212524,0.818947970867157,0.6868835687637329,0.9408555030822754,0.725780725479126,0.8901208639144897,0.7315873503684998,0.9110774397850037,0.7725641131401062,0.8363114595413208,0.7704710364341736,0.9024139046669006,0.8669712543487549,0.7861124873161316,0.8718841671943665,0.0,0.0,0.0,0.0
person_nn_875.jpg,0.9238494038581848,0.5038445591926575,0.936384379863739,0.4839496314525604,0.9122546315193176,0.4789135158061981,0.0,0.0,0.8816285729408264,0.4473624527454376,0.9476290345191956,0.5277815461158752,0.8401939272880554,0.526502788066864,0.9567163586616516,0.6700273752212524,0.818947970867157,0.6868835687637329,0.9408555030822754,0.725780725479126,0.8901208639144897,0.7315873503684998,0.9110774397850037,0.7725641131401062,0.8363114595413208,0.7704710364341736,0.9024139046669006,0.8669712543487549,0.7861124873161316,0.8718841671943665,0.0,0.0,0.0,0.0
person_nn_876.jpg,0.924159586429596,0.5032362341880798,0.9363301992416382,0.48350733518600464,0.9118810296058655,0.4786776602268219,0.0,0.0,0.8795891404151917,0.4486219882965088,0.9471064209938049,0.5293532013893127,0.8398087620735168,0.5265785455703735,0.9554818272590637,0.6706740856170654,0.8185380101203918,0.6847145557403564,0.9413341283798218,0.7242969870567322,0.8902688026428223,0.7311343550682068,0.9134705066680908,0.7797967791557312,0.8371943235397339,0.7773747444152832,0.9134389758110046,0.8724431395530701,0.7873162031173706,0.8739089965820312,0.0,0.0,0.0,0.0
person_nn_877.jpg,0.9211438894271851,0.501220703125,0.9344383478164673,0.48232924938201904,0.9095626473426819,0.4763672351837158,0.0,0.0,0.881332278251648,0.4477604031562805,0.9490020275115967,0.5332483649253845,0.8406689167022705,0.5262249112129211,0.9562011361122131,0.677310585975647,0.8187369108200073,0.684374213218689,0.9381370544433594,0.7252714037895203,0.8889239430427551,0.732355535030365,0.9114131331443787,0.777396023273468,0.8354620933532715,0.7729283571243286,0.9043835401535034,0.8674595355987549,0.7864336371421814,0.8691447973251343,0.0,0.0,0.0,0.0
person_nn_878.jpg,0.9221887588500977,0.501956045627594,0.9350675344467163,0.4825330674648285,0.9109315872192383,0.4769369959831238,0.0,0.0,0.8826406598091125,0.44793614745140076,0.9485611915588379,0.5316147804260254,0.8415781855583191,0.5282054543495178,0.9557543992996216,0.6695414781570435,0.818461000919342,0.6832967400550842,0.9378983378410339,0.7247865796089172,0.8854268789291382,0.7328243255615234,0.9106536507606506,0.7691739201545715,0.8360604643821716,0.7658898830413818,0.9023007750511169,0.864132285118103,0.7852980494499207,0.8672282695770264,0.0,0.0,0.0,0.0
person_nn_879.jpg,0.9208352565765381,0.5024375319480896,0.9344224333763123,0.48341673612594604,0.9095531702041626,0.47708266973495483,0.0,0.0,0.88206547498703,0.44661635160446167,0.9516233205795288,0.5316485166549683,0.8401913642883301,0.5235015153884888,0.9587277770042419,0.6770879626274109,0.8174054622650146,0.6816461086273193,0.9343703985214233,0.7254024147987366,0.8844835162162781,0.7338235378265381,0.9127740859985352,0.7717970013618469,0.8352876305580139,0.7663542628288269,0.9022465348243713,0.8670687079429626,0.7833831310272217,0.8681774735450745,0.0,0.0,0.0,0.0
person_nn_880.jpg,0.9170055985450745,0.5009251236915588,0.9323330521583557,0.48262500762939453,0.9060395956039429,0.4741162061691284,0.0,0.0,0.8824930787086487,0.4443909227848053,0.9536013007164001,0.5368734002113342,0.8431956171989441,0.5210427045822144,0.9602078795433044,0.6830459237098694,0.816393256187439,0.6767842173576355,0.9336589574813843,0.7228455543518066,0.8757091164588928,0.7353057265281677,0.9088274836540222,0.7672870755195618,0.8353362083435059,0.756039559841156,0.8756901025772095,0.8728016018867493,0.78173828125,0.8656992316246033,0.0,0.0,0.0,0.0
person_nn_881.jpg,0.9170055985450745,0.5009251236915588,0.9323330521583557,0.48262500762939453,0.9060395956039429,0.4741162061691284,0.0,0.0,0.8824930787086487,0.4443909227848053,0.9536013007164001,0.5368734002113342,0.8431956171989441,0.5210427045822144,0.9602078795433044,0.6830459237098694,0.816393256187439,0.6767842173576355,0.9336589574813843,0.7228455543518066,0.8757091164588928,0.7353057265281677,0.9088274836540222,0.7672870755195618,0.8353362083435059,0.756039559841156,0.8756901025772095,0.8728016018867493,0.78173828125,0.8656992316246033,0.0,0.0,0.0,0.0
person_nn_882.jpg,0.918977677822113,0.5007537603378296,0.9310151934623718,0.48266687989234924,0.9088239669799805,0.47587859630584717,0.0,0.0,0.8797865509986877,0.4436764419078827,0.938650906085968,0.5242753624916077,0.8361007571220398,0.5129557251930237,0.9466068148612976,0.6762629151344299,0.813086748123169,0.6722663640975952,0.931605875492096,0.7199307680130005,0.8694730401039124,0.7344028353691101,0.9028574824333191,0.7398930191993713,0.829282820224762,0.7352489829063416,0.9051529765129089,0.8541962504386902,0.7814415693283081,0.8586786985397339,0.0,0.0,0.750466525554657,0.9744271636009216
person_nn_883.jpg,0.9147380590438843,0.49885860085487366,0.9289024472236633,0.4807848632335663,0.9046542644500732,0.4727945327758789,0.0,0.0,0.8797153830528259,0.4423883557319641,0.9422301054000854,0.5301764011383057,0.8355022668838501,0.5185593366622925,0.9503356218338013,0.6769623160362244,0.8117682337760925,0.6727977395057678,0.9307503700256348,0.7164668440818787,0.8673478960990906,0.7320747971534729,0.9083360433578491,0.7293239831924438,0.8314242959022522,0.72672039270401,0.9219666123390198,0.8356573581695557,0.7858284711837769,0.8479147553443909,0.0,0.0,0.7550572752952576,0.9790797829627991
person_nn_884.jpg,0.9139650464057922,0.503619372844696,0.9288216233253479,0.4839736819267273,0.9031260013580322,0.4783484935760498,0.0,0.0,0.8792784214019775,0.4419829845428467,0.9485892057418823,0.5222817659378052,0.8350024819374084,0.5194513201713562,0.9546483755111694,0.6701462864875793,0.8146317601203918,0.6783491969108582,0.932677149772644,0.7150042057037354,0.8694551587104797,0.730410635471344,0.9182249903678894,0.7294266819953918,0.8363412022590637,0.7335996031761169,0.9503743052482605,0.7946770787239075,0.791898787021637,0.8221192359924316,0.0,0.0,0.7541783452033997,0.9822416305541992
person_nn_885.jpg,0.9114221930503845,0.4984000027179718,0.9255532026290894,0.4814766049385071,0.9028006196022034,0.47308650612831116,0.0,0.0,0.8807381391525269,0.4336022436618805,0.9346022009849548,0.5132116079330444,0.8347347974777222,0.5031564235687256,0.0,0.0,0.8113878965377808,0.6698992848396301,0.9185120463371277,0.7141813635826111,0.8644593954086304,0.7314851880073547,0.9000222682952881,0.7194849848747253,0.8267492055892944,0.7202608585357666,0.9250039458274841,0.822661280632019,0.7880868315696716,0.8442996740341187,0.0,0.0,0.755623459815979,0.9881080389022827
person_nn_886.jpg,0.7766614556312561,0.052412308752536774,0.7822588682174683,0.04232868179678917,0.7707951664924622,0.04141640663146973,0.7914644479751587,0.046122096478939056,0.761456310749054,0.04467928782105446,0.802096962928772,0.10405658185482025,0.7479466199874878,0.1005026176571846,0.8007779717445374,0.1813679188489914,0.7397655248641968,0.17603443562984467,0.7462522983551025,0.16474081575870514,0.7836106419563293,0.16047365963459015,0.781931459903717,0.27785131335258484,0.7448307871818542,0.2740148603916168,0.774520218372345,0.42224597930908203,0.7432161569595337,0.41373515129089355,0.7754220366477966,0.5596010684967041,0.7426910996437073,0.5456513166427612
person_nn_887.jpg,0.9114221930503845,0.4984000027179718,0.9255532026290894,0.4814766049385071,0.9028006196022034,0.47308650612831116,0.0,0.0,0.8807381391525269,0.4336022436618805,0.9346022009849548,0.5132116079330444,0.8347347974777222,0.5031564235687256,0.0,0.0,0.8113878965377808,0.6698992848396301,0.9185120463371277,0.7141813635826111,0.8644593954086304,0.7314851880073547,0.9000222682952881,0.7194849848747253,0.8267492055892944,0.7202608585357666,0.9250039458274841,0.822661280632019,0.7880868315696716,0.8442996740341187,0.0,0.0,0.755623459815979,0.9881080389022827
person_nn_888.jpg,0.7766614556312561,0.052412308752536774,0.7822588682174683,0.04232868179678917,0.7707951664924622,0.04141640663146973,0.7914644479751587,0.046122096478939056,0.761456310749054,0.04467928782105446,0.802096962928772,0.10405658185482025,0.7479466199874878,0.1005026176571846,0.8007779717445374,0.1813679188489914,0.7397655248641968,0.17603443562984467,0.7462522983551025,0.16474081575870514,0.7836106419563293,0.16047365963459015,0.781931459903717,0.27785131335258484,0.7448307871818542,0.2740148603916168,0.774520218372345,0.42224597930908203,0.7432161569595337,0.41373515129089355,0.7754220366477966,0.5596010684967041,0.7426910996437073,0.5456513166427612
person_nn_889.jpg,0.9090462327003479,0.5005640983581543,0.9238848686218262,0.48556268215179443,0.9013521075248718,0.4757918417453766,0.0,0.0,0.8819820284843445,0.43424785137176514,0.9353601932525635,0.5154752135276794,0.8377155065536499,0.49913427233695984,0.9378747940063477,0.6791397929191589,0.8190173506736755,0.6680010557174683,0.9277744293212891,0.7143924236297607,0.8672747611999512,0.725958526134491,0.9044768214225769,0.723869264125824,0.8316934108734131,0.7232794761657715,0.9400363564491272,0.7947654724121094,0.7932782173156738,0.816994309425354,0.0,0.0,0.7489821314811707,0.9805948734283447
person_nn_890.jpg,0.7769647836685181,0.057253871113061905,0.7841259241104126,0.04669099301099777,0.7710477113723755,0.0447261705994606,0.79448002576828,0.050989750772714615,0.7609973549842834,0.046426646411418915,0.8044779300689697,0.11058179289102554,0.7467752695083618,0.10276532173156738,0.8017462491989136,0.1967524141073227,0.730073869228363,0.18110686540603638,0.7491672039031982,0.18500377237796783,0.7458449602127075,0.17171989381313324,0.7836763858795166,0.28005310893058777,0.7452021837234497,0.2739100456237793,0.775904655456543,0.4212508499622345,0.7422947883605957,0.4091937243938446,0.7757261991500854,0.5568236708641052,0.7438519597053528,0.541124165058136
person_nn_891.jpg,0.9034203290939331,0.49343612790107727,0.9213696122169495,0.47984322905540466,0.8966646194458008,0.4656030237674713,0.9435011148452759,0.46348363161087036,0.8798485398292542,0.4285244643688202,0.9381815791130066,0.5191580057144165,0.8334581255912781,0.5041390061378479,0.9520112872123718,0.6655555367469788,0.8145100474357605,0.6729531288146973,0.930688738822937,0.7136597037315369,0.8649970293045044,0.7248241901397705,0.9098313450813293,0.7210593223571777,0.8335239291191101,0.7193861603736877,0.9394887685775757,0.8047906756401062,0.7970118522644043,0.8225995302200317,0.0,0.0,0.7519899010658264,0.9743396043777466
person_nn_892.jpg,0.779486894607544,0.06334960460662842,0.7867236733436584,0.05425757169723511,0.7736988663673401,0.04983625188469887,0.7969694137573242,0.05436396226286888,0.7622540593147278,0.04504086449742317,0.8078509569168091,0.11462660133838654,0.7449139952659607,0.10349458456039429,0.8042209148406982,0.20591750741004944,0.7237225770950317,0.19156970083713531,0.752147912979126,0.2170155644416809,0.7285972833633423,0.20499643683433533,0.7852460145950317,0.302817165851593,0.7439654469490051,0.2939126193523407,0.7793357968330383,0.44304561614990234,0.7409130930900574,0.42382699251174927,0.7706721425056458,0.5761511325836182,0.7419361472129822,0.5505850315093994
person_nn_893.jpg,0.9010047316551208,0.48706549406051636,0.919799268245697,0.4725273549556732,0.8942888975143433,0.45829513669013977,0.9458703994750977,0.4564957618713379,0.8790973424911499,0.42241060733795166,0.9453899264335632,0.5123838782310486,0.832561194896698,0.49335816502571106,0.9538330435752869,0.6715767979621887,0.8096843361854553,0.6641768217086792,0.9209228157997131,0.7318015694618225,0.8613325357437134,0.7302675843238831,0.9160441160202026,0.7090619206428528,0.8339062333106995,0.7043127417564392,0.9342766404151917,0.8148521184921265,0.7885690927505493,0.8276427388191223,0.0,0.0,0.7587549090385437,0.9762200117111206
person_nn_894.jpg,0.776560366153717,0.07336398959159851,0.785207211971283,0.06235432252287865,0.7713519334793091,0.05837078019976616,0.7973946928977966,0.059729933738708496,0.7611400485038757,0.050113238394260406,0.807532548904419,0.11876916140317917,0.7453801035881042,0.10675925016403198,0.8095695376396179,0.21558746695518494,0.7263044714927673,0.1970033198595047,0.7600650787353516,0.24900749325752258,0.7335602045059204,0.243992418050766,0.7865239381790161,0.3080741763114929,0.745704174041748,0.29936739802360535,0.7780957818031311,0.44489526748657227,0.7387102246284485,0.4295986294746399,0.7757376432418823,0.5697085857391357,0.7437630891799927,0.5561636090278625
person_nn_895.jpg,0.9025561213493347,0.48936909437179565,0.9196470975875854,0.4766317307949066,0.8966132402420044,0.4617495834827423,0.9443722367286682,0.4569341540336609,0.8825089335441589,0.422880619764328,0.94737708568573,0.5083027482032776,0.8374520540237427,0.4868747591972351,0.955936849117279,0.6671621799468994,0.8068241477012634,0.6600132584571838,0.924930989742279,0.7266647219657898,0.8591323494911194,0.7267357707023621,0.9152154922485352,0.7162290215492249,0.8364333510398865,0.7073220610618591,0.9216502904891968,0.8449630737304688,0.7870651483535767,0.8446729183197021,0.0,0.0,0.7613757848739624,0.9792129397392273
person_nn_896.jpg,0.7760643362998962,0.0827721506357193,0.784579873085022,0.07167039066553116,0.7709991931915283,0.06807475537061691,0.7965685129165649,0.0672818198800087,0.7608821392059326,0.05842951312661171,0.8057246208190918,0.12329907715320587,0.7460358142852783,0.11175283789634705,0.8082984685897827,0.2225007563829422,0.7268397212028503,0.204712375998497,0.7734796404838562,0.2763954699039459,0.7361983060836792,0.27319008111953735,0.7863629460334778,0.30640295147895813,0.7470958232879639,0.2979435622692108,0.7781163454055786,0.4420735239982605,0.7381225228309631,0.42660462856292725,0.7777623534202576,0.5649070739746094,0.7446157336235046,0.55157071352005
person_nn_897.jpg,0.9025561213493347,0.48936909437179565,0.9196470975875854,0.4766317307949066,0.8966132402420044,0.4617495834827423,0.9443722367286682,0.4569341540336609,0.8825089335441589,0.422880619764328,0.94737708568573,0.5083027482032776,0.8374520540237427,0.4868747591972351,0.955936849117279,0.6671621799468994,0.8068241477012634,0.6600132584571838,0.924930989742279,0.7266647219657898,0.8591323494911194,0.7267357707023621,0.9152154922485352,0.7162290215492249,0.8364333510398865,0.7073220610618591,0.9216502904891968,0.8449630737304688,0.7870651483535767,0.8446729183197021,0.0,0.0,0.7613757848739624,0.9792129397392273
person_nn_898.jpg,0.7760643362998962,0.0827721506357193,0.784579873085022,0.07167039066553116,0.7709991931915283,0.06807475537061691,0.7965685129165649,0.0672818198800087,0.7608821392059326,0.05842951312661171,0.8057246208190918,0.12329907715320587,0.7460358142852783,0.11175283789634705,0.8082984685897827,0.2225007563829422,0.7268397212028503,0.204712375998497,0.7734796404838562,0.2763954699039459,0.7361983060836792,0.27319008111953735,0.7863629460334778,0.30640295147895813,0.7470958232879639,0.2979435622692108,0.7781163454055786,0.4420735239982605,0.7381225228309631,0.42660462856292725,0.7777623534202576,0.5649070739746094,0.7446157336235046,0.55157071352005
person_nn_899.jpg,0.9087434411048889,0.4937618374824524,0.9246426224708557,0.47955694794654846,0.9012345671653748,0.4667111337184906,0.0,0.0,0.8825342059135437,0.43100905418395996,0.949134111404419,0.5201500654220581,0.8361399173736572,0.4968845546245575,0.954133927822113,0.6852781176567078,0.807743489742279,0.6682067513465881,0.9240676760673523,0.7346142530441284,0.8664202690124512,0.7272495627403259,0.9119710922241211,0.7450246214866638,0.8309811949729919,0.734571099281311,0.9165329933166504,0.8713659644126892,0.7842049598693848,0.866466760635376,0.0,0.0,0.0,0.0
person_nn_900.jpg,0.779052197933197,0.08258583396673203,0.7864019274711609,0.07307273894548416,0.7737072110176086,0.0683087483048439,0.7975931763648987,0.06695229560136795,0.0,0.0,0.8053984642028809,0.12433314323425293,0.7471556663513184,0.10988394170999527,0.8036094903945923,0.22597531974315643,0.7257218956947327,0.20023493468761444,0.0,0.0,0.7253527045249939,0.2595721185207367,0.7829543352127075,0.3117961883544922,0.74509596824646,0.30201491713523865,0.7777073979377747,0.4467357397079468,0.7382141351699829,0.42688608169555664,0.766701877117157,0.5714312791824341,0.7386830449104309,0.5449171662330627
person_nn_901.jpg,0.8662275075912476,0.062115635722875595,0.8681625127792358,0.05397237092256546,0.8604002594947815,0.05355368182063103,0.0,0.0,0.8432080745697021,0.05705850571393967,0.868272066116333,0.10622423142194748,0.8227561712265015,0.10558696836233139,0.876740038394928,0.16236907243728638,0.8144500851631165,0.16805313527584076,0.8729801774024963,0.15787570178508759,0.8509234189987183,0.16934607923030853,0.8585051894187927,0.23559562861919403,0.8290370106697083,0.2374267876148224,0.0,0.0,0.0,0.0,0.0,0.0,0.0,0.0
person_nn_902.jpg,0.9134597182273865,0.49548375606536865,0.9275195002555847,0.4801754653453827,0.9049511551856995,0.47089269757270813,0.0,0.0,0.8812860250473022,0.4357297122478485,0.9461547136306763,0.5170179605484009,0.8317394852638245,0.5059683322906494,0.9531851410865784,0.6780282258987427,0.8088993430137634,0.6764236092567444,0.9227954149246216,0.7243416905403137,0.8688375949859619,0.7284479737281799,0.912561297416687,0.7402359247207642,0.8294433355331421,0.7380300164222717,0.934264063835144,0.8345406651496887,0.7865808606147766,0.845970630645752,0.0,0.0,0.7574704885482788,0.9839064478874207
person_nn_903.jpg,0.7759255766868591,0.08682001382112503,0.7831301689147949,0.07713547348976135,0.770343005657196,0.07309507578611374,0.7951768636703491,0.06988856941461563,0.0,0.0,0.8057852387428284,0.12419526278972626,0.7447725534439087,0.11262249946594238,0.8098254799842834,0.22245727479457855,0.7219060659408569,0.20117251574993134,0.0,0.0,0.7210951447486877,0.2574448585510254,0.7847486138343811,0.3112381100654602,0.74543297290802,0.3028649389743805,0.7794491052627563,0.4460225999355316,0.7373365759849548,0.4279719591140747,0.7675201296806335,0.5714856386184692,0.7379158735275269,0.5443000197410583
person_nn_904.jpg,0.8732427358627319,0.06133562698960304,0.0,0.0,0.86723792552948,0.052573539316654205,0.0,0.0,0.8483583331108093,0.0559779554605484,0.8715941309928894,0.10612501949071884,0.8288555145263672,0.10318996757268906,0.876381516456604,0.16562306880950928,0.8162484169006348,0.1627335250377655,0.0,0.0,0.8408241868019104,0.1606803834438324,0.860423743724823,0.22720611095428467,0.8322499990463257,0.2274330109357834,0.0,0.0,0.8316601514816284,0.317697137594223,0.0,0.0,0.0,0.0
person_nn_905.jpg,0.9168369174003601,0.4891161620616913,0.0,0.0,0.9082863926887512,0.46387141942977905,0.0,0.0,0.877005398273468,0.43904849886894226,0.9346760511398315,0.5233104228973389,0.8277034163475037,0.5131834149360657,0.9531204104423523,0.6785491704940796,0.8084953427314758,0.6822412014007568,0.9294585585594177,0.7185749411582947,0.8693220615386963,0.726287841796875,0.9041486382484436,0.7733827829360962,0.8267183303833008,0.7675973176956177,0.9040117859840393,0.9008062481880188,0.7827274799346924,0.8951103687286377,0.0,0.0,0.0,0.0
person_nn_906.jpg,0.8774624466896057,0.062422480434179306,0.880153477191925,0.05442672595381737,0.872012734413147,0.052580077201128006,0.0,0.0,0.8543444871902466,0.05475088581442833,0.8782883882522583,0.11162101477384567,0.8312431573867798,0.10807273536920547,0.0,0.0,0.8192733526229858,0.17795470356941223,0.0,0.0,0.8535541296005249,0.17136923968791962,0.8702178001403809,0.2594904601573944,0.839427649974823,0.26112687587738037,0.0,0.0,0.0,0.0,0.0,0.0,0.0,0.0
person_nn_907.jpg,0.7740697264671326,0.09106015413999557,0.7814359068870544,0.0796181708574295,0.7681666612625122,0.07659497112035751,0.7923898100852966,0.07555557787418365,0.7567884922027588,0.06846476346254349,0.8062492609024048,0.13543054461479187,0.7392350435256958,0.12152184545993805,0.8205335140228271,0.23205772042274475,0.7143232822418213,0.2042967826128006,0.81548011302948,0.3210262358188629,0.7157159447669983,0.2640703320503235,0.7852978110313416,0.31183549761772156,0.7425084114074707,0.30303505063056946,0.784968376159668,0.44212090969085693,0.7350953221321106,0.4254159927368164,0.7718801498413086,0.5678211450576782,0.7372502088546753,0.5450893044471741
person_nn_908.jpg,0.7721219062805176,0.0915721133351326,0.7793359756469727,0.0814053937792778,0.7659950852394104,0.07887111604213715,0.7916673421859741,0.07413056492805481,0.75600266456604,0.06917104870080948,0.804225742816925,0.12926124036312103,0.7432569861412048,0.12072774022817612,0.8115789294242859,0.2179926037788391,0.718842625617981,0.2112278938293457,0.808851957321167,0.28997886180877686,0.7124996185302734,0.285895973443985,0.7836650013923645,0.30833902955055237,0.7442557215690613,0.3001778721809387,0.7800095677375793,0.44176021218299866,0.7410784959793091,0.42130497097969055,0.7685331106185913,0.5622484087944031,0.7414958477020264,0.5341148972511292
person_nn_909.jpg,0.773492157459259,0.08882034569978714,0.7804100513458252,0.07896244525909424,0.7672238945960999,0.07675352692604065,0.7914934754371643,0.07265336066484451,0.7562376260757446,0.06818792223930359,0.8041793704032898,0.127064511179924,0.7425272464752197,0.12032710015773773,0.8126088976860046,0.21384458243846893,0.7189884781837463,0.21431930363178253,0.8075363039970398,0.2806682884693146,0.7093567252159119,0.2973000109195709,0.7841529250144958,0.3040919303894043,0.74428391456604,0.2969878017902374,0.7803717851638794,0.4389004111289978,0.7400563359260559,0.42094695568084717,0.7681879997253418,0.5611964464187622,0.7395859956741333,0.5368875861167908
person_nn_910.jpg,0.9118736982345581,0.4995158016681671,0.0,0.0,0.906255841255188,0.47455576062202454,0.0,0.0,0.8776658773422241,0.4433099925518036,0.9181258678436279,0.5197329521179199,0.8277361989021301,0.5188153386116028,0.9406782388687134,0.6618422269821167,0.8106874227523804,0.6881729960441589,0.9351450800895691,0.7151515483856201,0.8728416562080383,0.7262066006660461,0.8966365456581116,0.7739831805229187,0.8306170701980591,0.7756421566009521,0.9019861817359924,0.8817216157913208,0.7935559749603271,0.8902221918106079,0.0,0.0,0.0,0.0
person_nn_911.jpg,0.773492157459259,0.08882034569978714,0.7804100513458252,0.07896244525909424,0.7672238945960999,0.07675352692604065,0.7914934754371643,0.07265336066484451,0.7562376260757446,0.06818792223930359,0.8041793704032898,0.127064511179924,0.7425272464752197,0.12032710015773773,0.8126088976860046,0.21384458243846893,0.7189884781837463,0.21431930363178253,0.8075363039970398,0.2806682884693146,0.7093567252159119,0.2973000109195709,0.7841529250144958,0.3040919303894043,0.74428391456604,0.2969878017902374,0.7803717851638794,0.4389004111289978,0.7400563359260559,0.42094695568084717,0.7681879997253418,0.5611964464187622,0.7395859956741333,0.5368875861167908
person_nn_912.jpg,0.9118736982345581,0.4995158016681671,0.0,0.0,0.906255841255188,0.47455576062202454,0.0,0.0,0.8776658773422241,0.4433099925518036,0.9181258678436279,0.5197329521179199,0.8277361989021301,0.5188153386116028,0.9406782388687134,0.6618422269821167,0.8106874227523804,0.6881729960441589,0.9351450800895691,0.7151515483856201,0.8728416562080383,0.7262066006660461,0.8966365456581116,0.7739831805229187,0.8306170701980591,0.7756421566009521,0.9019861817359924,0.8817216157913208,0.7935559749603271,0.8902221918106079,0.0,0.0,0.0,0.0
person_nn_913.jpg,0.7764692306518555,0.08526812493801117,0.7828803062438965,0.07372773438692093,0.7695924639701843,0.0729326456785202,0.7917731404304504,0.0694642961025238,0.7569789290428162,0.0678250640630722,0.8023619651794434,0.1265479326248169,0.7437065839767456,0.122052863240242,0.8103193640708923,0.21287085115909576,0.721248209476471,0.20627270638942719,0.803641140460968,0.27391260862350464,0.7148436307907104,0.2672208547592163,0.7853416800498962,0.30122315883636475,0.7471153140068054,0.29703035950660706,0.7833508253097534,0.4327973425388336,0.7443899512290955,0.42247340083122253,0.7701740264892578,0.5542379021644592,0.7414928674697876,0.5394930243492126
person_nn_914.jpg,0.7803778648376465,0.08280333131551743,0.7868602275848389,0.07090040296316147,0.7730627655982971,0.06920003145933151,0.793682336807251,0.06855347007513046,0.757277250289917,0.06421564519405365,0.8014708161354065,0.12586049735546112,0.7400362491607666,0.11688666045665741,0.8102431893348694,0.2153504490852356,0.7197871804237366,0.1964081972837448,0.8001536130905151,0.2684345841407776,0.7275872230529785,0.24146299064159393,0.7860761880874634,0.29784920811653137,0.7460082769393921,0.2931186258792877,0.7859046459197998,0.4331783056259155,0.7419149279594421,0.42517536878585815,0.7688405513763428,0.5549396276473999,0.733863353729248,0.5463560819625854
person_nn_915.jpg,0.900765597820282,0.46997424960136414,0.9154012799263,0.4569666087627411,0.8931151628494263,0.4460075795650482,0.0,0.0,0.874941885471344,0.43781185150146484,0.9377976655960083,0.5351789593696594,0.8344621062278748,0.5227786898612976,0.9462385177612305,0.6785005927085876,0.8137388825416565,0.6879555583000183,0.9298804998397827,0.7209984064102173,0.869897186756134,0.7420914173126221,0.9011650681495667,0.7791670560836792,0.8287698030471802,0.7687247395515442,0.8656275868415833,0.9102767705917358,0.7776667475700378,0.8964606523513794,0.0,0.0,0.0,0.0
person_nn_916.jpg,0.7834535241127014,0.08099536597728729,0.7896552085876465,0.07009074836969376,0.7758166790008545,0.06747549027204514,0.7962982654571533,0.06938914209604263,0.7593092918395996,0.06380464881658554,0.8038963675498962,0.12966763973236084,0.7409106492996216,0.12103766202926636,0.8104529976844788,0.22649800777435303,0.7216861844062805,0.2105114907026291,0.8026819229125977,0.2848641574382782,0.7214639782905579,0.25288280844688416,0.7863274216651917,0.3079659938812256,0.7456461787223816,0.3035390079021454,0.7860631942749023,0.43902093172073364,0.7416530251502991,0.4312185049057007,0.7692376375198364,0.5564897060394287,0.738704264163971,0.5431346893310547
person_nn_917.jpg,0.7835900783538818,0.07415115088224411,0.7899733185768127,0.06343459337949753,0.775981068611145,0.061137083917856216,0.7965513467788696,0.06425842642784119,0.7588236331939697,0.058528296649456024,0.8038581609725952,0.13375206291675568,0.741613507270813,0.123531274497509,0.8136382102966309,0.22675657272338867,0.7211588025093079,0.210652157664299,0.8100714683532715,0.29271721839904785,0.7190400958061218,0.26621583104133606,0.7840848565101624,0.30968624353408813,0.7441020607948303,0.3033234179019928,0.7833751440048218,0.4394449293613434,0.7439714074134827,0.42608216404914856,0.769869863986969,0.5600764751434326,0.7409083247184753,0.5411169528961182
person_nn_918.jpg,0.7835900783538818,0.07415115088224411,0.7899733185768127,0.06343459337949753,0.775981068611145,0.061137083917856216,0.7965513467788696,0.06425842642784119,0.7588236331939697,0.058528296649456024,0.8038581609725952,0.13375206291675568,0.741613507270813,0.123531274497509,0.8136382102966309,0.22675657272338867,0.7211588025093079,0.210652157664299,0.8100714683532715,0.29271721839904785,0.7190400958061218,0.26621583104133606,0.7840848565101624,0.30968624353408813,0.7441020607948303,0.3033234179019928,0.7833751440048218,0.4394449293613434,0.7439714074134827,0.42608216404914856,0.769869863986969,0.5600764751434326,0.7409083247184753,0.5411169528961182
person_nn_919.jpg,0.7834159731864929,0.07781940698623657,0.7906399369239807,0.06759151071310043,0.7766779661178589,0.06356028467416763,0.7986325025558472,0.06957077234983444,0.7615211606025696,0.06037344038486481,0.8115766048431396,0.13856329023838043,0.741943895816803,0.12484277039766312,0.831021785736084,0.22904787957668304,0.7212066054344177,0.20887866616249084,0.81126868724823,0.29759883880615234,0.7182490229606628,0.26820147037506104,0.787322998046875,0.3148566782474518,0.7428575158119202,0.3049722909927368,0.7817850112915039,0.44092047214508057,0.739048421382904,0.42285338044166565,0.768733561038971,0.5637257099151611,0.7404825687408447,0.5428862571716309
person_nn_920.jpg,0.9445334076881409,0.5618106722831726,0.9559364914894104,0.5469291806221008,0.9377057552337646,0.5392096042633057,0.0,0.0,0.9105506539344788,0.479651540517807,0.9484770894050598,0.5150705575942993,0.8616243600845337,0.5233426094055176,0.9409989714622498,0.6786646246910095,0.8348414897918701,0.7296948432922363,0.946447491645813,0.7363896369934082,0.9000161290168762,0.772611141204834,0.9039961099624634,0.7875075936317444,0.8384973406791687,0.7948865294456482,0.0,0.0,0.0,0.0,0.0,0.0,0.0,0.0
person_nn_921.jpg,0.7817087173461914,0.07644809782505035,0.7905443906784058,0.06582986563444138,0.7753117680549622,0.06055031344294548,0.8014228343963623,0.06788312643766403,0.7616569995880127,0.05508067458868027,0.8148666024208069,0.14208078384399414,0.7409300208091736,0.12310048192739487,0.831365704536438,0.24327555298805237,0.7196497917175293,0.21055348217487335,0.8174158930778503,0.3321886956691742,0.7176217436790466,0.27105459570884705,0.7910197973251343,0.3338092267513275,0.7430822253227234,0.32211294770240784,0.7881181240081787,0.4646361172199249,0.7412689328193665,0.44419077038764954,0.7690577507019043,0.5756654739379883,0.7420535683631897,0.553004264831543
person_nn_922.jpg,0.7767172455787659,0.06952383369207382,0.7853331565856934,0.059332314878702164,0.7711756825447083,0.05575493350625038,0.7981173396110535,0.06438721716403961,0.7611075639724731,0.05494493991136551,0.8129613399505615,0.13939161598682404,0.7445084452629089,0.12228352576494217,0.8290164470672607,0.23237372934818268,0.7221157550811768,0.2026216685771942,0.8125149607658386,0.3133365511894226,0.7188087105751038,0.2707900404930115,0.786859929561615,0.3150795102119446,0.7426839470863342,0.3030773997306824,0.7830585837364197,0.44238224625587463,0.7390416264533997,0.4200233221054077,0.7739421725273132,0.5601012706756592,0.7426254749298096,0.5331007242202759
person_nn_923.jpg,0.9822326302528381,0.5973668098449707,0.0,0.0,0.9792776703834534,0.5779716372489929,0.0,0.0,0.9434877634048462,0.5537624359130859,0.9427366852760315,0.6172292828559875,0.8871058225631714,0.6582505106925964,0.0,0.0,0.8918744921684265,0.886630117893219,0.0,0.0,0.9486004114151001,0.934165358543396,0.0,0.0,0.857498049736023,0.9246955513954163,0.0,0.0,0.0,0.0,0.0,0.0,0.0,0.0
person_nn_924.jpg,0.7745102047920227,0.068365678191185,0.7836977243423462,0.05863623321056366,0.7700573205947876,0.05536804348230362,0.7984245419502258,0.06390495598316193,0.7621093988418579,0.05428071320056915,0.8129405975341797,0.13499319553375244,0.7431742548942566,0.12219545990228653,0.8301957249641418,0.22171607613563538,0.7222050428390503,0.19976462423801422,0.8144628405570984,0.29662442207336426,0.7180097699165344,0.2728370130062103,0.7942381501197815,0.3066478371620178,0.7469750642776489,0.29915863275527954,0.8037010431289673,0.4261912703514099,0.7423105835914612,0.4154662787914276,0.8006272912025452,0.532015323638916,0.7444234490394592,0.5285628437995911
person_nn_925.jpg,0.9956462979316711,0.62221759557724,0.0,0.0,0.987628698348999,0.6002246737480164,0.0,0.0,0.9475089907646179,0.5858079791069031,0.0,0.0,0.8983948230743408,0.6763115525245667,0.0,0.0,0.920744001865387,0.8955946564674377,0.0,0.0,0.9893530607223511,0.8527151346206665,0.0,0.0,0.0,0.0,0.0,0.0,0.0,0.0,0.0,0.0,0.0,0.0
person_nn_926.jpg,0.7745102047920227,0.068365678191185,0.7836977243423462,0.05863623321056366,0.7700573205947876,0.05536804348230362,0.7984245419502258,0.06390495598316193,0.7621093988418579,0.05428071320056915,0.8129405975341797,0.13499319553375244,0.7431742548942566,0.12219545990228653,0.8301957249641418,0.22171607613563538,0.7222050428390503,0.19976462423801422,0.8144628405570984,0.29662442207336426,0.7180097699165344,0.2728370130062103,0.7942381501197815,0.3066478371620178,0.7469750642776489,0.29915863275527954,0.8037010431289673,0.4261912703514099,0.7423105835914612,0.4154662787914276,0.8006272912025452,0.532015323638916,0.7444234490394592,0.5285628437995911
person_nn_927.jpg,0.9956462979316711,0.62221759557724,0.0,0.0,0.987628698348999,0.6002246737480164,0.0,0.0,0.9475089907646179,0.5858079791069031,0.0,0.0,0.8983948230743408,0.6763115525245667,0.0,0.0,0.920744001865387,0.8955946564674377,0.0,0.0,0.9893530607223511,0.8527151346206665,0.0,0.0,0.0,0.0,0.0,0.0,0.0,0.0,0.0,0.0,0.0,0.0
person_nn_928.jpg,0.7774880528450012,0.06621908396482468,0.7857601046562195,0.05693615600466728,0.7718880772590637,0.053934257477521896,0.7989197969436646,0.06197527050971985,0.7620491981506348,0.05374894291162491,0.8120707273483276,0.13340727984905243,0.7464866042137146,0.1202341690659523,0.8284883499145508,0.22317151725292206,0.7232893705368042,0.20310334861278534,0.8204073309898376,0.2966673970222473,0.7160945534706116,0.2718612849712372,0.7895188331604004,0.30603763461112976,0.7468166351318359,0.29659804701805115,0.7902745604515076,0.43415358662605286,0.7433429956436157,0.41596195101737976,0.7872586846351624,0.5498507618904114,0.744630753993988,0.5279091596603394
person_nn_929.jpg,0.0,0.0,0.0,0.0,0.9948667287826538,0.6301347613334656,0.0,0.0,0.9574564695358276,0.6316075921058655,0.0,0.0,0.9113401174545288,0.7351662516593933,0.0,0.0,0.9015718102455139,0.9414486885070801,0.0,0.0,0.0,0.0,0.0,0.0,0.0,0.0,0.0,0.0,0.0,0.0,0.0,0.0,0.0,0.0
person_nn_930.jpg,0.7759419679641724,0.0652594342827797,0.7853224277496338,0.05639038234949112,0.7721182107925415,0.05287878215312958,0.8022559881210327,0.06072709336876869,0.0,0.0,0.8165403008460999,0.1325104981660843,0.749337911605835,0.11737173795700073,0.8332067131996155,0.22322756052017212,0.7287634611129761,0.1962551474571228,0.8173399567604065,0.30254003405570984,0.7175632119178772,0.2724972069263458,0.7933147549629211,0.30777257680892944,0.7482287287712097,0.29808539152145386,0.7974852919578552,0.4295611083507538,0.7418116331100464,0.41621315479278564,0.795875072479248,0.5337281227111816,0.743933379650116,0.5260785222053528
person_nn_931.jpg,0.7795625329017639,0.06655518710613251,0.7892131805419922,0.0570717491209507,0.7753873467445374,0.053121279925107956,0.8066397309303284,0.06294157356023788,0.0,0.0,0.8244351744651794,0.13784390687942505,0.7538968324661255,0.12020500004291534,0.8405681848526001,0.23121768236160278,0.7293698191642761,0.20142151415348053,0.8284620046615601,0.3165591359138489,0.7181521058082581,0.2702638506889343,0.7987605333328247,0.31634435057640076,0.7518778443336487,0.30299320816993713,0.7994985580444336,0.4444468319416046,0.7443698644638062,0.4184517562389374,0.7942208051681519,0.5657616257667542,0.746670126914978,0.5341247320175171
person_nn_932.jpg,0.7835410833358765,0.06973777711391449,0.7939764857292175,0.059364356100559235,0.7799142003059387,0.05539826676249504,0.8113821148872375,0.0652274489402771,0.7742736339569092,0.053464144468307495,0.8253310918807983,0.14017434418201447,0.7571443319320679,0.1192682757973671,0.8387925624847412,0.24033518135547638,0.7328342795372009,0.19834455847740173,0.8278022408485413,0.3247232437133789,0.7253698706626892,0.26654234528541565,0.8004788756370544,0.31575292348861694,0.7542436122894287,0.30322155356407166,0.8006833791732788,0.4369490444660187,0.7419252395629883,0.41928812861442566,0.79793381690979,0.5397947430610657,0.7437887787818909,0.5258468389511108
person_nn_933.jpg,0.7876210808753967,0.07673022896051407,0.7982313632965088,0.06649265438318253,0.7838899493217468,0.06237367168068886,0.8161845803260803,0.07005546987056732,0.778344988822937,0.05806184932589531,0.8309242725372314,0.14069712162017822,0.7623410820960999,0.11789733916521072,0.8471211194992065,0.2440768927335739,0.739843487739563,0.19792582094669342,0.8271316289901733,0.32142573595046997,0.7284605503082275,0.2690753936767578,0.8046149611473083,0.31812775135040283,0.7577930688858032,0.30407455563545227,0.8019132018089294,0.440949410200119,0.743000864982605,0.42301034927368164,0.8004432320594788,0.5379216074943542,0.7431929707527161,0.5276609063148499
person_nn_934.jpg,0.7876210808753967,0.07673022896051407,0.7982313632965088,0.06649265438318253,0.7838899493217468,0.06237367168068886,0.8161845803260803,0.07005546987056732,0.778344988822937,0.05806184932589531,0.8309242725372314,0.14069712162017822,0.7623410820960999,0.11789733916521072,0.8471211194992065,0.2440768927335739,0.739843487739563,0.19792582094669342,0.8271316289901733,0.32142573595046997,0.7284605503082275,0.2690753936767578,0.8046149611473083,0.31812775135040283,0.7577930688858032,0.30407455563545227,0.8019132018089294,0.440949410200119,0.743000864982605,0.42301034927368164,0.8004432320594788,0.5379216074943542,0.7431929707527161,0.5276609063148499
person_nn_935.jpg,0.7933139204978943,0.08592168986797333,0.8041054606437683,0.07802291214466095,0.7919797301292419,0.07150387763977051,0.8252176642417908,0.08408189564943314,0.0,0.0,0.8380887508392334,0.15656788647174835,0.7716604471206665,0.12623366713523865,0.854701042175293,0.2528771162033081,0.7438507676124573,0.19774821400642395,0.8245654106140137,0.31446215510368347,0.7293505668640137,0.2684096693992615,0.8019552826881409,0.3236744999885559,0.7582225203514099,0.30545830726623535,0.7960019111633301,0.44144994020462036,0.7474572658538818,0.4193601608276367,0.7929233908653259,0.5396150350570679,0.746633768081665,0.5300891399383545
person_nn_936.jpg,0.8029141426086426,0.10257703065872192,0.8126859068870544,0.09339606016874313,0.7998936772346497,0.08751077204942703,0.8306332230567932,0.08886876702308655,0.0,0.0,0.8430783748626709,0.15207859873771667,0.776509165763855,0.12402375787496567,0.858256995677948,0.25511813163757324,0.7490397691726685,0.20157796144485474,0.826393723487854,0.31787267327308655,0.7338643074035645,0.2687459886074066,0.8065705895423889,0.32050469517707825,0.762556254863739,0.3026883006095886,0.7984540462493896,0.4429868161678314,0.7492040991783142,0.4208034873008728,0.791357159614563,0.5442575216293335,0.7456632256507874,0.5330631136894226
person_nn_937.jpg,0.0,0.0,0.0,0.0,0.0,0.0,0.0,0.0,0.0,0.0,0.0,0.0,0.9621943831443787,0.35433000326156616,0.0,0.0,0.9237614274024963,0.4070484936237335,0.0,0.0,0.9791111350059509,0.4756975769996643,0.0,0.0,0.9586247801780701,0.5603346824645996,0.0,0.0,0.0,0.0,0.0,0.0,0.0,0.0
person_nn_938.jpg,0.8143510222434998,0.10258003324270248,0.8243093490600586,0.09302140772342682,0.8102818131446838,0.08664719015359879,0.839907705783844,0.08883494138717651,0.801899790763855,0.07249308377504349,0.850172221660614,0.15505672991275787,0.7838194966316223,0.12327813357114792,0.8624306917190552,0.2592772841453552,0.7548123598098755,0.20162104070186615,0.8308484554290771,0.31888070702552795,0.737610936164856,0.27250587940216064,0.810539186000824,0.3281051814556122,0.7662928104400635,0.3070848882198334,0.800581693649292,0.45171624422073364,0.7517675161361694,0.42068588733673096,0.7919418215751648,0.5586955547332764,0.745466411113739,0.5355550646781921
person_nn_939.jpg,0.8182439208030701,0.11964045464992523,0.8276562094688416,0.1095462441444397,0.8133888840675354,0.103616863489151,0.8418467044830322,0.09781855344772339,0.8039670586585999,0.0828484296798706,0.8533592224121094,0.1569104939699173,0.7884486317634583,0.12611056864261627,0.8639308214187622,0.26165977120399475,0.763733983039856,0.19941659271717072,0.8350160717964172,0.3271392285823822,0.7437102794647217,0.2736087143421173,0.8159089684486389,0.33153635263442993,0.7737878561019897,0.3103734850883484,0.8051384687423706,0.4564087986946106,0.7572646141052246,0.4233853816986084,0.7880107760429382,0.5579397678375244,0.7489299774169922,0.5301072597503662
person_nn_940.jpg,0.8182439208030701,0.11964045464992523,0.8276562094688416,0.1095462441444397,0.8133888840675354,0.103616863489151,0.8418467044830322,0.09781855344772339,0.8039670586585999,0.0828484296798706,0.8533592224121094,0.1569104939699173,0.7884486317634583,0.12611056864261627,0.8639308214187622,0.26165977120399475,0.763733983039856,0.19941659271717072,0.8350160717964172,0.3271392285823822,0.7437102794647217,0.2736087143421173,0.8159089684486389,0.33153635263442993,0.7737878561019897,0.3103734850883484,0.8051384687423706,0.4564087986946106,0.7572646141052246,0.4233853816986084,0.7880107760429382,0.5579397678375244,0.7489299774169922,0.5301072597503662
person_nn_941.jpg,0.8177116513252258,0.1209501251578331,0.8269747495651245,0.11117404699325562,0.8134328722953796,0.1062881276011467,0.8437084555625916,0.09989291429519653,0.807460606098175,0.08741164952516556,0.8576340675354004,0.1560470014810562,0.7943722009658813,0.12643557786941528,0.8670424818992615,0.259136825799942,0.7705477476119995,0.193971186876297,0.8363482356071472,0.3322412669658661,0.7488023638725281,0.2686707675457001,0.8187362551689148,0.33023011684417725,0.7771528959274292,0.30894482135772705,0.8057253360748291,0.45636793971061707,0.758215069770813,0.4242154061794281,0.7899364233016968,0.5599249601364136,0.7492992281913757,0.530998945236206
person_nn_942.jpg,0.8196098804473877,0.1168002337217331,0.8291587829589844,0.1067597046494484,0.8161546587944031,0.10165097564458847,0.8467158675193787,0.10139778256416321,0.8118091225624084,0.08776046335697174,0.8633960485458374,0.1670873463153839,0.7984140515327454,0.13326165080070496,0.8684406876564026,0.2695493996143341,0.77468341588974,0.19706976413726807,0.8378901481628418,0.3359217345714569,0.7514669299125671,0.2683713138103485,0.8226171135902405,0.33504530787467957,0.7786775827407837,0.31012508273124695,0.8147755265235901,0.45847392082214355,0.7577808499336243,0.417205274105072,0.793591320514679,0.5695778727531433,0.7471588253974915,0.5315817594528198
person_nn_943.jpg,0.8145122528076172,0.10798615962266922,0.8244746327400208,0.09789041429758072,0.813183605670929,0.09303032606840134,0.8466086983680725,0.10168007761240005,0.0,0.0,0.8633334636688232,0.17819538712501526,0.8011243343353271,0.1429334133863449,0.870785117149353,0.28035640716552734,0.7743315696716309,0.2046687752008438,0.847086489200592,0.3373083174228668,0.7540112137794495,0.2662598490715027,0.8186240792274475,0.341272234916687,0.7771021723747253,0.31628313660621643,0.8103723526000977,0.46019357442855835,0.7567211985588074,0.4214554727077484,0.7948400974273682,0.5666905045509338,0.7474389672279358,0.5322691798210144
person_nn_944.jpg,0.0,0.0,0.0,0.0,0.986327588558197,0.41094303131103516,0.0,0.0,0.9614255428314209,0.40710482001304626,0.0,0.0,0.9452915191650391,0.44104400277137756,0.0,0.0,0.9384856224060059,0.4488566219806671,0.0,0.0,0.9831383228302002,0.5048049688339233,0.0,0.0,0.9474060535430908,0.5881119966506958,0.0,0.0,0.0,0.0,0.0,0.0,0.0,0.0
person_nn_945.jpg,0.8140618801116943,0.10051367431879044,0.8232449293136597,0.0915009006857872,0.8120449781417847,0.08760802447795868,0.8415817022323608,0.09860147535800934,0.0,0.0,0.8513420820236206,0.16601647436618805,0.7997719645500183,0.14649561047554016,0.8539740443229675,0.2330711930990219,0.7750661373138428,0.21163669228553772,0.841219961643219,0.2551036477088928,0.7549128532409668,0.2607652544975281,0.8141134977340698,0.3355003297328949,0.7769621014595032,0.3172178268432617,0.8049685955047607,0.456941694021225,0.7560533285140991,0.4254864752292633,0.7957025170326233,0.565996527671814,0.7435213327407837,0.5365920662879944
person_nn_946.jpg,0.990563690662384,0.4269099533557892,0.0,0.0,0.98589026927948,0.4143470525741577,0.0,0.0,0.9693054556846619,0.4084559977054596,0.0,0.0,0.9484367966651917,0.44236958026885986,0.0,0.0,0.9338976740837097,0.45412835478782654,0.0,0.0,0.9791967272758484,0.49898168444633484,0.0,0.0,0.9397784471511841,0.5975876450538635,0.0,0.0,0.0,0.0,0.0,0.0,0.0,0.0
person_nn_947.jpg,0.8140618801116943,0.10051367431879044,0.8232449293136597,0.0915009006857872,0.8120449781417847,0.08760802447795868,0.8415817022323608,0.09860147535800934,0.0,0.0,0.8513420820236206,0.16601647436618805,0.7997719645500183,0.14649561047554016,0.8539740443229675,0.2330711930990219,0.7750661373138428,0.21163669228553772,0.841219961643219,0.2551036477088928,0.7549128532409668,0.2607652544975281,0.8141134977340698,0.3355003297328949,0.7769621014595032,0.3172178268432617,0.8049685955047607,0.456941694021225,0.7560533285140991,0.4254864752292633,0.7957025170326233,0.565996527671814,0.7435213327407837,0.5365920662879944
person_nn_948.jpg,0.990563690662384,0.4269099533557892,0.0,0.0,0.98589026927948,0.4143470525741577,0.0,0.0,0.9693054556846619,0.4084559977054596,0.0,0.0,0.9484367966651917,0.44236958026885986,0.0,0.0,0.9338976740837097,0.45412835478782654,0.0,0.0,0.9791967272758484,0.49898168444633484,0.0,0.0,0.9397784471511841,0.5975876450538635,0.0,0.0,0.0,0.0,0.0,0.0,0.0,0.0
person_nn_949.jpg,0.8105554580688477,0.09879959374666214,0.8190577626228333,0.09103817492723465,0.8099087476730347,0.086803138256073,0.8390363454818726,0.09894531965255737,0.0,0.0,0.8572364449501038,0.17037993669509888,0.8015168905258179,0.14447574317455292,0.8660979866981506,0.2679297924041748,0.7779695987701416,0.20802994072437286,0.84502774477005,0.3332187831401825,0.7589377760887146,0.2652217447757721,0.8184114694595337,0.34054747223854065,0.7813346982002258,0.3202590048313141,0.8051459789276123,0.4592552185058594,0.7588782906532288,0.42745813727378845,0.7900397777557373,0.5682715177536011,0.7452871203422546,0.5354848504066467
person_nn_950.jpg,0.8089839816093445,0.0977194756269455,0.8167722225189209,0.09019195288419724,0.8087921738624573,0.08608182519674301,0.8373456597328186,0.09841717779636383,0.0,0.0,0.8587819933891296,0.17341838777065277,0.8023474812507629,0.1434447020292282,0.8715128302574158,0.2777212858200073,0.7807662487030029,0.20567409694194794,0.8395556211471558,0.3391415774822235,0.7622753977775574,0.26187458634376526,0.8165681958198547,0.33852842450141907,0.7794017195701599,0.31623324751853943,0.80319744348526,0.45637887716293335,0.7574156522750854,0.4233701527118683,0.7902255058288574,0.5627023577690125,0.7454384565353394,0.53057461977005
person_nn_951.jpg,0.808685302734375,0.09482356160879135,0.8152832388877869,0.08644318580627441,0.0,0.0,0.8362854719161987,0.09391100704669952,0.0,0.0,0.8590056300163269,0.1698298156261444,0.8039485216140747,0.14233332872390747,0.872931718826294,0.2709943950176239,0.7829609513282776,0.20574890077114105,0.8378856778144836,0.33271417021751404,0.7609957456588745,0.25932759046554565,0.8169945478439331,0.3345526456832886,0.7804025411605835,0.31290552020072937,0.8027260899543762,0.4541397988796234,0.7579309344291687,0.4236544966697693,0.7920883297920227,0.5595014691352844,0.7472703456878662,0.5282531380653381
person_nn_952.jpg,0.8079593777656555,0.0920020267367363,0.8153071403503418,0.08354856818914413,0.8070804476737976,0.08144998550415039,0.8352046608924866,0.09121943265199661,0.0,0.0,0.8554583787918091,0.16395990550518036,0.8045823574066162,0.14232856035232544,0.8621245622634888,0.2647668421268463,0.7854512929916382,0.20907284319400787,0.8405315279960632,0.3308843672275543,0.7683942317962646,0.25945305824279785,0.8184801936149597,0.33245113492012024,0.7835494875907898,0.31355398893356323,0.8072261214256287,0.4494951367378235,0.7590203881263733,0.4189148545265198,0.7933165431022644,0.5642683506011963,0.7419228553771973,0.5275489091873169
person_nn_953.jpg,0.8049051761627197,0.0922558531165123,0.8100379109382629,0.08288513123989105,0.0,0.0,0.8315671682357788,0.08920671790838242,0.0,0.0,0.8565869927406311,0.16829712688922882,0.8087548017501831,0.14169856905937195,0.8689035773277283,0.2730386555194855,0.7922046780586243,0.20469601452350616,0.8313493132591248,0.3354484438896179,0.7688671946525574,0.2530059814453125,0.8158726096153259,0.33515042066574097,0.7833446860313416,0.31323590874671936,0.8023136258125305,0.4554327428340912,0.7592414617538452,0.4235806167125702,0.7925740480422974,0.5614970326423645,0.7461097836494446,0.5246829986572266
person_nn_954.jpg,0.8049051761627197,0.0922558531165123,0.8100379109382629,0.08288513123989105,0.0,0.0,0.8315671682357788,0.08920671790838242,0.0,0.0,0.8565869927406311,0.16829712688922882,0.8087548017501831,0.14169856905937195,0.8689035773277283,0.2730386555194855,0.7922046780586243,0.20469601452350616,0.8313493132591248,0.3354484438896179,0.7688671946525574,0.2530059814453125,0.8158726096153259,0.33515042066574097,0.7833446860313416,0.31323590874671936,0.8023136258125305,0.4554327428340912,0.7592414617538452,0.4235806167125702,0.7925740480422974,0.5614970326423645,0.7461097836494446,0.5246829986572266
person_nn_955.jpg,0.8038314580917358,0.08841244131326675,0.8084150552749634,0.07916222512722015,0.0,0.0,0.82889324426651,0.0868534967303276,0.0,0.0,0.8544442057609558,0.17149461805820465,0.8092668056488037,0.14165502786636353,0.8662726879119873,0.27978232502937317,0.7948710918426514,0.20847325026988983,0.827351987361908,0.33625465631484985,0.7714383602142334,0.2570480406284332,0.8147411346435547,0.3401174545288086,0.7837423086166382,0.3164021372795105,0.8025296926498413,0.45997610688209534,0.7591935396194458,0.4233943819999695,0.7936741709709167,0.5610769391059875,0.7468031644821167,0.5189332365989685
person_nn_956.jpg,0.80258709192276,0.08650677651166916,0.8070551753044128,0.07733110338449478,0.0,0.0,0.8271703124046326,0.08464077860116959,0.0,0.0,0.853778600692749,0.16886967420578003,0.8084352612495422,0.1412244737148285,0.8623753190040588,0.27693694829940796,0.7961702346801758,0.20940802991390228,0.8214113712310791,0.3357022702693939,0.7728634476661682,0.25801703333854675,0.8147876262664795,0.3372524380683899,0.7840018272399902,0.31409886479377747,0.8004860877990723,0.45726150274276733,0.7599912285804749,0.4201788008213043,0.7910334467887878,0.5602978467941284,0.7536250948905945,0.5154406428337097
person_nn_957.jpg,0.7996904850006104,0.08234122395515442,0.8045764565467834,0.07366818934679031,0.0,0.0,0.8238294720649719,0.07933703809976578,0.0,0.0,0.851833164691925,0.16077256202697754,0.8060128092765808,0.13754580914974213,0.855184018611908,0.2681826055049896,0.7935507297515869,0.21158099174499512,0.8239198327064514,0.3359372615814209,0.7756364345550537,0.2657839357852936,0.8157061338424683,0.33591538667678833,0.7849672436714172,0.3143159747123718,0.8013181090354919,0.4558223485946655,0.7604461908340454,0.4161057472229004,0.789361834526062,0.5624867677688599,0.7599782943725586,0.5099803805351257
person_nn_958.jpg,0.7979618310928345,0.08116874098777771,0.8034543395042419,0.07239915430545807,0.0,0.0,0.8240066170692444,0.07614494115114212,0.0,0.0,0.8516252040863037,0.15850652754306793,0.8023664951324463,0.1330474615097046,0.8589053750038147,0.2697726786136627,0.7870603203773499,0.20877349376678467,0.8267871141433716,0.33517512679100037,0.7666218280792236,0.26089388132095337,0.8134002685546875,0.33210623264312744,0.7817488312721252,0.3100472092628479,0.7991048693656921,0.4550514221191406,0.7633284330368042,0.4156457185745239,0.7895470261573792,0.5637909173965454,0.7681460380554199,0.5121793746948242
person_nn_959.jpg,0.7979618310928345,0.08116874098777771,0.8034543395042419,0.07239915430545807,0.0,0.0,0.8240066170692444,0.07614494115114212,0.0,0.0,0.8516252040863037,0.15850652754306793,0.8023664951324463,0.1330474615097046,0.8589053750038147,0.2697726786136627,0.7870603203773499,0.20877349376678467,0.8267871141433716,0.33517512679100037,0.7666218280792236,0.26089388132095337,0.8134002685546875,0.33210623264312744,0.7817488312721252,0.3100472092628479,0.7991048693656921,0.4550514221191406,0.7633284330368042,0.4156457185745239,0.7895470261573792,0.5637909173965454,0.7681460380554199,0.5121793746948242
person_nn_960.jpg,0.7945985794067383,0.07504849135875702,0.800507128238678,0.06649748980998993,0.0,0.0,0.8214237689971924,0.07257064431905746,0.0,0.0,0.8495663404464722,0.15635015070438385,0.7976289391517639,0.13187678158283234,0.8609865307807922,0.2653748393058777,0.7818291187286377,0.2062586396932602,0.8311235308647156,0.3336678445339203,0.7612733840942383,0.258669912815094,0.8117178678512573,0.3305557370185852,0.7786957025527954,0.3093954920768738,0.7989112734794617,0.45273008942604065,0.7628377676010132,0.4151514768600464,0.7894048094749451,0.5629972219467163,0.7678368091583252,0.5136633515357971
person_nn_961.jpg,0.7893444299697876,0.07598523050546646,0.7949973344802856,0.06631433218717575,0.7887716293334961,0.06513017416000366,0.8161996006965637,0.06905893981456757,0.0,0.0,0.8472333550453186,0.151371031999588,0.7941349148750305,0.1289200782775879,0.8616567850112915,0.2568008601665497,0.7782049775123596,0.20109272003173828,0.8310314416885376,0.3234533965587616,0.7574208974838257,0.25206947326660156,0.8108712434768677,0.32649144530296326,0.7774926424026489,0.30541619658470154,0.7987151741981506,0.4513070583343506,0.7632841467857361,0.4108511507511139,0.7880706787109375,0.566137433052063,0.7684789896011353,0.5102624893188477
person_nn_962.jpg,0.7841094136238098,0.0744873583316803,0.7894271612167358,0.06466560065746307,0.7838496565818787,0.06347585469484329,0.8109563589096069,0.06601521372795105,0.0,0.0,0.8435106873512268,0.14763325452804565,0.7907317280769348,0.12528051435947418,0.8579908013343811,0.2526508569717407,0.773834228515625,0.19595633447170258,0.8262564539909363,0.32047033309936523,0.7525796890258789,0.2480381578207016,0.8094720840454102,0.32391849160194397,0.7765141129493713,0.3031767010688782,0.7980064749717712,0.4496837854385376,0.7626081705093384,0.40957778692245483,0.7878703474998474,0.5662970542907715,0.7693448662757874,0.5108776092529297
person_nn_963.jpg,0.7802093029022217,0.07452671974897385,0.7850185036659241,0.06442586332559586,0.0,0.0,0.8057722449302673,0.06299102306365967,0.0,0.0,0.8404245972633362,0.14054453372955322,0.786008358001709,0.12016621977090836,0.8585954308509827,0.2453109472990036,0.7668368816375732,0.18742290139198303,0.831852376461029,0.3138943612575531,0.7456089854240417,0.23399989306926727,0.8089135885238647,0.3165971636772156,0.7751837968826294,0.2972279489040375,0.7977509498596191,0.44393301010131836,0.7615928649902344,0.40541231632232666,0.7902787923812866,0.5644558668136597,0.7691532969474792,0.5082802176475525
person_nn_964.jpg,0.7802093029022217,0.07452671974897385,0.7850185036659241,0.06442586332559586,0.0,0.0,0.8057722449302673,0.06299102306365967,0.0,0.0,0.8404245972633362,0.14054453372955322,0.786008358001709,0.12016621977090836,0.8585954308509827,0.2453109472990036,0.7668368816375732,0.18742290139198303,0.831852376461029,0.3138943612575531,0.7456089854240417,0.23399989306926727,0.8089135885238647,0.3165971636772156,0.7751837968826294,0.2972279489040375,0.7977509498596191,0.44393301010131836,0.7615928649902344,0.40541231632232666,0.7902787923812866,0.5644558668136597,0.7691532969474792,0.5082802176475525
person_nn_965.jpg,0.7760962247848511,0.0736837089061737,0.7808406352996826,0.06374498456716537,0.0,0.0,0.8017514944076538,0.06334181874990463,0.0,0.0,0.8347796201705933,0.136305570602417,0.7839470505714417,0.11886881291866302,0.8493691086769104,0.23618769645690918,0.7611824870109558,0.1828356832265854,0.8260889053344727,0.30928659439086914,0.7391859292984009,0.2251892387866974,0.8071366548538208,0.3065074384212494,0.7757365107536316,0.28958767652511597,0.7972849011421204,0.43638601899147034,0.7634225487709045,0.4025040864944458,0.7890532612800598,0.5628786087036133,0.7673938274383545,0.5102514028549194
person_nn_966.jpg,0.7719773650169373,0.07714378833770752,0.7766658067703247,0.0674876719713211,0.0,0.0,0.7991008758544922,0.06580886989831924,0.0,0.0,0.8304942846298218,0.13235419988632202,0.7776345610618591,0.12045937776565552,0.8417279720306396,0.22924797236919403,0.7531113624572754,0.18006938695907593,0.8213199377059937,0.30487221479415894,0.7290695309638977,0.21896624565124512,0.8074020147323608,0.30429938435554504,0.7747673988342285,0.29322946071624756,0.7978275418281555,0.4303108751773834,0.7644361257553101,0.413642555475235,0.7837089896202087,0.5616191029548645,0.7680245637893677,0.5352171063423157
person_nn_967.jpg,0.7700808048248291,0.07550506293773651,0.7759870290756226,0.06570935994386673,0.7689964175224304,0.06598116457462311,0.7971474528312683,0.06587262451648712,0.0,0.0,0.8262585401535034,0.13406634330749512,0.7731301784515381,0.12200114130973816,0.8415299654006958,0.2286941260099411,0.7430334091186523,0.17574818432331085,0.8211326599121094,0.3031603693962097,0.7174645066261292,0.19702407717704773,0.8029550909996033,0.30063703656196594,0.7705700397491455,0.2888887822628021,0.7959232926368713,0.4261097013950348,0.7622194886207581,0.40297186374664307,0.7929496169090271,0.5545507669448853,0.7669751644134521,0.511978030204773
person_nn_968.jpg,0.7685941457748413,0.0757136195898056,0.7729747891426086,0.06441925466060638,0.0,0.0,0.7953924536705017,0.06276644021272659,0.0,0.0,0.8260473012924194,0.13198694586753845,0.7735109925270081,0.12228775024414062,0.8364378809928894,0.2351676970720291,0.7331452965736389,0.17010875046253204,0.8146690726280212,0.31033220887184143,0.7114361524581909,0.14274081587791443,0.8028604984283447,0.3111046850681305,0.7703224420547485,0.3015708923339844,0.7996625900268555,0.4263639748096466,0.762201726436615,0.40965524315834045,0.7905278205871582,0.5486299395561218,0.7624809145927429,0.5083764791488647
person_nn_969.jpg,0.767025887966156,0.07431615889072418,0.7731456756591797,0.06511760503053665,0.7663139700889587,0.06530243158340454,0.7959192991256714,0.06502459198236465,0.0,0.0,0.8227862119674683,0.12945088744163513,0.7679944634437561,0.12031567841768265,0.8384427428245544,0.22617794573307037,0.7328765988349915,0.1619734764099121,0.8197898864746094,0.2924521565437317,0.7233138680458069,0.1268938183784485,0.8001105189323425,0.3012827932834625,0.7669970989227295,0.29383111000061035,0.7926548719406128,0.42365700006484985,0.7614880800247192,0.41223421692848206,0.78928542137146,0.5491846799850464,0.7640193104743958,0.5152901411056519
person_nn_970.jpg,0.767025887966156,0.07431615889072418,0.7731456756591797,0.06511760503053665,0.7663139700889587,0.06530243158340454,0.7959192991256714,0.06502459198236465,0.0,0.0,0.8227862119674683,0.12945088744163513,0.7679944634437561,0.12031567841768265,0.8384427428245544,0.22617794573307037,0.7328765988349915,0.1619734764099121,0.8197898864746094,0.2924521565437317,0.7233138680458069,0.1268938183784485,0.8001105189323425,0.3012827932834625,0.7669970989227295,0.29383111000061035,0.7926548719406128,0.42365700006484985,0.7614880800247192,0.41223421692848206,0.78928542137146,0.5491846799850464,0.7640193104743958,0.5152901411056519
person_nn_971.jpg,0.7672304511070251,0.07539042085409164,0.7713977098464966,0.06445640325546265,0.0,0.0,0.7942015528678894,0.06240573152899742,0.0,0.0,0.8247789144515991,0.12803414463996887,0.7714759707450867,0.12104777246713638,0.8375390768051147,0.23061317205429077,0.7292949557304382,0.1601988673210144,0.8141530752182007,0.3122568726539612,0.7226294279098511,0.11074146628379822,0.7991049885749817,0.3033963143825531,0.7663777470588684,0.29584866762161255,0.7969999313354492,0.4196915030479431,0.7622315287590027,0.4072693884372711,0.7944658398628235,0.5347905158996582,0.7659891247749329,0.49525097012519836
person_nn_972.jpg,0.7681434154510498,0.07669045031070709,0.7724594473838806,0.06664952635765076,0.0,0.0,0.7939632534980774,0.06349597871303558,0.0,0.0,0.8237342238426208,0.12516656517982483,0.7724876403808594,0.12040483951568604,0.8387113213539124,0.22278955578804016,0.7384058237075806,0.1579803228378296,0.8224917054176331,0.2925838530063629,0.7231652140617371,0.10760751366615295,0.799232006072998,0.2939310371875763,0.7676180601119995,0.28694701194763184,0.7952836155891418,0.41244637966156006,0.7601970434188843,0.39923277497291565,0.7957906723022461,0.5354779958724976,0.7662678360939026,0.49361133575439453
person_nn_973.jpg,0.7665571570396423,0.07764510810375214,0.7711926102638245,0.06586676836013794,0.0,0.0,0.7932348251342773,0.06428144872188568,0.0,0.0,0.8217184543609619,0.12750953435897827,0.771568238735199,0.11619427800178528,0.8357356190681458,0.22642460465431213,0.7347081303596497,0.1517411172389984,0.8180292844772339,0.30154281854629517,0.7205213904380798,0.110990509390831,0.8016960024833679,0.29798537492752075,0.7706655859947205,0.2892427444458008,0.7965313792228699,0.41499409079551697,0.7650408744812012,0.40559908747673035,0.7917885780334473,0.5257312059402466,0.7679970860481262,0.5009938478469849
person_nn_974.jpg,0.9664940237998962,0.5033695697784424,0.9726637005805969,0.48234111070632935,0.9529517889022827,0.48811089992523193,0.0,0.0,0.9140937328338623,0.4715975821018219,0.9633225798606873,0.5021007061004639,0.8754088282585144,0.5398005247116089,0.0,0.0,0.8546700477600098,0.7063920497894287,0.9809116125106812,0.6780827045440674,0.9380286335945129,0.7313540577888489,0.9263309240341187,0.7546244859695435,0.8636955618858337,0.7773684859275818,0.0,0.0,0.8702812194824219,0.8198583722114563,0.0,0.0,0.0,0.0
person_nn_975.jpg,0.7654159069061279,0.07776477187871933,0.7700560688972473,0.06542555242776871,0.7654170393943787,0.0682811364531517,0.7925131916999817,0.06266849488019943,0.0,0.0,0.8227428793907166,0.12679485976696014,0.7701159119606018,0.1176835373044014,0.8359163403511047,0.22467343509197235,0.728104293346405,0.1506248116493225,0.8170461654663086,0.30757686495780945,0.7188758254051208,0.10261186957359314,0.8001351952552795,0.2978002429008484,0.7675323486328125,0.2889576554298401,0.7974515557289124,0.41667893528938293,0.7618516683578491,0.40404069423675537,0.7951968312263489,0.5343732833862305,0.7650772333145142,0.49971482157707214
person_nn_976.jpg,0.954599916934967,0.49821794033050537,0.9623404145240784,0.47446951270103455,0.93941330909729,0.4772891104221344,0.0,0.0,0.8973418474197388,0.45702752470970154,0.9430296421051025,0.5028980374336243,0.8620798587799072,0.5397989153862,0.9570969939231873,0.6055164337158203,0.8484933376312256,0.7151781320571899,0.97733074426651,0.6042842268943787,0.9044374823570251,0.7242786884307861,0.9112468957901001,0.7784962058067322,0.8518813848495483,0.8020214438438416,0.0,0.0,0.85832279920578,0.8477320075035095,0.0,0.0,0.0,0.0
person_nn_977.jpg,0.7654159069061279,0.07776477187871933,0.7700560688972473,0.06542555242776871,0.7654170393943787,0.0682811364531517,0.7925131916999817,0.06266849488019943,0.0,0.0,0.8227428793907166,0.12679485976696014,0.7701159119606018,0.1176835373044014,0.8359163403511047,0.22467343509197235,0.728104293346405,0.1506248116493225,0.8170461654663086,0.30757686495780945,0.7188758254051208,0.10261186957359314,0.8001351952552795,0.2978002429008484,0.7675323486328125,0.2889576554298401,0.7974515557289124,0.41667893528938293,0.7618516683578491,0.40404069423675537,0.7951968312263489,0.5343732833862305,0.7650772333145142,0.49971482157707214
person_nn_978.jpg,0.954599916934967,0.49821794033050537,0.9623404145240784,0.47446951270103455,0.93941330909729,0.4772891104221344,0.0,0.0,0.8973418474197388,0.45702752470970154,0.9430296421051025,0.5028980374336243,0.8620798587799072,0.5397989153862,0.9570969939231873,0.6055164337158203,0.8484933376312256,0.7151781320571899,0.97733074426651,0.6042842268943787,0.9044374823570251,0.7242786884307861,0.9112468957901001,0.7784962058067322,0.8518813848495483,0.8020214438438416,0.0,0.0,0.85832279920578,0.8477320075035095,0.0,0.0,0.0,0.0
person_nn_979.jpg,0.9385263919830322,0.485726922750473,0.9446066617965698,0.46194884181022644,0.9250363111495972,0.4676750600337982,0.0,0.0,0.8875170946121216,0.4448506534099579,0.947031557559967,0.47437626123428345,0.8459458947181702,0.5094997882843018,0.9587981104850769,0.626933753490448,0.8361585140228271,0.7029827833175659,0.9554921388626099,0.6642610430717468,0.9108349084854126,0.7144458293914795,0.9093000888824463,0.7596203684806824,0.8335319757461548,0.7789027690887451,0.951744019985199,0.8723558783531189,0.82133549451828,0.8995050191879272,0.0,0.0,0.0,0.0
person_nn_980.jpg,0.7643967866897583,0.07867980748414993,0.7690441012382507,0.06561535596847534,0.7641468048095703,0.06894685328006744,0.7924370169639587,0.06256356090307236,0.0,0.0,0.823817789554596,0.1279774010181427,0.769315779209137,0.11949625611305237,0.8373500108718872,0.22768157720565796,0.724440336227417,0.1531630903482437,0.8144199848175049,0.3062106668949127,0.7170973420143127,0.10197988152503967,0.8007398247718811,0.306098610162735,0.7665074467658997,0.29759490489959717,0.7989845871925354,0.42844676971435547,0.7605078816413879,0.41720762848854065,0.7948967218399048,0.5391885638237,0.7597817778587341,0.507448136806488
person_nn_981.jpg,0.7651544809341431,0.07834415137767792,0.7693371176719666,0.06721372157335281,0.0,0.0,0.7914496660232544,0.06132502853870392,0.0,0.0,0.8211082220077515,0.12049399316310883,0.7653008103370667,0.11747609823942184,0.8361533880233765,0.2195734977722168,0.7240455150604248,0.1531270146369934,0.8135886788368225,0.29798781871795654,0.7184950113296509,0.10400650650262833,0.7973925471305847,0.293057382106781,0.7631781101226807,0.2888139486312866,0.7959216833114624,0.4115809500217438,0.7589064836502075,0.40699416399002075,0.7961075901985168,0.5349674224853516,0.7642041444778442,0.5068756341934204
person_nn_982.jpg,0.9274324774742126,0.47885191440582275,0.9348633289337158,0.4576264023780823,0.9144150614738464,0.4616398513317108,0.0,0.0,0.8797135949134827,0.4366280138492584,0.939235508441925,0.46486958861351013,0.8395078182220459,0.48646438121795654,0.9491422176361084,0.6060419082641602,0.8130172491073608,0.6567051410675049,0.9511727690696716,0.6527122259140015,0.8728599548339844,0.7034344673156738,0.9005340933799744,0.7341676950454712,0.8271613717079163,0.7466030120849609,0.9253336787223816,0.8271880745887756,0.8002434372901917,0.8490737676620483,0.0,0.0,0.0,0.0
person_nn_983.jpg,0.9207099080085754,0.4740597903728485,0.9278200268745422,0.44954702258110046,0.9054790139198303,0.4546707272529602,0.0,0.0,0.8652288317680359,0.4428476393222809,0.9279870986938477,0.4996134340763092,0.8211262226104736,0.5196720361709595,0.9360226988792419,0.6416052579879761,0.8039419054985046,0.6722027659416199,0.9223426580429077,0.6937868595123291,0.8739660978317261,0.7031006217002869,0.8904367089271545,0.7385146617889404,0.8159416317939758,0.7511986494064331,0.8919066786766052,0.8281946778297424,0.7777221202850342,0.8609389066696167,0.0,0.0,0.0,0.0
person_nn_984.jpg,0.9147483706474304,0.4732185900211334,0.9229975342750549,0.4543565511703491,0.9006322622299194,0.4561738669872284,0.0,0.0,0.8640162944793701,0.44194549322128296,0.930372953414917,0.4922540783882141,0.8195710778236389,0.5065062046051025,0.9413449168205261,0.6295861601829529,0.7969741225242615,0.6593558192253113,0.9354360699653625,0.692241370677948,0.8603151440620422,0.7010298371315002,0.8895664215087891,0.7077213525772095,0.8116813898086548,0.7152013778686523,0.8870141506195068,0.8221832513809204,0.767095148563385,0.844476044178009,0.0,0.0,0.741193950176239,0.9705910086631775
person_nn_985.jpg,0.9147483706474304,0.4732185900211334,0.9229975342750549,0.4543565511703491,0.9006322622299194,0.4561738669872284,0.0,0.0,0.8640162944793701,0.44194549322128296,0.930372953414917,0.4922540783882141,0.8195710778236389,0.5065062046051025,0.9413449168205261,0.6295861601829529,0.7969741225242615,0.6593558192253113,0.9354360699653625,0.692241370677948,0.8603151440620422,0.7010298371315002,0.8895664215087891,0.7077213525772095,0.8116813898086548,0.7152013778686523,0.8870141506195068,0.8221832513809204,0.767095148563385,0.844476044178009,0.0,0.0,0.741193950176239,0.9705910086631775
person_nn_986.jpg,0.9087993502616882,0.47108209133148193,0.9172212481498718,0.4478435814380646,0.8948533535003662,0.45114338397979736,0.0,0.0,0.8594965934753418,0.4373892843723297,0.9249022603034973,0.5012840032577515,0.8169858455657959,0.5112314820289612,0.9297336935997009,0.6373958587646484,0.7977940440177917,0.6548696160316467,0.9245032072067261,0.6889787912368774,0.8589411973953247,0.6967180967330933,0.8879584074020386,0.7198727130889893,0.8103547692298889,0.7279958724975586,0.9110928177833557,0.8000895977020264,0.7721682786941528,0.8218838572502136,0.0,0.0,0.0,0.0
person_nn_987.jpg,0.9057464003562927,0.4694529175758362,0.9127552509307861,0.4501303732395172,0.8935596942901611,0.4519655406475067,0.0,0.0,0.8586865067481995,0.4389529824256897,0.9286461472511292,0.5059938430786133,0.8115999102592468,0.509853184223175,0.9495542049407959,0.6563425660133362,0.7909103035926819,0.6622604131698608,0.9195123314857483,0.6878271698951721,0.8577362895011902,0.6975241899490356,0.8894798755645752,0.7274582982063293,0.8082622289657593,0.7291181683540344,0.8930047750473022,0.8199634552001953,0.7667918801307678,0.8311004638671875,0.0,0.0,0.0,0.0
person_nn_988.jpg,0.90586918592453,0.4723856747150421,0.9130281209945679,0.45287373661994934,0.8940401077270508,0.4539368152618408,0.0,0.0,0.8584508299827576,0.4376295506954193,0.9262310266494751,0.5033919215202332,0.810911238193512,0.5075497031211853,0.9463505148887634,0.6518430709838867,0.7912226915359497,0.6609645485877991,0.9181337952613831,0.6983422636985779,0.8589791655540466,0.6995580792427063,0.8824194669723511,0.726760745048523,0.8049286007881165,0.7266254425048828,0.8701614141464233,0.8376254439353943,0.7658361792564392,0.8445404171943665,0.0,0.0,0.0,0.0
person_nn_989.jpg,0.9080802798271179,0.4738085865974426,0.0,0.0,0.8958655595779419,0.4569631814956665,0.0,0.0,0.8579599857330322,0.44130203127861023,0.9277803301811218,0.5016082525253296,0.8102383613586426,0.506455659866333,0.9454237222671509,0.6606242060661316,0.7923724055290222,0.6649298667907715,0.9159570932388306,0.6955637335777283,0.8632540106773376,0.6996951699256897,0.890956699848175,0.7201136946678162,0.807333767414093,0.7224328517913818,0.9069619178771973,0.8326928019523621,0.764329195022583,0.8401087522506714,0.0,0.0,0.0,0.0
person_nn_990.jpg,0.9080802798271179,0.4738085865974426,0.0,0.0,0.8958655595779419,0.4569631814956665,0.0,0.0,0.8579599857330322,0.44130203127861023,0.9277803301811218,0.5016082525253296,0.8102383613586426,0.506455659866333,0.9454237222671509,0.6606242060661316,0.7923724055290222,0.6649298667907715,0.9159570932388306,0.6955637335777283,0.8632540106773376,0.6996951699256897,0.890956699848175,0.7201136946678162,0.807333767414093,0.7224328517913818,0.9069619178771973,0.8326928019523621,0.764329195022583,0.8401087522506714,0.0,0.0,0.0,0.0
person_nn_991.jpg,0.9070003032684326,0.4770975708961487,0.0,0.0,0.8949612379074097,0.4617215394973755,0.0,0.0,0.8584453463554382,0.44334614276885986,0.9237024784088135,0.48885080218315125,0.8110069036483765,0.5035451650619507,0.9419234991073608,0.6439092755317688,0.7930277585983276,0.6644169688224792,0.9163394570350647,0.6856680512428284,0.8651919960975647,0.6990739703178406,0.8843804001808167,0.7076563239097595,0.807397186756134,0.7145781517028809,0.8777124285697937,0.823309063911438,0.7669282555580139,0.8442515134811401,0.0,0.0,0.0,0.0
person_nn_992.jpg,0.8989221453666687,0.47835013270378113,0.9068507552146912,0.4586026072502136,0.8868836164474487,0.46109312772750854,0.0,0.0,0.8537017107009888,0.4386953115463257,0.9228458404541016,0.48978668451309204,0.8110342621803284,0.501630425453186,0.9431517720222473,0.6465157866477966,0.7927857041358948,0.6663171648979187,0.9139879941940308,0.6926228404045105,0.8629875183105469,0.6956327557563782,0.8805356621742249,0.7130280137062073,0.8054649233818054,0.71698397397995,0.865990161895752,0.8328081369400024,0.7652332186698914,0.849029004573822,0.0,0.0,0.0,0.0
person_nn_993.jpg,0.8950947523117065,0.4761382043361664,0.9040656685829163,0.45439666509628296,0.8811512589454651,0.4572504758834839,0.0,0.0,0.8495837450027466,0.43675848841667175,0.9224944114685059,0.5017344951629639,0.8114756345748901,0.5040908455848694,0.9431540369987488,0.6781384944915771,0.7925471067428589,0.6715894341468811,0.9090120792388916,0.6972575783729553,0.858408510684967,0.6967924237251282,0.8796994090080261,0.7260891795158386,0.8061181902885437,0.7279567122459412,0.8672502040863037,0.831775963306427,0.7725257873535156,0.8519997596740723,0.0,0.0,0.0,0.0
person_nn_994.jpg,0.8964545130729675,0.47376784682273865,0.9052937030792236,0.4537617564201355,0.8837512731552124,0.4548357129096985,0.0,0.0,0.8515954613685608,0.4382692873477936,0.9231741428375244,0.5088374614715576,0.810504674911499,0.5093812346458435,0.9423019289970398,0.6677765846252441,0.7917757630348206,0.6652611494064331,0.9094350934028625,0.696958065032959,0.8588603734970093,0.6932129859924316,0.8825942873954773,0.7226207256317139,0.8045852184295654,0.7231502532958984,0.8876795768737793,0.8325250148773193,0.7671820521354675,0.8436723947525024,0.0,0.0,0.0,0.0
person_nn_995.jpg,0.9032957553863525,0.4774288833141327,0.9105620980262756,0.4560357630252838,0.8898802399635315,0.4604862332344055,0.0,0.0,0.855615496635437,0.4435858130455017,0.9245782494544983,0.5001601576805115,0.8128042221069336,0.5082089304924011,0.9399087429046631,0.6598007678985596,0.7916231751441956,0.6637856960296631,0.9121106863021851,0.6974397301673889,0.8584749698638916,0.6928809881210327,0.8789061903953552,0.7120387554168701,0.8020747900009155,0.7166066765785217,0.8813687562942505,0.8282514810562134,0.7658032774925232,0.848253071308136,0.0,0.0,0.0,0.0
person_nn_996.jpg,0.9032957553863525,0.4774288833141327,0.9105620980262756,0.4560357630252838,0.8898802399635315,0.4604862332344055,0.0,0.0,0.855615496635437,0.4435858130455017,0.9245782494544983,0.5001601576805115,0.8128042221069336,0.5082089304924011,0.9399087429046631,0.6598007678985596,0.7916231751441956,0.6637856960296631,0.9121106863021851,0.6974397301673889,0.8584749698638916,0.6928809881210327,0.8789061903953552,0.7120387554168701,0.8020747900009155,0.7166066765785217,0.8813687562942505,0.8282514810562134,0.7658032774925232,0.848253071308136,0.0,0.0,0.0,0.0
person_nn_997.jpg,0.905089259147644,0.4766983091831207,0.0,0.0,0.8916850686073303,0.4614546298980713,0.0,0.0,0.8551458120346069,0.44637033343315125,0.9237123131752014,0.497529000043869,0.8116380572319031,0.5082893967628479,0.9400206804275513,0.6559226512908936,0.7905091643333435,0.6633890867233276,0.9123135805130005,0.6959808468818665,0.8583030700683594,0.6926496028900146,0.879893958568573,0.7150899171829224,0.803977906703949,0.7199137210845947,0.872090756893158,0.8307056427001953,0.7651899456977844,0.8490512371063232,0.0,0.0,0.0,0.0
person_nn_998.jpg,0.9021583199501038,0.4769815504550934,0.0,0.0,0.888197124004364,0.46038496494293213,0.0,0.0,0.8523690104484558,0.4442215859889984,0.9248049259185791,0.5009210109710693,0.810789942741394,0.506862461566925,0.9396427273750305,0.6617729663848877,0.7893630862236023,0.6626176238059998,0.9110527038574219,0.6970946192741394,0.8560277819633484,0.695678174495697,0.8821495175361633,0.722542941570282,0.8028978109359741,0.7254725098609924,0.8865501880645752,0.8434059619903564,0.7641618251800537,0.8568156957626343,0.0,0.0,0.0,0.0
person_nn_999.jpg,0.9030134677886963,0.4743891954421997,0.9095984101295471,0.4517708420753479,0.8880008459091187,0.45682892203330994,0.0,0.0,0.8498823046684265,0.441308856010437,0.9253884553909302,0.5025759935379028,0.8083693981170654,0.5111217498779297,0.9389904141426086,0.6631098389625549,0.7890416383743286,0.667214572429657,0.9094091057777405,0.6977838277816772,0.8592182993888855,0.6959121823310852,0.8858137726783752,0.7206183075904846,0.8040333390235901,0.7256134152412415,0.8962560296058655,0.841812014579773,0.762855052947998,0.8578871488571167,0.0,0.0,0.0,0.0
person_nn_1000.jpg,0.9028579592704773,0.4774493873119354,0.9096071124076843,0.45502132177352905,0.8875582218170166,0.4600526988506317,0.0,0.0,0.8492622971534729,0.4439667761325836,0.9262915253639221,0.5033077597618103,0.8082152009010315,0.5124228596687317,0.9381323456764221,0.6621105670928955,0.7890502214431763,0.6676512956619263,0.9093905091285706,0.6983398795127869,0.858780562877655,0.6944108009338379,0.8871216177940369,0.7201801538467407,0.8040267825126648,0.7255375385284424,0.9017968773841858,0.8407052159309387,0.7625471353530884,0.8563376069068909,0.0,0.0,0.0,0.0
person_nn_1001.jpg,0.9028579592704773,0.4774493873119354,0.9096071124076843,0.45502132177352905,0.8875582218170166,0.4600526988506317,0.0,0.0,0.8492622971534729,0.4439667761325836,0.9262915253639221,0.5033077597618103,0.8082152009010315,0.5124228596687317,0.9381323456764221,0.6621105670928955,0.7890502214431763,0.6676512956619263,0.9093905091285706,0.6983398795127869,0.858780562877655,0.6944108009338379,0.8871216177940369,0.7201801538467407,0.8040267825126648,0.7255375385284424,0.9017968773841858,0.8407052159309387,0.7625471353530884,0.8563376069068909,0.0,0.0,0.0,0.0
person_nn_1002.jpg,0.9009929895401001,0.47688111662864685,0.9080443978309631,0.4561290442943573,0.8863695859909058,0.4594975709915161,0.0,0.0,0.8487128615379333,0.44085392355918884,0.9263778328895569,0.5005080103874207,0.8069413900375366,0.5094509124755859,0.9365241527557373,0.65692538022995,0.788917601108551,0.6680004596710205,0.9076575636863708,0.6998122930526733,0.8575899004936218,0.6991723775863647,0.8893951773643494,0.7189363837242126,0.8042842149734497,0.7241842746734619,0.9128156900405884,0.8382381796836853,0.7626999616622925,0.8506516814231873,0.0,0.0,0.0,0.0
person_nn_1003.jpg,0.7616267204284668,0.0790533795952797,0.7666003704071045,0.06610390543937683,0.7615196704864502,0.06996557116508484,0.7898767590522766,0.06257922202348709,0.0,0.0,0.8203262090682983,0.12304696440696716,0.7651155591011047,0.11478962004184723,0.836123526096344,0.21942336857318878,0.7236027717590332,0.1510981172323227,0.8186669945716858,0.3095643222332001,0.7201715707778931,0.1007804274559021,0.8034543395042419,0.30511078238487244,0.7682602405548096,0.2984926402568817,0.8049135804176331,0.42152222990989685,0.765417754650116,0.41771602630615234,0.8028179407119751,0.5235954523086548,0.767541766166687,0.5049214363098145
person_nn_1004.jpg,0.9031959176063538,0.475297749042511,0.9094147086143494,0.4526287317276001,0.8877371549606323,0.4569651186466217,0.0,0.0,0.8471256494522095,0.4397648572921753,0.9212965369224548,0.5006036162376404,0.8071650266647339,0.5067316293716431,0.934443473815918,0.662510871887207,0.7886815071105957,0.6625148057937622,0.9071222543716431,0.7020031213760376,0.85186368227005,0.700693666934967,0.8892695307731628,0.7211423516273499,0.8070361018180847,0.7266976833343506,0.9132730960845947,0.837121844291687,0.7634508013725281,0.8537998199462891,0.0,0.0,0.0,0.0
person_nn_1005.jpg,0.7616455554962158,0.07936950773000717,0.7666873931884766,0.06603741645812988,0.7614415884017944,0.07003525644540787,0.7902784943580627,0.0618622712790966,0.0,0.0,0.8202701210975647,0.12345414608716965,0.7654660940170288,0.11468905210494995,0.8345951437950134,0.22153961658477783,0.7235171794891357,0.15150631964206696,0.8176954388618469,0.3117726743221283,0.7202373743057251,0.10056865960359573,0.8029705286026001,0.3060634136199951,0.76809161901474,0.29922235012054443,0.8041734099388123,0.421623170375824,0.765131950378418,0.41761261224746704,0.8015175461769104,0.5224697589874268,0.767432451248169,0.503669261932373
person_nn_1006.jpg,0.9010644555091858,0.47484537959098816,0.9079452157020569,0.4535623788833618,0.8865824341773987,0.4573870897293091,0.0,0.0,0.8483787178993225,0.4405621886253357,0.9213204383850098,0.49842754006385803,0.8059772253036499,0.5093579292297363,0.93499356508255,0.6552234888076782,0.7876479029655457,0.6680604219436646,0.9081785678863525,0.7049127817153931,0.8575995564460754,0.697971522808075,0.8847156167030334,0.7157766819000244,0.8038500547409058,0.7224133610725403,0.8972695469856262,0.8302693367004395,0.7645425200462341,0.8486473560333252,0.0,0.0,0.0,0.0
person_nn_1007.jpg,0.9017196297645569,0.4774842858314514,0.9077985286712646,0.4507187008857727,0.8868354558944702,0.4559233486652374,0.0,0.0,0.8469058871269226,0.4382941722869873,0.9187418818473816,0.5010705590248108,0.7997543811798096,0.5146999359130859,0.9367805123329163,0.659770131111145,0.7864542007446289,0.6684245467185974,0.9044864773750305,0.7010653018951416,0.8508894443511963,0.6996827125549316,0.8813411593437195,0.7464216947555542,0.7986065149307251,0.755171000957489,0.8825730681419373,0.8949818015098572,0.7551609873771667,0.9241422414779663,0.0,0.0,0.0,0.0
person_nn_1008.jpg,0.9017196297645569,0.4774842858314514,0.9077985286712646,0.4507187008857727,0.8868354558944702,0.4559233486652374,0.0,0.0,0.8469058871269226,0.4382941722869873,0.9187418818473816,0.5010705590248108,0.7997543811798096,0.5146999359130859,0.9367805123329163,0.659770131111145,0.7864542007446289,0.6684245467185974,0.9044864773750305,0.7010653018951416,0.8508894443511963,0.6996827125549316,0.8813411593437195,0.7464216947555542,0.7986065149307251,0.755171000957489,0.8825730681419373,0.8949818015098572,0.7551609873771667,0.9241422414779663,0.0,0.0,0.0,0.0
person_nn_1009.jpg,0.8800831437110901,0.4630165994167328,0.8910694718360901,0.44002678990364075,0.8655442595481873,0.440151572227478,0.0,0.0,0.8391372561454773,0.44234567880630493,0.9203275442123413,0.5213231444358826,0.8010690212249756,0.5294005274772644,0.9401012659072876,0.6584165692329407,0.7862804532051086,0.6691867709159851,0.9030666947364807,0.6952724456787109,0.8530828356742859,0.6987180709838867,0.8812341690063477,0.7364529967308044,0.7968888878822327,0.737640380859375,0.8650468587875366,0.9077273607254028,0.7560182809829712,0.9177784323692322,0.0,0.0,0.0,0.0
person_nn_1010.jpg,0.7730235457420349,0.06388647854328156,0.7820589542388916,0.05277392640709877,0.7707697153091431,0.05429943650960922,0.8036268353462219,0.05904095247387886,0.0,0.0,0.8231677412986755,0.1286362260580063,0.762292742729187,0.12292700260877609,0.8394289612770081,0.22831939160823822,0.7226679921150208,0.15515726804733276,0.829919159412384,0.3129546046257019,0.7157472372055054,0.09365685284137726,0.8052713871002197,0.31640687584877014,0.766106903553009,0.31333300471305847,0.8070359826087952,0.44565796852111816,0.7667309045791626,0.4450612962245941,0.8121389150619507,0.5524463057518005,0.7697796821594238,0.5327014923095703
person_nn_1011.jpg,0.8801411390304565,0.4616468846797943,0.8907620310783386,0.43924733996391296,0.8662514686584473,0.43918320536613464,0.0,0.0,0.8405994176864624,0.44122883677482605,0.9192853569984436,0.5231050848960876,0.8021174669265747,0.5290271639823914,0.937813401222229,0.6598997712135315,0.7852556705474854,0.6684845685958862,0.903087317943573,0.6972126960754395,0.8509178757667542,0.7023172378540039,0.8785078525543213,0.7400030493736267,0.7958633899688721,0.7399020195007324,0.8627458214759827,0.9111950397491455,0.7563802599906921,0.9181617498397827,0.0,0.0,0.0,0.0
person_nn_1012.jpg,0.7745456695556641,0.06317770481109619,0.783079981803894,0.05003779008984566,0.7688248157501221,0.05418534576892853,0.8035068511962891,0.05204921215772629,0.0,0.0,0.8234174251556396,0.11950336396694183,0.758998453617096,0.12369803339242935,0.8423367142677307,0.21784242987632751,0.7210836410522461,0.16101326048374176,0.8357837200164795,0.30268171429634094,0.7307223677635193,0.08548950403928757,0.8095054626464844,0.3094155788421631,0.7684286832809448,0.311652809381485,0.8111913204193115,0.43869027495384216,0.7719925045967102,0.44434747099876404,0.8141277432441711,0.5579864382743835,0.7717509865760803,0.5369129180908203
person_nn_1013.jpg,0.8678781986236572,0.45260706543922424,0.881377100944519,0.43341609835624695,0.8558225035667419,0.4313630759716034,0.9001342058181763,0.43815311789512634,0.8345414996147156,0.43220388889312744,0.9160262942314148,0.5314550995826721,0.8005603551864624,0.5276765823364258,0.9346517324447632,0.6671716570854187,0.78596431016922,0.667179524898529,0.9044692516326904,0.696631669998169,0.8520577549934387,0.7028926014900208,0.8844131231307983,0.7389844655990601,0.8017776012420654,0.7368621230125427,0.8959354162216187,0.8541018962860107,0.76116544008255,0.857711911201477,0.0,0.0,0.0,0.0
person_nn_1014.jpg,0.8739900588989258,0.46161946654319763,0.8874223232269287,0.441122442483902,0.8613601326942444,0.439055472612381,0.9054821729660034,0.43905511498451233,0.8380643129348755,0.4331623911857605,0.9192220568656921,0.5320391058921814,0.8032259345054626,0.5280260443687439,0.9333848357200623,0.6680095195770264,0.7864946126937866,0.6675251126289368,0.9036623239517212,0.6984609365463257,0.8511793613433838,0.7020928263664246,0.8880580067634583,0.7393141388893127,0.804518461227417,0.7381176948547363,0.9101566076278687,0.8445236086845398,0.7650197148323059,0.8492960333824158,0.0,0.0,0.0,0.0
person_nn_1015.jpg,0.882889449596405,0.47095468640327454,0.8946447968482971,0.45011311769485474,0.869047999382019,0.4488646388053894,0.0,0.0,0.8400170803070068,0.4338449537754059,0.9201475977897644,0.515500009059906,0.8013063073158264,0.5121440291404724,0.9334887862205505,0.666965901851654,0.7854472994804382,0.665153980255127,0.9049778580665588,0.6985136270523071,0.8516685962677002,0.7047635316848755,0.8838469982147217,0.7325174808502197,0.7992234230041504,0.7324792742729187,0.9020432829856873,0.8500635027885437,0.7613980770111084,0.8582853078842163,0.0,0.0,0.0,0.0
person_nn_1016.jpg,0.882889449596405,0.47095468640327454,0.8946447968482971,0.45011311769485474,0.869047999382019,0.4488646388053894,0.0,0.0,0.8400170803070068,0.4338449537754059,0.9201475977897644,0.515500009059906,0.8013063073158264,0.5121440291404724,0.9334887862205505,0.666965901851654,0.7854472994804382,0.665153980255127,0.9049778580665588,0.6985136270523071,0.8516685962677002,0.7047635316848755,0.8838469982147217,0.7325174808502197,0.7992234230041504,0.7324792742729187,0.9020432829856873,0.8500635027885437,0.7613980770111084,0.8582853078842163,0.0,0.0,0.0,0.0
person_nn_1017.jpg,0.8784785866737366,0.4662781357765198,0.8913053274154663,0.44686758518218994,0.8653103709220886,0.44373127818107605,0.0,0.0,0.837692141532898,0.42826929688453674,0.9163873195648193,0.5120478272438049,0.7985497117042542,0.5082479119300842,0.9337053894996643,0.6643663644790649,0.7855392098426819,0.6666854619979858,0.9053145051002502,0.6968412399291992,0.8527078032493591,0.7052381634712219,0.883807897567749,0.7310988903045654,0.7998436689376831,0.7317955493927002,0.9021593928337097,0.8426260352134705,0.764839768409729,0.8540399074554443,0.0,0.0,0.0,0.0
person_nn_1018.jpg,0.8762332797050476,0.4699540138244629,0.8906808495521545,0.45041123032569885,0.8631731867790222,0.4445539712905884,0.9090986251831055,0.4440007507801056,0.8380680680274963,0.43083012104034424,0.9169753789901733,0.5282360315322876,0.7973303198814392,0.519933819770813,0.9318267107009888,0.6668488383293152,0.7821497321128845,0.6632247567176819,0.9016692042350769,0.7012951374053955,0.8417214751243591,0.7042917013168335,0.8852097988128662,0.7359164357185364,0.7995110750198364,0.7353624701499939,0.9103235602378845,0.8700653314590454,0.7661038041114807,0.8817750215530396,0.0,0.0,0.0,0.0
person_nn_1019.jpg,0.8744589686393738,0.4664135277271271,0.8892156481742859,0.44798070192337036,0.8618044257164001,0.442158967256546,0.9064931869506836,0.44670695066452026,0.8355644345283508,0.4322722852230072,0.9150731563568115,0.5315970778465271,0.7985102534294128,0.5245407819747925,0.9323923587799072,0.6597487330436707,0.7855808734893799,0.6654789447784424,0.9039435982704163,0.6989760398864746,0.8479457497596741,0.7033906579017639,0.8841624855995178,0.7292022705078125,0.8007948398590088,0.7273591756820679,0.9110057950019836,0.8275647163391113,0.766797661781311,0.8306569457054138,0.0,0.0,0.0,0.0
person_nn_1020.jpg,0.8772181868553162,0.46813589334487915,0.8907018303871155,0.44751212000846863,0.8641303777694702,0.4444773495197296,0.9073777198791504,0.4421299695968628,0.838087260723114,0.4341847598552704,0.9176364541053772,0.5320045948028564,0.802605926990509,0.5288477540016174,0.9325761198997498,0.6577544808387756,0.78497314453125,0.6643288731575012,0.9034228324890137,0.6972963213920593,0.8476942181587219,0.7027327418327332,0.8842894434928894,0.7311789989471436,0.8026463985443115,0.730500340461731,0.9094148874282837,0.8280231952667236,0.767230212688446,0.8323853015899658,0.0,0.0,0.0,0.0
person_nn_1021.jpg,0.8772181868553162,0.46813589334487915,0.8907018303871155,0.44751212000846863,0.8641303777694702,0.4444773495197296,0.9073777198791504,0.4421299695968628,0.838087260723114,0.4341847598552704,0.9176364541053772,0.5320045948028564,0.802605926990509,0.5288477540016174,0.9325761198997498,0.6577544808387756,0.78497314453125,0.6643288731575012,0.9034228324890137,0.6972963213920593,0.8476942181587219,0.7027327418327332,0.8842894434928894,0.7311789989471436,0.8026463985443115,0.730500340461731,0.9094148874282837,0.8280231952667236,0.767230212688446,0.8323853015899658,0.0,0.0,0.0,0.0
person_nn_1022.jpg,0.8770636916160583,0.4693054258823395,0.8909796476364136,0.4487656056880951,0.8645821213722229,0.44473502039909363,0.9078565239906311,0.4425216615200043,0.8390741348266602,0.43209075927734375,0.9170976281166077,0.5306124687194824,0.8022484183311462,0.5277652740478516,0.9323533177375793,0.6560794711112976,0.7849692702293396,0.6665130853652954,0.9042989611625671,0.6966258883476257,0.8477843403816223,0.7022556662559509,0.8839490413665771,0.7296465039253235,0.8025642037391663,0.7290529608726501,0.9076328277587891,0.8295817971229553,0.7659919261932373,0.8342210650444031,0.0,0.0,0.0,0.0
person_nn_1023.jpg,0.8774607181549072,0.469638466835022,0.8913003206253052,0.4497838318347931,0.864896297454834,0.44587188959121704,0.9085676074028015,0.4390309154987335,0.8394199013710022,0.42909419536590576,0.9188573360443115,0.5161744952201843,0.8021735548973083,0.5125806927680969,0.9334630370140076,0.6521188616752625,0.7826049327850342,0.6598525047302246,0.9056620001792908,0.6964317560195923,0.8463957905769348,0.7008647918701172,0.8857860565185547,0.721738338470459,0.802859365940094,0.7210142612457275,0.9083112478256226,0.8330910205841064,0.767065703868866,0.8375471830368042,0.0,0.0,0.0,0.0
person_nn_1024.jpg,0.8703740835189819,0.4614187180995941,0.8852957487106323,0.44257262349128723,0.8586862087249756,0.437529057264328,0.9050208330154419,0.43579885363578796,0.8362720012664795,0.42287111282348633,0.9145419597625732,0.5114895105361938,0.8001783490180969,0.507900059223175,0.9352075457572937,0.6516007781028748,0.7829713225364685,0.661319375038147,0.9044299721717834,0.6958827972412109,0.8483240008354187,0.7016119360923767,0.8832845687866211,0.7192116975784302,0.8023243546485901,0.7186743021011353,0.8999081254005432,0.8264238238334656,0.7686558961868286,0.8339174389839172,0.0,0.0,0.0,0.0
person_nn_1025.jpg,0.8708399534225464,0.4623590111732483,0.8858368396759033,0.44314324855804443,0.859239935874939,0.4378367066383362,0.9052696824073792,0.43697747588157654,0.8365835547447205,0.42330628633499146,0.9148328304290771,0.5153851509094238,0.7994848489761353,0.5114787817001343,0.9351292252540588,0.6518535614013672,0.7834025025367737,0.661939799785614,0.9045508503913879,0.6965358853340149,0.8478365540504456,0.70383620262146,0.8842002749443054,0.7219048142433167,0.8021520376205444,0.7215489745140076,0.9051922559738159,0.8284618258476257,0.7685335874557495,0.836171567440033,0.0,0.0,0.0,0.0
person_nn_1026.jpg,0.8708399534225464,0.4623590111732483,0.8858368396759033,0.44314324855804443,0.859239935874939,0.4378367066383362,0.9052696824073792,0.43697747588157654,0.8365835547447205,0.42330628633499146,0.9148328304290771,0.5153851509094238,0.7994848489761353,0.5114787817001343,0.9351292252540588,0.6518535614013672,0.7834025025367737,0.661939799785614,0.9045508503913879,0.6965358853340149,0.8478365540504456,0.70383620262146,0.8842002749443054,0.7219048142433167,0.8021520376205444,0.7215489745140076,0.9051922559738159,0.8284618258476257,0.7685335874557495,0.836171567440033,0.0,0.0,0.0,0.0
person_nn_1027.jpg,0.8708897233009338,0.4622347950935364,0.8854772448539734,0.4431392550468445,0.8589592576026917,0.43845561146736145,0.9047756791114807,0.4370711147785187,0.83599454164505,0.425172358751297,0.9158548712730408,0.5161868929862976,0.799913227558136,0.5121683478355408,0.9358994960784912,0.6523804068565369,0.7826841473579407,0.6603986620903015,0.9048054218292236,0.6957708597183228,0.8472995758056641,0.703061044216156,0.8849925994873047,0.7219904065132141,0.802373468875885,0.7211577296257019,0.9062207937240601,0.8310056924819946,0.7672886848449707,0.8366501331329346,0.0,0.0,0.0,0.0
person_nn_1028.jpg,0.8716698288917542,0.4619618356227875,0.8865121006965637,0.44234970211982727,0.8596556186676025,0.4377345144748688,0.9057066440582275,0.4371902346611023,0.8364793062210083,0.4250076115131378,0.915747880935669,0.5194757580757141,0.8001121282577515,0.5135641694068909,0.9354564547538757,0.6574233770370483,0.7829587459564209,0.6608955264091492,0.9046472907066345,0.6958138346672058,0.8462121486663818,0.7014859318733215,0.8834465742111206,0.7243659496307373,0.8014798164367676,0.7228590846061707,0.9032576084136963,0.8302099704742432,0.7674276232719421,0.8361867070198059,0.0,0.0,0.0,0.0
person_nn_1029.jpg,0.8685563802719116,0.4577198326587677,0.8843427896499634,0.43691518902778625,0.857654333114624,0.43139517307281494,0.9034834504127502,0.43659478425979614,0.8363773226737976,0.42143526673316956,0.9132483601570129,0.5178960561752319,0.8005432486534119,0.5079052448272705,0.9339328408241272,0.6652828454971313,0.7843411564826965,0.6624731421470642,0.9085206985473633,0.7034159898757935,0.8468723893165588,0.7083677053451538,0.879906952381134,0.735503613948822,0.799914538860321,0.731295645236969,0.8863915205001831,0.8275467157363892,0.7656354308128357,0.826856255531311,0.0,0.0,0.0,0.0
person_nn_1030.jpg,0.8713269829750061,0.4572608470916748,0.885672390460968,0.4367111325263977,0.8593684434890747,0.4328201413154602,0.9020160436630249,0.43466562032699585,0.8346205353736877,0.42360424995422363,0.9124563336372375,0.512589693069458,0.7963897585868835,0.5090875625610352,0.9341149926185608,0.6551303267478943,0.7836343050003052,0.66285640001297,0.9081780910491943,0.6981210112571716,0.847105860710144,0.712195098400116,0.8795789480209351,0.7320163249969482,0.7960925102233887,0.7321224212646484,0.9002217054367065,0.8246208429336548,0.7662675976753235,0.8308687806129456,0.0,0.0,0.0,0.0
person_nn_1031.jpg,0.8745623826980591,0.4616563320159912,0.8880082964897156,0.44331324100494385,0.8615644574165344,0.43910613656044006,0.0,0.0,0.8345886468887329,0.4265452027320862,0.9151801466941833,0.5133073329925537,0.7961660623550415,0.5108621120452881,0.9351093769073486,0.6496448516845703,0.7830498218536377,0.6603919863700867,0.9062871336936951,0.6953201293945312,0.8474184274673462,0.7029900550842285,0.8858252763748169,0.724245548248291,0.8002455234527588,0.7253632545471191,0.9150267839431763,0.8326693177223206,0.7681750655174255,0.8417394161224365,0.0,0.0,0.0,0.0
person_nn_1032.jpg,0.7633180618286133,0.07868120074272156,0.7696197032928467,0.06736141443252563,0.7624173760414124,0.06980901211500168,0.7929375171661377,0.06464390456676483,0.0,0.0,0.8164180517196655,0.12443195283412933,0.7635238766670227,0.1134711429476738,0.8262536525726318,0.2222188264131546,0.7243078351020813,0.15326829254627228,0.8106138706207275,0.2919120192527771,0.7108801007270813,0.1149393692612648,0.7990849614143372,0.28860846161842346,0.7646495699882507,0.2827313244342804,0.7996742129325867,0.40476882457733154,0.7623103260993958,0.403641015291214,0.797896146774292,0.51161789894104,0.7613236308097839,0.5029511451721191
person_nn_1033.jpg,0.8745623826980591,0.4616563320159912,0.8880082964897156,0.44331324100494385,0.8615644574165344,0.43910613656044006,0.0,0.0,0.8345886468887329,0.4265452027320862,0.9151801466941833,0.5133073329925537,0.7961660623550415,0.5108621120452881,0.9351093769073486,0.6496448516845703,0.7830498218536377,0.6603919863700867,0.9062871336936951,0.6953201293945312,0.8474184274673462,0.7029900550842285,0.8858252763748169,0.724245548248291,0.8002455234527588,0.7253632545471191,0.9150267839431763,0.8326693177223206,0.7681750655174255,0.8417394161224365,0.0,0.0,0.0,0.0
person_nn_1034.jpg,0.7633180618286133,0.07868120074272156,0.7696197032928467,0.06736141443252563,0.7624173760414124,0.06980901211500168,0.7929375171661377,0.06464390456676483,0.0,0.0,0.8164180517196655,0.12443195283412933,0.7635238766670227,0.1134711429476738,0.8262536525726318,0.2222188264131546,0.7243078351020813,0.15326829254627228,0.8106138706207275,0.2919120192527771,0.7108801007270813,0.1149393692612648,0.7990849614143372,0.28860846161842346,0.7646495699882507,0.2827313244342804,0.7996742129325867,0.40476882457733154,0.7623103260993958,0.403641015291214,0.797896146774292,0.51161789894104,0.7613236308097839,0.5029511451721191
person_nn_1035.jpg,0.8836174011230469,0.4747854471206665,0.8937942385673523,0.45402830839157104,0.8693558573722839,0.4544828236103058,0.0,0.0,0.836736261844635,0.43753668665885925,0.9167696237564087,0.5059634447097778,0.7978920340538025,0.5129525065422058,0.9348604679107666,0.6373223662376404,0.7824758291244507,0.6567342877388,0.9096795916557312,0.6918371319770813,0.845853328704834,0.7037389278411865,0.8859080076217651,0.7187526226043701,0.8015568256378174,0.7237625122070312,0.9110324382781982,0.8336935043334961,0.7661153078079224,0.8476533889770508,0.0,0.0,0.0,0.0
person_nn_1036.jpg,0.7644438743591309,0.07578715682029724,0.7705761194229126,0.0655665323138237,0.7640373110771179,0.06764613091945648,0.7936080694198608,0.06397779285907745,0.0,0.0,0.8177645206451416,0.11994040012359619,0.7616091966629028,0.12015191465616226,0.8383201956748962,0.21505409479141235,0.7235673666000366,0.15649738907814026,0.8135244250297546,0.2853411138057709,0.7169204354286194,0.10259916633367538,0.7999730110168457,0.2852044105529785,0.7650874257087708,0.28590336441993713,0.8035945296287537,0.3956979215145111,0.7659633755683899,0.4063577651977539,0.8060903549194336,0.5039368867874146,0.7666569948196411,0.5018842816352844
person_nn_1037.jpg,0.8840492963790894,0.47478577494621277,0.8944108486175537,0.4543192982673645,0.8697927594184875,0.4542180001735687,0.0,0.0,0.8367301821708679,0.4376128613948822,0.916309118270874,0.5082584619522095,0.7976470589637756,0.513986349105835,0.9343117475509644,0.6380559802055359,0.7819880247116089,0.6569256782531738,0.9096951484680176,0.6918946504592896,0.8455131649971008,0.7026984095573425,0.8852563500404358,0.7223641872406006,0.8011714220046997,0.7267050743103027,0.909757673740387,0.8346632719039917,0.7661622166633606,0.8470296859741211,0.0,0.0,0.0,0.0
person_nn_1038.jpg,0.7664526700973511,0.0751788318157196,0.7726764678955078,0.06471692025661469,0.7659614682197571,0.06661546230316162,0.7960801720619202,0.06370048224925995,0.0,0.0,0.8220115303993225,0.12124139070510864,0.7630012035369873,0.12329863011837006,0.848503053188324,0.2126685529947281,0.7249709367752075,0.16104836761951447,0.8184337615966797,0.27982571721076965,0.723100483417511,0.10151921212673187,0.8011425137519836,0.28911131620407104,0.7651552557945251,0.2896527051925659,0.801306962966919,0.3982956111431122,0.765397846698761,0.40819835662841797,0.8053402900695801,0.5069646239280701,0.7685818076133728,0.502050518989563
person_nn_1039.jpg,0.8868797421455383,0.4743101894855499,0.896196722984314,0.45369258522987366,0.8725636005401611,0.45474115014076233,0.0,0.0,0.8384925127029419,0.43935588002204895,0.9176812767982483,0.5076347589492798,0.7986982464790344,0.5145654082298279,0.9359061121940613,0.6389804482460022,0.7822763919830322,0.6564272046089172,0.909681499004364,0.690878689289093,0.845982015132904,0.7008634209632874,0.8864762187004089,0.7217539548873901,0.8021366596221924,0.7266288995742798,0.9110913872718811,0.833697497844696,0.7662148475646973,0.8468891382217407,0.0,0.0,0.0,0.0
person_nn_1040.jpg,0.7670595645904541,0.07498305290937424,0.7745897769927979,0.0651833564043045,0.7658435106277466,0.06569817662239075,0.7985100150108337,0.06579389423131943,0.0,0.0,0.8211124539375305,0.12287643551826477,0.7598171830177307,0.12049658596515656,0.8447186946868896,0.21344058215618134,0.7251214981079102,0.16610132157802582,0.8191784024238586,0.28142037987709045,0.7217904329299927,0.11143667995929718,0.8023689985275269,0.2902662754058838,0.7631033062934875,0.2889552116394043,0.80314701795578,0.4028586447238922,0.7639474868774414,0.41027891635894775,0.8056554198265076,0.5095773935317993,0.7656529545783997,0.5068787932395935
person_nn_1041.jpg,0.887148916721344,0.4731844663619995,0.8967279195785522,0.45234665274620056,0.8726649284362793,0.45363789796829224,0.0,0.0,0.8387270569801331,0.43872976303100586,0.9179556369781494,0.5086522698402405,0.7994163632392883,0.5150977373123169,0.9353187084197998,0.637587308883667,0.7818751931190491,0.6539298295974731,0.9095796346664429,0.6927989721298218,0.8462601900100708,0.6999056339263916,0.8848031163215637,0.7286621332168579,0.8006863594055176,0.7331627607345581,0.9100181460380554,0.8400593400001526,0.766739547252655,0.8525691628456116,0.0,0.0,0.0,0.0
person_nn_1042.jpg,0.7683015465736389,0.08031661063432693,0.7748143672943115,0.06995666772127151,0.7672810554504395,0.07088661193847656,0.7972804307937622,0.06580355763435364,0.0,0.0,0.8217937350273132,0.12002379447221756,0.7627837061882019,0.12165087461471558,0.8481099009513855,0.21294143795967102,0.7287483811378479,0.1705377995967865,0.8193641304969788,0.2803509831428528,0.7244945764541626,0.12714676558971405,0.8011878132820129,0.28922998905181885,0.7649350166320801,0.289120614528656,0.8020164370536804,0.40086522698402405,0.7646292448043823,0.4081178307533264,0.8053449988365173,0.5081409215927124,0.7681172490119934,0.5017005801200867
person_nn_1043.jpg,0.887148916721344,0.4731844663619995,0.8967279195785522,0.45234665274620056,0.8726649284362793,0.45363789796829224,0.0,0.0,0.8387270569801331,0.43872976303100586,0.9179556369781494,0.5086522698402405,0.7994163632392883,0.5150977373123169,0.9353187084197998,0.637587308883667,0.7818751931190491,0.6539298295974731,0.9095796346664429,0.6927989721298218,0.8462601900100708,0.6999056339263916,0.8848031163215637,0.7286621332168579,0.8006863594055176,0.7331627607345581,0.9100181460380554,0.8400593400001526,0.766739547252655,0.8525691628456116,0.0,0.0,0.0,0.0
person_nn_1044.jpg,0.7683015465736389,0.08031661063432693,0.7748143672943115,0.06995666772127151,0.7672810554504395,0.07088661193847656,0.7972804307937622,0.06580355763435364,0.0,0.0,0.8217937350273132,0.12002379447221756,0.7627837061882019,0.12165087461471558,0.8481099009513855,0.21294143795967102,0.7287483811378479,0.1705377995967865,0.8193641304969788,0.2803509831428528,0.7244945764541626,0.12714676558971405,0.8011878132820129,0.28922998905181885,0.7649350166320801,0.289120614528656,0.8020164370536804,0.40086522698402405,0.7646292448043823,0.4081178307533264,0.8053449988365173,0.5081409215927124,0.7681172490119934,0.5017005801200867
person_nn_1045.jpg,0.8874152898788452,0.4737960398197174,0.8971402049064636,0.4535824656486511,0.8733421564102173,0.4547256529331207,0.0,0.0,0.8399576544761658,0.43992334604263306,0.9176207780838013,0.5087143182754517,0.7993150949478149,0.5161956548690796,0.9339689016342163,0.633080780506134,0.7833455204963684,0.653069257736206,0.9112875461578369,0.6922151446342468,0.8468654155731201,0.6977617740631104,0.8829927444458008,0.7264066934585571,0.7990975379943848,0.7317641973495483,0.9112841486930847,0.8324440717697144,0.7686686515808105,0.8470483422279358,0.0,0.0,0.0,0.0
person_nn_1046.jpg,0.7678729295730591,0.07921768724918365,0.7756047248840332,0.06806428730487823,0.767413318157196,0.06805551052093506,0.7985217571258545,0.0653117373585701,0.0,0.0,0.8227691650390625,0.12088418006896973,0.7634586095809937,0.11920665949583054,0.846665620803833,0.2146235853433609,0.7329035997390747,0.17911851406097412,0.8164949417114258,0.282804936170578,0.7160151600837708,0.15371914207935333,0.8042259812355042,0.2918199300765991,0.7676182389259338,0.2884591817855835,0.8002830147743225,0.4035504162311554,0.763302206993103,0.4061937630176544,0.7959484457969666,0.5041431188583374,0.7663121819496155,0.4997628927230835
person_nn_1047.jpg,0.8878141045570374,0.47634583711624146,0.8958080410957336,0.4518117308616638,0.8721080422401428,0.45533517003059387,0.0,0.0,0.8399620652198792,0.43925806879997253,0.9208024144172668,0.4998384714126587,0.7950823903083801,0.5097851753234863,0.9381757974624634,0.6558200120925903,0.7810410261154175,0.661454439163208,0.9045820832252502,0.6943137049674988,0.8447815775871277,0.7009934186935425,0.8837373852729797,0.726758599281311,0.7944221496582031,0.7350545525550842,0.9046504497528076,0.8816571235656738,0.7601788640022278,0.9112289547920227,0.0,0.0,0.0,0.0
person_nn_1048.jpg,0.7694922089576721,0.07917099446058273,0.7770000100135803,0.06787986308336258,0.7684072256088257,0.06815627217292786,0.7986881732940674,0.06551297008991241,0.0,0.0,0.8249945640563965,0.12476996332406998,0.7657763957977295,0.11507014185190201,0.8482912182807922,0.21756611764431,0.7415474653244019,0.18577760457992554,0.8173149824142456,0.2839946746826172,0.724099338054657,0.2356405407190323,0.8045157194137573,0.2968463599681854,0.7665776014328003,0.2881838381290436,0.8022448420524597,0.4134059548377991,0.7617496848106384,0.40411484241485596,0.796724259853363,0.5129234194755554,0.7673559784889221,0.5065494775772095
person_nn_1049.jpg,0.8784316778182983,0.46790874004364014,0.8906530141830444,0.4457186758518219,0.8640124201774597,0.44349995255470276,0.9070809483528137,0.43050694465637207,0.8381043076515198,0.42716506123542786,0.9202733635902405,0.5027869343757629,0.7937837839126587,0.5025712251663208,0.9392125606536865,0.6630918979644775,0.781230628490448,0.6616215705871582,0.9026002883911133,0.697341799736023,0.8481042385101318,0.7004506587982178,0.8831151723861694,0.7290940880775452,0.7928508520126343,0.7326298952102661,0.9007986783981323,0.888731062412262,0.7600713968276978,0.9122186303138733,0.0,0.0,0.0,0.0
person_nn_1050.jpg,0.769142746925354,0.07713372260332108,0.7770987749099731,0.06659501791000366,0.7689631581306458,0.06605997681617737,0.8001357913017273,0.06369614601135254,0.0,0.0,0.8260813355445862,0.12531287968158722,0.7649866938591003,0.1143384575843811,0.846816897392273,0.21742533147335052,0.7462520003318787,0.18770043551921844,0.8141649961471558,0.28377479314804077,0.7376410961151123,0.25552234053611755,0.8020983934402466,0.2952652871608734,0.7635537981987,0.2862590253353119,0.8011283874511719,0.4123338460922241,0.7596974968910217,0.4024033844470978,0.7970187664031982,0.5137673020362854,0.7695972919464111,0.510678231716156
person_nn_1051.jpg,0.8746804594993591,0.46582528948783875,0.8874661922454834,0.44504237174987793,0.861425518989563,0.4421047866344452,0.9038919806480408,0.4341662526130676,0.8370190262794495,0.42975783348083496,0.9155736565589905,0.49854105710983276,0.7972041964530945,0.5037434697151184,0.9266980886459351,0.6404438614845276,0.78472501039505,0.658356249332428,0.9014952182769775,0.692840039730072,0.8462713956832886,0.701801061630249,0.8829798698425293,0.7182284593582153,0.7957618236541748,0.720727264881134,0.8912537097930908,0.9030093550682068,0.7602440714836121,0.9155696630477905,0.0,0.0,0.0,0.0
person_nn_1052.jpg,0.7692070007324219,0.07852799445390701,0.7768210172653198,0.06742595136165619,0.7676295042037964,0.06729120016098022,0.7987430691719055,0.062488213181495667,0.0,0.0,0.8244493007659912,0.12282342463731766,0.7634244561195374,0.115439772605896,0.848268449306488,0.21488848328590393,0.7497163414955139,0.19412490725517273,0.8144038319587708,0.2812088131904602,0.7484501600265503,0.2622692584991455,0.8028429746627808,0.2949157655239105,0.763993501663208,0.287763774394989,0.802972674369812,0.4119166433811188,0.7604176998138428,0.40280669927597046,0.8017560839653015,0.5162369608879089,0.7703695297241211,0.5105737447738647
person_nn_1053.jpg,0.8746804594993591,0.46582528948783875,0.8874661922454834,0.44504237174987793,0.861425518989563,0.4421047866344452,0.9038919806480408,0.4341662526130676,0.8370190262794495,0.42975783348083496,0.9155736565589905,0.49854105710983276,0.7972041964530945,0.5037434697151184,0.9266980886459351,0.6404438614845276,0.78472501039505,0.658356249332428,0.9014952182769775,0.692840039730072,0.8462713956832886,0.701801061630249,0.8829798698425293,0.7182284593582153,0.7957618236541748,0.720727264881134,0.8912537097930908,0.9030093550682068,0.7602440714836121,0.9155696630477905,0.0,0.0,0.0,0.0
person_nn_1054.jpg,0.7692070007324219,0.07852799445390701,0.7768210172653198,0.06742595136165619,0.7676295042037964,0.06729120016098022,0.7987430691719055,0.062488213181495667,0.0,0.0,0.8244493007659912,0.12282342463731766,0.7634244561195374,0.115439772605896,0.848268449306488,0.21488848328590393,0.7497163414955139,0.19412490725517273,0.8144038319587708,0.2812088131904602,0.7484501600265503,0.2622692584991455,0.8028429746627808,0.2949157655239105,0.763993501663208,0.287763774394989,0.802972674369812,0.4119166433811188,0.7604176998138428,0.40280669927597046,0.8017560839653015,0.5162369608879089,0.7703695297241211,0.5105737447738647
person_nn_1055.jpg,0.8725801110267639,0.4520108103752136,0.8834972977638245,0.4344440698623657,0.8605650663375854,0.4342375695705414,0.0,0.0,0.8345081806182861,0.430190771818161,0.9025348424911499,0.49979618191719055,0.7965237498283386,0.5084587335586548,0.9180434942245483,0.6380130052566528,0.7866013646125793,0.6557826399803162,0.9043068885803223,0.6927496790885925,0.8549882173538208,0.6967068910598755,0.8701165914535522,0.7108392119407654,0.7937690019607544,0.7169622778892517,0.8737432360649109,0.8271562457084656,0.766704261302948,0.8471159338951111,0.0,0.0,0.0,0.0
person_nn_1056.jpg,0.76960289478302,0.08140180259943008,0.7768852710723877,0.06818318367004395,0.7677887082099915,0.0686715617775917,0.7994344830513,0.06159430742263794,0.0,0.0,0.8293411135673523,0.1212833896279335,0.7635589838027954,0.11536584049463272,0.8485349416732788,0.21516041457653046,0.74759840965271,0.19090722501277924,0.817039966583252,0.2793898284435272,0.7476276755332947,0.2536768913269043,0.8098342418670654,0.30026689171791077,0.7662676572799683,0.29302453994750977,0.0,0.0,0.0,0.0,0.0,0.0,0.0,0.0
person_nn_1057.jpg,0.8745879530906677,0.46257689595222473,0.8863276839256287,0.4429713487625122,0.8615747094154358,0.44118255376815796,0.900402307510376,0.43616771697998047,0.8372735977172852,0.4337277114391327,0.9070894718170166,0.5049304366111755,0.798848032951355,0.5097010135650635,0.9180837869644165,0.6458562016487122,0.7864589095115662,0.6599970459938049,0.8991814255714417,0.6891687512397766,0.8507570624351501,0.7007096409797668,0.8720366954803467,0.720568060874939,0.7935624122619629,0.7237818837165833,0.8697023391723633,0.8896952271461487,0.7635021209716797,0.9073384404182434,0.0,0.0,0.0,0.0
person_nn_1058.jpg,0.7698217034339905,0.07721452414989471,0.7775781750679016,0.0648474171757698,0.7678694725036621,0.06547436118125916,0.798579216003418,0.06120110675692558,0.0,0.0,0.8273141384124756,0.12374664098024368,0.7629340887069702,0.11641345918178558,0.8515356779098511,0.21428294479846954,0.747157096862793,0.19149118661880493,0.8153743147850037,0.2819238603115082,0.7464132308959961,0.2567813992500305,0.8054077625274658,0.3033696711063385,0.7638038396835327,0.29478690028190613,0.8047886490821838,0.4281057119369507,0.7573671936988831,0.414257675409317,0.8026148676872253,0.5310897827148438,0.7676176428794861,0.5189043879508972
person_nn_1059.jpg,0.8754370808601379,0.4625791013240814,0.8868933320045471,0.44353318214416504,0.8623055815696716,0.4425045847892761,0.0,0.0,0.8373018503189087,0.4344257712364197,0.908044695854187,0.500225305557251,0.7995819449424744,0.5100799202919006,0.9183771014213562,0.6371030211448669,0.7864469885826111,0.6593948602676392,0.8970420956611633,0.6899322271347046,0.8502193093299866,0.7013211846351624,0.8759454488754272,0.7131274938583374,0.7959080338478088,0.7190710306167603,0.8833323121070862,0.8766415119171143,0.763049840927124,0.8979009985923767,0.0,0.0,0.0,0.0
person_nn_1060.jpg,0.7705948352813721,0.07650808244943619,0.7788001298904419,0.06441260874271393,0.7688184976577759,0.0644288882613182,0.8001350164413452,0.062249280512332916,0.0,0.0,0.8284369707107544,0.12597277760505676,0.7630438208580017,0.11716801673173904,0.8521447777748108,0.21573448181152344,0.7478417158126831,0.19081474840641022,0.8158062100410461,0.28371790051460266,0.7461866736412048,0.25225189328193665,0.8062320947647095,0.30336496233940125,0.7641075849533081,0.29406365752220154,0.8049318790435791,0.4262457489967346,0.757622480392456,0.4117155373096466,0.8008521199226379,0.5272430181503296,0.7685134410858154,0.5146578550338745
person_nn_1061.jpg,0.8759008049964905,0.4590975046157837,0.8869438767433167,0.4423239231109619,0.8642246127128601,0.44133520126342773,0.0,0.0,0.8377088308334351,0.435956209897995,0.904432475566864,0.5052043199539185,0.7983478307723999,0.5107215642929077,0.9208598732948303,0.6422891020774841,0.7871261835098267,0.6552143096923828,0.9108324646949768,0.6911473870277405,0.8546610474586487,0.6958429217338562,0.8709490895271301,0.7099871039390564,0.7939074039459229,0.7151967287063599,0.8793920278549194,0.8225816488265991,0.7661989331245422,0.8413844704627991,0.0,0.0,0.7481935024261475,0.9573655128479004
person_nn_1062.jpg,0.7714744806289673,0.07737299799919128,0.7792137861251831,0.06495380401611328,0.7701146602630615,0.06450887024402618,0.8023775219917297,0.06171530857682228,0.0,0.0,0.8322634100914001,0.12590502202510834,0.7638425827026367,0.11545159667730331,0.8505988717079163,0.2194252759218216,0.7446191310882568,0.18632760643959045,0.8195182681083679,0.28036853671073914,0.7433972954750061,0.24672584235668182,0.8095689415931702,0.3068423569202423,0.7641599178314209,0.29758965969085693,0.0,0.0,0.0,0.0,0.0,0.0,0.0,0.0
person_nn_1063.jpg,0.8771756887435913,0.45901739597320557,0.887520432472229,0.4406467080116272,0.8661882281303406,0.43972042202949524,0.0,0.0,0.839097261428833,0.42947646975517273,0.9016232490539551,0.4989427626132965,0.7990919351577759,0.5088798999786377,0.9134366512298584,0.638031005859375,0.7853122353553772,0.6657117009162903,0.9018987417221069,0.7020858526229858,0.8572328686714172,0.7056306004524231,0.865749716758728,0.7248772382736206,0.7931392192840576,0.7301981449127197,0.8676308393478394,0.8312341570854187,0.7601369023323059,0.8459360003471375,0.0,0.0,0.0,0.0
person_nn_1064.jpg,0.7741116881370544,0.07664591819047928,0.7824326753616333,0.06268211454153061,0.7715216279029846,0.06222829967737198,0.8062726855278015,0.05701087787747383,0.0,0.0,0.8368496894836426,0.12691035866737366,0.7613989114761353,0.11121067404747009,0.8530153036117554,0.22547292709350586,0.7364242672920227,0.17619995772838593,0.8215181231498718,0.28703612089157104,0.7361268997192383,0.23297350108623505,0.8102128505706787,0.31634700298309326,0.7602586150169373,0.30490753054618835,0.0,0.0,0.0,0.0,0.0,0.0,0.0,0.0
person_nn_1065.jpg,0.8771756887435913,0.45901739597320557,0.887520432472229,0.4406467080116272,0.8661882281303406,0.43972042202949524,0.0,0.0,0.839097261428833,0.42947646975517273,0.9016232490539551,0.4989427626132965,0.7990919351577759,0.5088798999786377,0.9134366512298584,0.638031005859375,0.7853122353553772,0.6657117009162903,0.9018987417221069,0.7020858526229858,0.8572328686714172,0.7056306004524231,0.865749716758728,0.7248772382736206,0.7931392192840576,0.7301981449127197,0.8676308393478394,0.8312341570854187,0.7601369023323059,0.8459360003471375,0.0,0.0,0.0,0.0
person_nn_1066.jpg,0.7741116881370544,0.07664591819047928,0.7824326753616333,0.06268211454153061,0.7715216279029846,0.06222829967737198,0.8062726855278015,0.05701087787747383,0.0,0.0,0.8368496894836426,0.12691035866737366,0.7613989114761353,0.11121067404747009,0.8530153036117554,0.22547292709350586,0.7364242672920227,0.17619995772838593,0.8215181231498718,0.28703612089157104,0.7361268997192383,0.23297350108623505,0.8102128505706787,0.31634700298309326,0.7602586150169373,0.30490753054618835,0.0,0.0,0.0,0.0,0.0,0.0,0.0,0.0
person_nn_1067.jpg,0.8866676092147827,0.4750394821166992,0.8959329128265381,0.4555327296257019,0.8742557168006897,0.4556223154067993,0.0,0.0,0.8406720757484436,0.4366414248943329,0.9044265151023865,0.48912185430526733,0.7985849380493164,0.5050938129425049,0.918290376663208,0.6291117072105408,0.7871459722518921,0.6616361737251282,0.9048160314559937,0.6997871994972229,0.855689287185669,0.7010698318481445,0.8717477321624756,0.7082351446151733,0.7957242727279663,0.7170946002006531,0.8732050657272339,0.8419110774993896,0.7627243995666504,0.8638717532157898,0.0,0.0,0.0,0.0
person_nn_1068.jpg,0.7795228958129883,0.06420919299125671,0.7886064052581787,0.05100389942526817,0.7751138210296631,0.050339069217443466,0.8097091317176819,0.05297733470797539,0.0,0.0,0.8356965780258179,0.12385332584381104,0.7586297988891602,0.11457601934671402,0.8556162714958191,0.21913038194179535,0.7414421439170837,0.18969908356666565,0.8245376348495483,0.2757605016231537,0.7443056106567383,0.244411900639534,0.8119210004806519,0.3047281503677368,0.760604977607727,0.29697442054748535,0.0,0.0,0.0,0.0,0.0,0.0,0.0,0.0
person_nn_1069.jpg,0.8921396732330322,0.47663766145706177,0.9005578756332397,0.4565217196941376,0.8794779181480408,0.45805639028549194,0.0,0.0,0.8436217308044434,0.43849125504493713,0.9058141112327576,0.4850562512874603,0.7990081906318665,0.5036273002624512,0.9194225072860718,0.6267864108085632,0.7866154909133911,0.6601431369781494,0.9049379229545593,0.6962369084358215,0.8557047247886658,0.6998996734619141,0.8720885515213013,0.6996936202049255,0.794742226600647,0.7111966609954834,0.8815560340881348,0.8292452096939087,0.7642702460289001,0.8570119142532349,0.0,0.0,0.0,0.0
person_nn_1070.jpg,0.8848334550857544,0.47077152132987976,0.8966473340988159,0.45222097635269165,0.8720808029174805,0.45006901025772095,0.0,0.0,0.8403913974761963,0.43365779519081116,0.911462128162384,0.49443212151527405,0.7993696928024292,0.5040591359138489,0.9224434494972229,0.6331790089607239,0.7866699695587158,0.6598958969116211,0.9023975133895874,0.6941898465156555,0.8540031909942627,0.6983222365379333,0.8768112063407898,0.704352855682373,0.7948612570762634,0.7098848819732666,0.8905248045921326,0.8434656858444214,0.7641444206237793,0.8569534420967102,0.0,0.0,0.0,0.0
person_nn_1071.jpg,0.8815233111381531,0.4712147116661072,0.894961953163147,0.4530792236328125,0.8686732053756714,0.4487460255622864,0.0,0.0,0.8401404023170471,0.4250383973121643,0.9137303829193115,0.4910069704055786,0.7986598014831543,0.503600537776947,0.9267455339431763,0.6220892071723938,0.7855428457260132,0.6635860800743103,0.9048088192939758,0.6860617399215698,0.8527172803878784,0.6989744305610657,0.8832576274871826,0.7003372311592102,0.8004122376441956,0.7095264196395874,0.9105433821678162,0.8185531497001648,0.7637382745742798,0.8440665006637573,0.0,0.0,0.0,0.0
person_nn_1072.jpg,0.7832596898078918,0.0775877982378006,0.7917418479919434,0.06798993796110153,0.7812827229499817,0.06598737090826035,0.8122569918632507,0.06760460138320923,0.0,0.0,0.8346559405326843,0.13092643022537231,0.7699652314186096,0.11951661109924316,0.858304500579834,0.219463050365448,0.7504210472106934,0.1907380372285843,0.8252689242362976,0.275297075510025,0.7501572370529175,0.23407414555549622,0.8130461573600769,0.30470311641693115,0.7713116407394409,0.296418696641922,0.8146357536315918,0.4241011440753937,0.7675684690475464,0.41348206996917725,0.8152090907096863,0.5355187058448792,0.7735703587532043,0.528066098690033
person_nn_1073.jpg,0.8815233111381531,0.4712147116661072,0.894961953163147,0.4530792236328125,0.8686732053756714,0.4487460255622864,0.0,0.0,0.8401404023170471,0.4250383973121643,0.9137303829193115,0.4910069704055786,0.7986598014831543,0.503600537776947,0.9267455339431763,0.6220892071723938,0.7855428457260132,0.6635860800743103,0.9048088192939758,0.6860617399215698,0.8527172803878784,0.6989744305610657,0.8832576274871826,0.7003372311592102,0.8004122376441956,0.7095264196395874,0.9105433821678162,0.8185531497001648,0.7637382745742798,0.8440665006637573,0.0,0.0,0.0,0.0
person_nn_1074.jpg,0.7832596898078918,0.0775877982378006,0.7917418479919434,0.06798993796110153,0.7812827229499817,0.06598737090826035,0.8122569918632507,0.06760460138320923,0.0,0.0,0.8346559405326843,0.13092643022537231,0.7699652314186096,0.11951661109924316,0.858304500579834,0.219463050365448,0.7504210472106934,0.1907380372285843,0.8252689242362976,0.275297075510025,0.7501572370529175,0.23407414555549622,0.8130461573600769,0.30470311641693115,0.7713116407394409,0.296418696641922,0.8146357536315918,0.4241011440753937,0.7675684690475464,0.41348206996917725,0.8152090907096863,0.5355187058448792,0.7735703587532043,0.528066098690033
person_nn_1075.jpg,0.880038321018219,0.47041815519332886,0.8921523690223694,0.4522193372249603,0.8679905533790588,0.4485073983669281,0.0,0.0,0.840284526348114,0.42501792311668396,0.9108308553695679,0.4876418113708496,0.7994334101676941,0.503587543964386,0.9287821650505066,0.6095083951950073,0.7857047915458679,0.6598827838897705,0.9116155505180359,0.6718696355819702,0.8522589802742004,0.6978236436843872,0.8816112279891968,0.7117887735366821,0.8013119697570801,0.7211979627609253,0.9012594223022461,0.8398517966270447,0.7605708241462708,0.863881528377533,0.0,0.0,0.0,0.0
person_nn_1076.jpg,0.8838387727737427,0.47901973128318787,0.8973510265350342,0.4568953812122345,0.8692290782928467,0.4548477828502655,0.9136243462562561,0.43581822514533997,0.8394878506660461,0.43098342418670654,0.9203543066978455,0.5032659769058228,0.8022991418838501,0.5044385194778442,0.9378963112831116,0.6517077088356018,0.7849241495132446,0.6597468852996826,0.9043489098548889,0.6996696591377258,0.8491120934486389,0.6990373134613037,0.8803926706314087,0.7192643880844116,0.7972295880317688,0.7212149500846863,0.897196352481842,0.8478624820709229,0.7614151835441589,0.8626762628555298,0.0,0.0,0.0,0.0
person_nn_1077.jpg,0.8872228264808655,0.4832369387149811,0.8980944752693176,0.46231359243392944,0.8738269209861755,0.4625129699707031,0.0,0.0,0.8421981334686279,0.4353904724121094,0.9177324175834656,0.4924055337905884,0.8016815185546875,0.4996047019958496,0.9362246990203857,0.6454896926879883,0.783669114112854,0.6612489819526672,0.9030821919441223,0.698885440826416,0.850053071975708,0.7010570168495178,0.8769235014915466,0.7145515084266663,0.7969856262207031,0.718553364276886,0.8812486529350281,0.8454948663711548,0.760475218296051,0.8641895651817322,0.0,0.0,0.0,0.0
person_nn_1078.jpg,0.7917960286140442,0.0796646699309349,0.8001918196678162,0.06713149696588516,0.7897747159004211,0.06603193283081055,0.8215585350990295,0.06728561222553253,0.0,0.0,0.8438913822174072,0.13483844697475433,0.7912999391555786,0.12777042388916016,0.8614052534103394,0.2290099561214447,0.0,0.0,0.827861487865448,0.2918446362018585,0.0,0.0,0.8296973705291748,0.3076974153518677,0.79463791847229,0.300301194190979,0.0,0.0,0.0,0.0,0.0,0.0,0.0,0.0
person_nn_1079.jpg,0.8875147700309753,0.48247218132019043,0.8980933427810669,0.46045830845832825,0.8731614947319031,0.4617711901664734,0.0,0.0,0.8411379456520081,0.4380854666233063,0.9199275374412537,0.5011377334594727,0.8018220663070679,0.5038036704063416,0.9354283809661865,0.6609696745872498,0.783797025680542,0.6635625958442688,0.9021602272987366,0.7032487392425537,0.8539137244224548,0.7018990516662598,0.878605306148529,0.7186701893806458,0.7961000800132751,0.7212119102478027,0.8923845887184143,0.8431528210639954,0.7607895731925964,0.8584628105163574,0.0,0.0,0.0,0.0
person_nn_1080.jpg,0.8875147700309753,0.48247218132019043,0.8980933427810669,0.46045830845832825,0.8731614947319031,0.4617711901664734,0.0,0.0,0.8411379456520081,0.4380854666233063,0.9199275374412537,0.5011377334594727,0.8018220663070679,0.5038036704063416,0.9354283809661865,0.6609696745872498,0.783797025680542,0.6635625958442688,0.9021602272987366,0.7032487392425537,0.8539137244224548,0.7018990516662598,0.878605306148529,0.7186701893806458,0.7961000800132751,0.7212119102478027,0.8923845887184143,0.8431528210639954,0.7607895731925964,0.8584628105163574,0.0,0.0,0.0,0.0
person_nn_1081.jpg,0.8840604424476624,0.48353469371795654,0.8950745463371277,0.46210673451423645,0.8689122796058655,0.4632534384727478,0.0,0.0,0.8376875519752502,0.43630003929138184,0.9210509657859802,0.49515438079833984,0.7981880903244019,0.49654898047447205,0.9341825246810913,0.6625999212265015,0.7806811928749084,0.6626250147819519,0.9020646810531616,0.7016206979751587,0.8510186672210693,0.704275369644165,0.8789665102958679,0.712649405002594,0.7933619618415833,0.7152521014213562,0.896029531955719,0.8477799892425537,0.7628913521766663,0.8642886281013489,0.0,0.0,0.0,0.0
person_nn_1082.jpg,0.8781620264053345,0.4817323386669159,0.8915392756462097,0.4626501500606537,0.8655484318733215,0.4577692747116089,0.0,0.0,0.8375748991966248,0.4284660220146179,0.9145230650901794,0.5033443570137024,0.7976860404014587,0.49354928731918335,0.9336109757423401,0.6592448353767395,0.7800024747848511,0.6542103290557861,0.9008415937423706,0.7014758586883545,0.8514748215675354,0.7006259560585022,0.8683274984359741,0.7215283513069153,0.7893426418304443,0.7164074182510376,0.8656100034713745,0.8649991750717163,0.7596341967582703,0.8665668964385986,0.0,0.0,0.0,0.0
person_nn_1083.jpg,0.7932283878326416,0.0829506441950798,0.8019682765007019,0.07226908206939697,0.7919105291366577,0.06938230246305466,0.8232585787773132,0.07261709123849869,0.0,0.0,0.8467627763748169,0.1374809443950653,0.7790024876594543,0.11873234808444977,0.8602266311645508,0.2380814403295517,0.761634111404419,0.19554953277111053,0.8199305534362793,0.28225475549697876,0.7599090337753296,0.25806599855422974,0.8232179880142212,0.31163308024406433,0.7798693180084229,0.2990393340587616,0.0,0.0,0.0,0.0,0.0,0.0,0.0,0.0
person_nn_1084.jpg,0.7934853434562683,0.08749991655349731,0.8055323958396912,0.078839510679245,0.7943440675735474,0.06968066841363907,0.8303980827331543,0.08601563423871994,0.0,0.0,0.8483723402023315,0.14868083596229553,0.7810364961624146,0.11429163813591003,0.0,0.0,0.7612791657447815,0.20594744384288788,0.0,0.0,0.7568436861038208,0.26530662178993225,0.0,0.0,0.7815892100334167,0.2886684834957123,0.0,0.0,0.0,0.0,0.0,0.0,0.0,0.0
person_nn_1085.jpg,0.8833639621734619,0.4801328480243683,0.8953268527984619,0.4582681655883789,0.8682973980903625,0.4591652452945709,0.9111289978027344,0.434048056602478,0.8393920660018921,0.43690255284309387,0.9259528517723083,0.49841660261154175,0.801705002784729,0.5018371343612671,0.9405572414398193,0.6628187298774719,0.7801729440689087,0.6671635508537292,0.9075741767883301,0.6904627084732056,0.8485247492790222,0.6955551505088806,0.887475848197937,0.7402902245521545,0.7993844151496887,0.7423309683799744,0.8889673948287964,0.8854214549064636,0.7505922317504883,0.9012813568115234,0.0,0.0,0.0,0.0
person_nn_1086.jpg,0.7950968742370605,0.08222400397062302,0.8050598502159119,0.07384946197271347,0.7951058149337769,0.06716154515743256,0.8265298008918762,0.0813673585653305,0.0,0.0,0.8494763970375061,0.14930304884910583,0.7765277028083801,0.11984371393918991,0.8601877689361572,0.26085594296455383,0.7602145075798035,0.20846053957939148,0.8235905170440674,0.2910079061985016,0.7487440705299377,0.26750776171684265,0.8294721841812134,0.3263314664363861,0.7782353162765503,0.3081907033920288,0.0,0.0,0.0,0.0,0.0,0.0,0.0,0.0
person_nn_1087.jpg,0.8697435259819031,0.496721088886261,0.8804226517677307,0.47843077778816223,0.8569917678833008,0.477394700050354,0.0,0.0,0.8291547298431396,0.4502967894077301,0.9127143621444702,0.5056523084640503,0.794121265411377,0.5063587427139282,0.9395102262496948,0.6574442982673645,0.7802957892417908,0.664372980594635,0.9032739400863647,0.6860741972923279,0.8481006026268005,0.6912344694137573,0.8784938454627991,0.7347878217697144,0.7946889996528625,0.733955442905426,0.8918541073799133,0.8830702900886536,0.7581659555435181,0.8873040676116943,0.0,0.0,0.0,0.0
person_nn_1088.jpg,0.8697435259819031,0.496721088886261,0.8804226517677307,0.47843077778816223,0.8569917678833008,0.477394700050354,0.0,0.0,0.8291547298431396,0.4502967894077301,0.9127143621444702,0.5056523084640503,0.794121265411377,0.5063587427139282,0.9395102262496948,0.6574442982673645,0.7802957892417908,0.664372980594635,0.9032739400863647,0.6860741972923279,0.8481006026268005,0.6912344694137573,0.8784938454627991,0.7347878217697144,0.7946889996528625,0.733955442905426,0.8918541073799133,0.8830702900886536,0.7581659555435181,0.8873040676116943,0.0,0.0,0.0,0.0
person_nn_1089.jpg,0.8029496669769287,0.09192491322755814,0.8123961091041565,0.08164624124765396,0.8009723424911499,0.07750842720270157,0.8323119878768921,0.08293494582176208,0.0,0.0,0.8545548915863037,0.14573557674884796,0.7820654511451721,0.12285029143095016,0.8616001009941101,0.2496493011713028,0.7645086050033569,0.20486609637737274,0.8301736116409302,0.2826905846595764,0.7753230333328247,0.24894310534000397,0.8328105807304382,0.3073579967021942,0.7840344905853271,0.2935033440589905,0.0,0.0,0.0,0.0,0.0,0.0,0.0,0.0
person_nn_1090.jpg,0.8069061040878296,0.09262215346097946,0.8175516724586487,0.08326638489961624,0.8047688007354736,0.07763189822435379,0.8384937047958374,0.0842498317360878,0.0,0.0,0.8590485453605652,0.14989924430847168,0.7859448194503784,0.11839159578084946,0.8731961250305176,0.2602818012237549,0.7663790583610535,0.20287226140499115,0.8398615717887878,0.31730568408966064,0.7789132595062256,0.2697319984436035,0.8286852836608887,0.34126943349838257,0.777223527431488,0.3227529227733612,0.0,0.0,0.0,0.0,0.0,0.0,0.0,0.0
person_nn_1091.jpg,0.809397280216217,0.09486697614192963,0.8209927678108215,0.08540927618741989,0.8083508014678955,0.07842247188091278,0.8437884449958801,0.08662654459476471,0.0,0.0,0.8639808297157288,0.15303470194339752,0.7887513637542725,0.12184882909059525,0.8783366084098816,0.26407524943351746,0.7628734111785889,0.21039551496505737,0.848047137260437,0.3219442367553711,0.764538586139679,0.2925536632537842,0.8280818462371826,0.3431302011013031,0.7782020568847656,0.324064701795578,0.0,0.0,0.0,0.0,0.0,0.0,0.0,0.0
person_nn_1092.jpg,0.8911387324333191,0.4830795228481293,0.901558518409729,0.4601351022720337,0.8763362765312195,0.4607454538345337,0.0,0.0,0.8401805758476257,0.44109633564949036,0.9214231967926025,0.5074085593223572,0.7987997531890869,0.5044532418251038,0.938078761100769,0.6709098219871521,0.7808645367622375,0.6658850908279419,0.9045926332473755,0.7025221586227417,0.848597526550293,0.7040171027183533,0.8753225207328796,0.753114640712738,0.7896148562431335,0.7512909173965454,0.8816142678260803,0.8636425733566284,0.755531370639801,0.864314079284668,0.0,0.0,0.0,0.0
person_nn_1093.jpg,0.6849439740180969,0.3361673355102539,0.6929844617843628,0.32211628556251526,0.0,0.0,0.0,0.0,0.0,0.0,0.7239223122596741,0.4291578233242035,0.6851897239685059,0.41943636536598206,0.0,0.0,0.6694375276565552,0.5611912608146667,0.0,0.0,0.7062840461730957,0.5645484328269958,0.7110009789466858,0.6548655033111572,0.6762145757675171,0.6521386504173279,0.7250887751579285,0.789563000202179,0.6433344483375549,0.7941085696220398,0.7190713882446289,0.8877257108688354,0.6104302406311035,0.9038761258125305
person_nn_1094.jpg,0.8701541423797607,0.4857189357280731,0.8858635425567627,0.4622780382633209,0.8548780679702759,0.46048763394355774,0.9066105484962463,0.44947779178619385,0.827049732208252,0.44400960206985474,0.9176536202430725,0.5228313207626343,0.7974332571029663,0.5208240151405334,0.9333506226539612,0.6643259525299072,0.7843943238258362,0.6713868975639343,0.9080920815467834,0.7078054547309875,0.8523555397987366,0.7047944068908691,0.8808038234710693,0.7519739866256714,0.7962241172790527,0.750033438205719,0.8895738124847412,0.8548654913902283,0.7639995217323303,0.8529435396194458,0.0,0.0,0.0,0.0
person_nn_1095.jpg,0.816385805606842,0.09624169021844864,0.827631950378418,0.08678673952817917,0.8144722580909729,0.08055505901575089,0.8461049795150757,0.09009659290313721,0.8128560781478882,0.07285991311073303,0.8648070693016052,0.1581277996301651,0.7906010746955872,0.13000953197479248,0.8770883083343506,0.2675716280937195,0.7680290937423706,0.21444910764694214,0.8485881686210632,0.3288531005382538,0.7502112984657288,0.29811981320381165,0.8340327143669128,0.3461472988128662,0.7857778668403625,0.3297043442726135,0.0,0.0,0.0,0.0,0.0,0.0,0.0,0.0
person_nn_1096.jpg,0.6849439740180969,0.3361673355102539,0.6929844617843628,0.32211628556251526,0.0,0.0,0.0,0.0,0.0,0.0,0.7239223122596741,0.4291578233242035,0.6851897239685059,0.41943636536598206,0.0,0.0,0.6694375276565552,0.5611912608146667,0.0,0.0,0.7062840461730957,0.5645484328269958,0.7110009789466858,0.6548655033111572,0.6762145757675171,0.6521386504173279,0.7250887751579285,0.789563000202179,0.6433344483375549,0.7941085696220398,0.7190713882446289,0.8877257108688354,0.6104302406311035,0.9038761258125305
person_nn_1097.jpg,0.8701541423797607,0.4857189357280731,0.8858635425567627,0.4622780382633209,0.8548780679702759,0.46048763394355774,0.9066105484962463,0.44947779178619385,0.827049732208252,0.44400960206985474,0.9176536202430725,0.5228313207626343,0.7974332571029663,0.5208240151405334,0.9333506226539612,0.6643259525299072,0.7843943238258362,0.6713868975639343,0.9080920815467834,0.7078054547309875,0.8523555397987366,0.7047944068908691,0.8808038234710693,0.7519739866256714,0.7962241172790527,0.750033438205719,0.8895738124847412,0.8548654913902283,0.7639995217323303,0.8529435396194458,0.0,0.0,0.0,0.0
person_nn_1098.jpg,0.816385805606842,0.09624169021844864,0.827631950378418,0.08678673952817917,0.8144722580909729,0.08055505901575089,0.8461049795150757,0.09009659290313721,0.8128560781478882,0.07285991311073303,0.8648070693016052,0.1581277996301651,0.7906010746955872,0.13000953197479248,0.8770883083343506,0.2675716280937195,0.7680290937423706,0.21444910764694214,0.8485881686210632,0.3288531005382538,0.7502112984657288,0.29811981320381165,0.8340327143669128,0.3461472988128662,0.7857778668403625,0.3297043442726135,0.0,0.0,0.0,0.0,0.0,0.0,0.0,0.0
person_nn_1099.jpg,0.6579117774963379,0.3051503002643585,0.6694360375404358,0.29399219155311584,0.0,0.0,0.6993991732597351,0.3142061233520508,0.0,0.0,0.7200775146484375,0.42060914635658264,0.6685030460357666,0.40286579728126526,0.7160353064537048,0.5080004334449768,0.0,0.0,0.7033855319023132,0.5653116703033447,0.0,0.0,0.6770265102386475,0.6244865655899048,0.6531832218170166,0.6045038104057312,0.6389643549919128,0.7447993755340576,0.6718688011169434,0.6891626119613647,0.6241955757141113,0.8587984442710876,0.7202242612838745,0.7717843055725098
person_nn_1100.jpg,0.8686347603797913,0.4784657657146454,0.8833613395690918,0.4605535864830017,0.8597632050514221,0.4529471695423126,0.9024243950843811,0.44078755378723145,0.8402720093727112,0.4228116571903229,0.9128643274307251,0.48822149634361267,0.7980037331581116,0.4868539571762085,0.9330854415893555,0.6443907618522644,0.7817729711532593,0.6647475957870483,0.9087531566619873,0.7038002610206604,0.8516069054603577,0.710820198059082,0.8783871531486511,0.724783182144165,0.7982506155967712,0.7251200675964355,0.8829647898674011,0.8540723919868469,0.7680014371871948,0.8599177002906799,0.0,0.0,0.0,0.0
person_nn_1101.jpg,0.8207892179489136,0.09855984896421432,0.8324983716011047,0.08863717317581177,0.8186396360397339,0.08169586956501007,0.8510351777076721,0.092287078499794,0.816025972366333,0.07337041199207306,0.8680129647254944,0.1661400943994522,0.7937045693397522,0.1333911120891571,0.8767126798629761,0.28141820430755615,0.7696828842163086,0.22220373153686523,0.8459543585777283,0.34296339750289917,0.7576460242271423,0.3113272786140442,0.8328081965446472,0.3538585603237152,0.7843049168586731,0.33417996764183044,0.0,0.0,0.0,0.0,0.0,0.0,0.0,0.0
person_nn_1102.jpg,0.6340163350105286,0.30000773072242737,0.6445813775062561,0.29361647367477417,0.0,0.0,0.6794040203094482,0.32385069131851196,0.0,0.0,0.6930532455444336,0.4154983460903168,0.6527448296546936,0.3838248550891876,0.7060856819152832,0.5260049700737,0.0,0.0,0.678687572479248,0.5689752697944641,0.6654770970344543,0.5581163763999939,0.6681647896766663,0.6119681000709534,0.6430253386497498,0.5969237089157104,0.6430864930152893,0.7290865182876587,0.632757842540741,0.7212284207344055,0.6627756357192993,0.8036097288131714,0.6526635885238647,0.8155831694602966
person_nn_1103.jpg,0.8822776675224304,0.48063912987709045,0.8925346732139587,0.46308913826942444,0.8720465302467346,0.45908451080322266,0.0,0.0,0.8438045382499695,0.42746180295944214,0.9157490730285645,0.4940745532512665,0.7952913641929626,0.4951724708080292,0.9358262419700623,0.6483007073402405,0.7817809581756592,0.6621421575546265,0.9026661515235901,0.7009316682815552,0.8475099205970764,0.7088434100151062,0.8865545988082886,0.7145663499832153,0.8018367290496826,0.7186191082000732,0.9149772524833679,0.8502960205078125,0.7734122276306152,0.867429792881012,0.0,0.0,0.756408154964447,0.9709934592247009
person_nn_1104.jpg,0.8256814479827881,0.09990070015192032,0.8375157713890076,0.09014257788658142,0.8233164548873901,0.08276240527629852,0.8557373881340027,0.09436222165822983,0.8195258378982544,0.07335074990987778,0.8698705434799194,0.17179876565933228,0.799056351184845,0.13859060406684875,0.8832833766937256,0.2812258005142212,0.777387261390686,0.20814821124076843,0.8533087968826294,0.35975146293640137,0.7558812499046326,0.27663078904151917,0.8354374170303345,0.3495347797870636,0.7873926758766174,0.3298836648464203,0.8379732370376587,0.45840805768966675,0.7690348029136658,0.4336789846420288,0.8267222046852112,0.5538082122802734,0.7669135332107544,0.5447629690170288
person_nn_1105.jpg,0.6215931177139282,0.3151145279407501,0.6338440179824829,0.3093245327472687,0.0,0.0,0.6687123775482178,0.3363572955131531,0.0,0.0,0.6823199987411499,0.4262160062789917,0.6424781680107117,0.3851797580718994,0.6881415247917175,0.526526153087616,0.0,0.0,0.6686190366744995,0.5852029323577881,0.0,0.0,0.6446359157562256,0.6311827898025513,0.6224462389945984,0.6087431311607361,0.6267096996307373,0.765475869178772,0.6274319887161255,0.7390534281730652,0.6278141140937805,0.832294762134552,0.6436393857002258,0.8193817734718323
person_nn_1106.jpg,0.8826466202735901,0.47834086418151855,0.8933650255203247,0.4600045680999756,0.8718050718307495,0.4563118517398834,0.0,0.0,0.8418190479278564,0.4295584559440613,0.9163100719451904,0.4981711208820343,0.7959398627281189,0.5010206699371338,0.9368574619293213,0.642116904258728,0.7819474339485168,0.6626681089401245,0.9077253341674805,0.7005792856216431,0.8480594754219055,0.7058506011962891,0.8833626508712769,0.7319138050079346,0.7977802157402039,0.7337047457695007,0.9024201035499573,0.8685173392295837,0.7591226696968079,0.8764721751213074,0.0,0.0,0.0,0.0
person_nn_1107.jpg,0.8279756307601929,0.10472532361745834,0.8402963280677795,0.09572552144527435,0.8261325359344482,0.08776015788316727,0.8591106534004211,0.10078670084476471,0.8214251399040222,0.07831883430480957,0.8703676462173462,0.17468948662281036,0.7999255657196045,0.13902375102043152,0.8820543885231018,0.27706587314605713,0.7737617492675781,0.21008902788162231,0.8562411069869995,0.3363262414932251,0.7560055255889893,0.2772921919822693,0.8384222984313965,0.3400876224040985,0.7903087139129639,0.3189319372177124,0.8333501219749451,0.44322484731674194,0.7662258744239807,0.416271448135376,0.825136125087738,0.5308425426483154,0.7641063928604126,0.5216622948646545
person_nn_1108.jpg,0.8874505758285522,0.4788930118083954,0.8955345153808594,0.4594252407550812,0.8755155205726624,0.45867684483528137,0.0,0.0,0.8444768786430359,0.43438252806663513,0.9168246984481812,0.49447277188301086,0.7936276793479919,0.5016140937805176,0.9379948973655701,0.6485685110092163,0.7793793082237244,0.6623914241790771,0.9050442576408386,0.6990605592727661,0.8456416130065918,0.710974931716919,0.8843095302581787,0.725840151309967,0.7974537014961243,0.7332051992416382,0.9027848243713379,0.8789051175117493,0.7614685893058777,0.9060558080673218,0.0,0.0,0.0,0.0
person_nn_1109.jpg,0.6035774350166321,0.3213546872138977,0.6167467832565308,0.31425032019615173,0.0,0.0,0.6527937650680542,0.3390906751155853,0.0,0.0,0.6731951236724854,0.4424295127391815,0.6278984546661377,0.3842790126800537,0.6743001341819763,0.5626207590103149,0.0,0.0,0.6251351833343506,0.6204984784126282,0.0,0.0,0.6370794773101807,0.6434155702590942,0.606791079044342,0.6062159538269043,0.6234511733055115,0.7698144316673279,0.5881279110908508,0.7070764303207397,0.6354091763496399,0.8727332353591919,0.5930710434913635,0.8116355538368225
person_nn_1110.jpg,0.8293097615242004,0.11122133582830429,0.8413438200950623,0.10138837993144989,0.8275757431983948,0.0929630845785141,0.8613736629486084,0.10394454002380371,0.8245795965194702,0.08163148164749146,0.8733357191085815,0.17427217960357666,0.8018651604652405,0.13366103172302246,0.8833317160606384,0.28455406427383423,0.7723398208618164,0.20991730690002441,0.8564280271530151,0.3498215675354004,0.7579249143600464,0.27937161922454834,0.835522472858429,0.3340885043144226,0.787836492061615,0.31109529733657837,0.8274306654930115,0.4417594373226166,0.764011800289154,0.4156918227672577,0.8135499954223633,0.5274155735969543,0.7603105306625366,0.520876944065094
person_nn_1111.jpg,0.8874505758285522,0.4788930118083954,0.8955345153808594,0.4594252407550812,0.8755155205726624,0.45867684483528137,0.0,0.0,0.8444768786430359,0.43438252806663513,0.9168246984481812,0.49447277188301086,0.7936276793479919,0.5016140937805176,0.9379948973655701,0.6485685110092163,0.7793793082237244,0.6623914241790771,0.9050442576408386,0.6990605592727661,0.8456416130065918,0.710974931716919,0.8843095302581787,0.725840151309967,0.7974537014961243,0.7332051992416382,0.9027848243713379,0.8789051175117493,0.7614685893058777,0.9060558080673218,0.0,0.0,0.0,0.0
person_nn_1112.jpg,0.6035774350166321,0.3213546872138977,0.6167467832565308,0.31425032019615173,0.0,0.0,0.6527937650680542,0.3390906751155853,0.0,0.0,0.6731951236724854,0.4424295127391815,0.6278984546661377,0.3842790126800537,0.6743001341819763,0.5626207590103149,0.0,0.0,0.6251351833343506,0.6204984784126282,0.0,0.0,0.6370794773101807,0.6434155702590942,0.606791079044342,0.6062159538269043,0.6234511733055115,0.7698144316673279,0.5881279110908508,0.7070764303207397,0.6354091763496399,0.8727332353591919,0.5930710434913635,0.8116355538368225
person_nn_1113.jpg,0.8293097615242004,0.11122133582830429,0.8413438200950623,0.10138837993144989,0.8275757431983948,0.0929630845785141,0.8613736629486084,0.10394454002380371,0.8245795965194702,0.08163148164749146,0.8733357191085815,0.17427217960357666,0.8018651604652405,0.13366103172302246,0.8833317160606384,0.28455406427383423,0.7723398208618164,0.20991730690002441,0.8564280271530151,0.3498215675354004,0.7579249143600464,0.27937161922454834,0.835522472858429,0.3340885043144226,0.787836492061615,0.31109529733657837,0.8274306654930115,0.4417594373226166,0.764011800289154,0.4156918227672577,0.8135499954223633,0.5274155735969543,0.7603105306625366,0.520876944065094
person_nn_1114.jpg,0.5859965085983276,0.3232550323009491,0.5983216166496277,0.3151370882987976,0.0,0.0,0.6387224197387695,0.3445799648761749,0.0,0.0,0.6657222509384155,0.4644268751144409,0.6097570061683655,0.4056265652179718,0.6560513973236084,0.6258728504180908,0.5853126049041748,0.5189486742019653,0.5937985181808472,0.636013388633728,0.5648059248924255,0.6059598922729492,0.623273491859436,0.6769185662269592,0.5829966068267822,0.6414515972137451,0.6187323927879333,0.7910059690475464,0.5550770163536072,0.7403103113174438,0.6308939456939697,0.8889293670654297,0.5582016110420227,0.8567032814025879
person_nn_1115.jpg,0.8876124620437622,0.47839778661727905,0.8959264159202576,0.4600103199481964,0.8770279884338379,0.4581238329410553,0.0,0.0,0.8447971940040588,0.43069031834602356,0.9161739945411682,0.500583827495575,0.7930304408073425,0.5055623650550842,0.9347999095916748,0.6504601836204529,0.7788944244384766,0.6684487462043762,0.9053703546524048,0.7021209001541138,0.8480673432350159,0.7062181830406189,0.8859708309173584,0.7322051525115967,0.7972545027732849,0.7374882698059082,0.9232165813446045,0.8584473729133606,0.7612848877906799,0.875275194644928,0.0,0.0,0.0,0.0
person_nn_1116.jpg,0.8317356705665588,0.11714168637990952,0.8434814214706421,0.10817664861679077,0.8296560049057007,0.10079313069581985,0.8609827756881714,0.10799747705459595,0.8243939876556396,0.08734362572431564,0.8707489371299744,0.17030130326747894,0.8029729723930359,0.1360490918159485,0.883731484413147,0.2733379006385803,0.7763174176216125,0.20860925316810608,0.8618733286857605,0.3344988524913788,0.7592604160308838,0.2738193869590759,0.8377041816711426,0.3356759250164032,0.7914423942565918,0.3155123293399811,0.8282129168510437,0.4487399756908417,0.7638336420059204,0.4270871877670288,0.8171709775924683,0.5461222529411316,0.7555965781211853,0.5444722771644592
person_nn_1117.jpg,0.5668037533760071,0.3396463394165039,0.5767654180526733,0.33092108368873596,0.0,0.0,0.6174631118774414,0.3562091290950775,0.0,0.0,0.6440882086753845,0.4680759310722351,0.5918043851852417,0.41366147994995117,0.6569732427597046,0.6247819662094116,0.5665959119796753,0.5158230066299438,0.603118896484375,0.6570976972579956,0.552973747253418,0.6054509282112122,0.6154940128326416,0.6753106713294983,0.5755722522735596,0.6469767689704895,0.616023600101471,0.7825112342834473,0.5312507152557373,0.7590224146842957,0.6423372626304626,0.8824543356895447,0.5145617723464966,0.8949394822120667
person_nn_1118.jpg,0.8868192434310913,0.4773709177970886,0.8955985903739929,0.45906901359558105,0.8757986426353455,0.4563590884208679,0.0,0.0,0.8437466621398926,0.4304939806461334,0.9141043424606323,0.4991706311702728,0.7934532165527344,0.5046114325523376,0.9358293414115906,0.6462389826774597,0.778016984462738,0.6668346524238586,0.9060081243515015,0.7024220824241638,0.8478066325187683,0.7074022889137268,0.883167028427124,0.7245519757270813,0.7965502738952637,0.7297336459159851,0.9144307971000671,0.8615720868110657,0.7596474885940552,0.8790079951286316,0.0,0.0,0.0,0.0
person_nn_1119.jpg,0.8317246437072754,0.13110241293907166,0.843262255191803,0.1222294345498085,0.8296706676483154,0.11367042362689972,0.8605201244354248,0.11744232475757599,0.824076235294342,0.0947553887963295,0.8692673444747925,0.17271456122398376,0.8022080659866333,0.13832157850265503,0.8845677971839905,0.2739970088005066,0.7755464911460876,0.21287965774536133,0.8626413941383362,0.33468279242515564,0.7585617899894714,0.27734583616256714,0.8371399641036987,0.33809739351272583,0.791599452495575,0.3179393410682678,0.8290076851844788,0.45035821199417114,0.764785647392273,0.42868050932884216,0.8147549629211426,0.5489456057548523,0.7525017261505127,0.5481407046318054
person_nn_1120.jpg,0.5419943332672119,0.35238906741142273,0.550248920917511,0.34224581718444824,0.0,0.0,0.5911771059036255,0.3609669506549835,0.0,0.0,0.6214144825935364,0.4731762111186981,0.5669977068901062,0.4250868856906891,0.6322239637374878,0.6410261392593384,0.5490239262580872,0.5334172248840332,0.5780830979347229,0.675345778465271,0.5380141735076904,0.6187354922294617,0.5958636999130249,0.6914319396018982,0.5537626147270203,0.6684480309486389,0.6022581458091736,0.8113651275634766,0.5173277854919434,0.7990165948867798,0.6232452392578125,0.8913381695747375,0.5048233866691589,0.9161215424537659
person_nn_1121.jpg,0.8840763568878174,0.47835856676101685,0.894433856010437,0.46099358797073364,0.8731020092964172,0.45630544424057007,0.0,0.0,0.8419146537780762,0.4280763268470764,0.9104050993919373,0.4915812611579895,0.7920643091201782,0.49822378158569336,0.9358152151107788,0.6386287808418274,0.7777388095855713,0.6687940359115601,0.9059983491897583,0.7007927894592285,0.8541777729988098,0.7063447833061218,0.8765336275100708,0.716547966003418,0.7928153872489929,0.7219496965408325,0.897964358329773,0.8652546405792236,0.7609360814094543,0.8842546343803406,0.0,0.0,0.0,0.0
person_nn_1122.jpg,0.828839123249054,0.1461695283651352,0.8397868871688843,0.13552552461624146,0.8256703019142151,0.12906937301158905,0.8589382767677307,0.12090204656124115,0.8202518820762634,0.10398394614458084,0.8717868328094482,0.17023758590221405,0.7999275922775269,0.1402537226676941,0.8858388662338257,0.27445825934410095,0.7715935707092285,0.21616068482398987,0.8596333265304565,0.33777227997779846,0.758021354675293,0.2767551839351654,0.8378127813339233,0.3367830514907837,0.7910134196281433,0.318176805973053,0.8240103125572205,0.4450858533382416,0.764162003993988,0.4262848198413849,0.8017904758453369,0.5534412264823914,0.7572826147079468,0.5534240007400513
person_nn_1123.jpg,0.5170125961303711,0.36156749725341797,0.5285417437553406,0.3495449721813202,0.0,0.0,0.5731810927391052,0.3675508499145508,0.0,0.0,0.5983247756958008,0.4824507236480713,0.5436050295829773,0.446211040019989,0.6100272536277771,0.6460184454917908,0.5315526127815247,0.55670166015625,0.5559800863265991,0.6879182457923889,0.5190115571022034,0.6336549520492554,0.5761731266975403,0.6963086128234863,0.535370945930481,0.6808307766914368,0.5913336873054504,0.8099749684333801,0.5089010000228882,0.8105044364929199,0.6202827095985413,0.8834134936332703,0.5088281631469727,0.9212578535079956
person_nn_1124.jpg,0.8777303695678711,0.47759154438972473,0.8898909091949463,0.46185556054115295,0.8676835298538208,0.4539928138256073,0.0,0.0,0.8414224982261658,0.42330363392829895,0.9127750396728516,0.49550411105155945,0.7939664721488953,0.4913046658039093,0.935038149356842,0.6507503390312195,0.7796226739883423,0.6669387221336365,0.9041075706481934,0.7000716924667358,0.8550719022750854,0.7032158970832825,0.8755918145179749,0.7237551212310791,0.7913883924484253,0.722621500492096,0.8957697749137878,0.8788756132125854,0.7607923746109009,0.8838293552398682,0.0,0.0,0.0,0.0
person_nn_1125.jpg,0.492753803730011,0.35523393750190735,0.50677490234375,0.34365788102149963,0.0,0.0,0.5520392060279846,0.3665403425693512,0.0,0.0,0.5716757774353027,0.47889816761016846,0.5198312997817993,0.44289839267730713,0.5882463455200195,0.6316248178482056,0.5106635689735413,0.5548429489135742,0.5308237075805664,0.6696894764900208,0.49050700664520264,0.6433058381080627,0.5553995370864868,0.7042241096496582,0.517016589641571,0.6884594559669495,0.5683563947677612,0.8256919980049133,0.49899864196777344,0.8227401971817017,0.6097339987754822,0.8837137818336487,0.5054597854614258,0.9200577735900879
person_nn_1126.jpg,0.8813152313232422,0.4785372316837311,0.8923846483230591,0.46134623885154724,0.870051920413971,0.4566269814968109,0.0,0.0,0.8417093753814697,0.4269852340221405,0.9130763411521912,0.49150511622428894,0.796719491481781,0.4880779981613159,0.934810221195221,0.6548117399215698,0.7790235877037048,0.6610219478607178,0.8998867869377136,0.6993109583854675,0.8502219915390015,0.7054013609886169,0.8766747117042542,0.7040933966636658,0.7953006625175476,0.7043434381484985,0.8922777771949768,0.8500936031341553,0.7647193074226379,0.8613904714584351,0.0,0.0,0.0,0.0
person_nn_1127.jpg,0.8304850459098816,0.15198276937007904,0.8396008014678955,0.14201483130455017,0.8251482844352722,0.13870491087436676,0.8530240058898926,0.12239770591259003,0.8133828043937683,0.11284293979406357,0.8672708868980408,0.16416266560554504,0.7924543619155884,0.14139780402183533,0.8822309374809265,0.2748662829399109,0.7658166289329529,0.22221730649471283,0.8593241572380066,0.3388194143772125,0.7526482343673706,0.2854972183704376,0.8337534666061401,0.3363065719604492,0.7843422293663025,0.3215467035770416,0.8289522528648376,0.46077096462249756,0.7662942409515381,0.4448070824146271,0.8102723956108093,0.5792841911315918,0.7593531608581543,0.578443169593811
person_nn_1128.jpg,0.492753803730011,0.35523393750190735,0.50677490234375,0.34365788102149963,0.0,0.0,0.5520392060279846,0.3665403425693512,0.0,0.0,0.5716757774353027,0.47889816761016846,0.5198312997817993,0.44289839267730713,0.5882463455200195,0.6316248178482056,0.5106635689735413,0.5548429489135742,0.5308237075805664,0.6696894764900208,0.49050700664520264,0.6433058381080627,0.5553995370864868,0.7042241096496582,0.517016589641571,0.6884594559669495,0.5683563947677612,0.8256919980049133,0.49899864196777344,0.8227401971817017,0.6097339987754822,0.8837137818336487,0.5054597854614258,0.9200577735900879
person_nn_1129.jpg,0.8813152313232422,0.4785372316837311,0.8923846483230591,0.46134623885154724,0.870051920413971,0.4566269814968109,0.0,0.0,0.8417093753814697,0.4269852340221405,0.9130763411521912,0.49150511622428894,0.796719491481781,0.4880779981613159,0.934810221195221,0.6548117399215698,0.7790235877037048,0.6610219478607178,0.8998867869377136,0.6993109583854675,0.8502219915390015,0.7054013609886169,0.8766747117042542,0.7040933966636658,0.7953006625175476,0.7043434381484985,0.8922777771949768,0.8500936031341553,0.7647193074226379,0.8613904714584351,0.0,0.0,0.0,0.0
person_nn_1130.jpg,0.8304850459098816,0.15198276937007904,0.8396008014678955,0.14201483130455017,0.8251482844352722,0.13870491087436676,0.8530240058898926,0.12239770591259003,0.8133828043937683,0.11284293979406357,0.8672708868980408,0.16416266560554504,0.7924543619155884,0.14139780402183533,0.8822309374809265,0.2748662829399109,0.7658166289329529,0.22221730649471283,0.8593241572380066,0.3388194143772125,0.7526482343673706,0.2854972183704376,0.8337534666061401,0.3363065719604492,0.7843422293663025,0.3215467035770416,0.8289522528648376,0.46077096462249756,0.7662942409515381,0.4448070824146271,0.8102723956108093,0.5792841911315918,0.7593531608581543,0.578443169593811
person_nn_1131.jpg,0.4730515480041504,0.3615683317184448,0.4877707362174988,0.34799253940582275,0.0,0.0,0.5308049917221069,0.3638627231121063,0.0,0.0,0.5477253198623657,0.4753003418445587,0.4933513104915619,0.439024955034256,0.5637085437774658,0.6294068694114685,0.4824179708957672,0.55119788646698,0.5025302767753601,0.6702271103858948,0.4739159047603607,0.633905291557312,0.5328055620193481,0.7196952700614929,0.49492761492729187,0.7036134600639343,0.5395712852478027,0.8534899950027466,0.4907815754413605,0.8421193361282349,0.5807605981826782,0.8990392088890076,0.5045525431632996,0.9156662225723267
person_nn_1132.jpg,0.8661850690841675,0.47055304050445557,0.8812069892883301,0.45588013529777527,0.8572903871536255,0.44557490944862366,0.9025575518608093,0.43919581174850464,0.839269757270813,0.41593196988105774,0.9133809804916382,0.49560001492500305,0.7956743240356445,0.48556461930274963,0.9354791641235352,0.6529937386512756,0.7774427533149719,0.6617200970649719,0.899682879447937,0.7031747698783875,0.8505403995513916,0.705383837223053,0.8791462779045105,0.7111325263977051,0.795530378818512,0.7078366279602051,0.9007803201675415,0.8571731448173523,0.7658311128616333,0.8609858155250549,0.0,0.0,0.0,0.0
person_nn_1133.jpg,0.8271870613098145,0.1451776623725891,0.8364132642745972,0.1331976056098938,0.8212868571281433,0.13039961457252502,0.8483930230140686,0.11712286621332169,0.807439386844635,0.10837803035974503,0.8620221614837646,0.1655886322259903,0.7853773832321167,0.14632396399974823,0.8761566877365112,0.2741127908229828,0.7604227066040039,0.23224632441997528,0.8546251058578491,0.34588557481765747,0.745971143245697,0.3011263310909271,0.8307154774665833,0.3420964479446411,0.7801913022994995,0.32952985167503357,0.8291568756103516,0.46087896823883057,0.7628474831581116,0.447674959897995,0.8044165372848511,0.5787312388420105,0.7565014362335205,0.5788434147834778
person_nn_1134.jpg,0.45389240980148315,0.3712719976902008,0.46894371509552,0.3591561019420624,0.0,0.0,0.5096896290779114,0.37005752325057983,0.0,0.0,0.5344275832176208,0.473331093788147,0.4730188846588135,0.42268145084381104,0.560793399810791,0.6320486664772034,0.4692571759223938,0.5358461141586304,0.532257080078125,0.6934089064598083,0.0,0.0,0.5131312608718872,0.7292589545249939,0.47691187262535095,0.7040389180183411,0.5019431114196777,0.8726459741592407,0.49609407782554626,0.8379970788955688,0.5184105038642883,0.9310452342033386,0.535837709903717,0.9161818623542786
person_nn_1135.jpg,0.8715112209320068,0.4771333336830139,0.885036826133728,0.45893147587776184,0.8608524799346924,0.4523625671863556,0.9020987153053284,0.43885529041290283,0.8375409841537476,0.42321521043777466,0.9127599596977234,0.5019356608390808,0.793375551700592,0.49923333525657654,0.9343189001083374,0.653949499130249,0.7797425985336304,0.6666259169578552,0.9004407525062561,0.7043972015380859,0.848317563533783,0.7069510817527771,0.8821716904640198,0.7145358324050903,0.7975832223892212,0.7160978317260742,0.9087685346603394,0.8451098799705505,0.7677134275436401,0.859723687171936,0.0,0.0,0.0,0.0
person_nn_1136.jpg,0.817757785320282,0.15630261600017548,0.8271815180778503,0.1440160572528839,0.8122330904006958,0.14155630767345428,0.8418118357658386,0.12098947912454605,0.8004871010780334,0.11362331360578537,0.8576468229293823,0.16117802262306213,0.7781621217727661,0.14947982132434845,0.875120997428894,0.2695135772228241,0.7520467638969421,0.24516387283802032,0.8563159704208374,0.3436979055404663,0.7401167750358582,0.3162064254283905,0.8286653161048889,0.33507075905799866,0.7771737575531006,0.32688429951667786,0.8303223252296448,0.4534999132156372,0.7605399489402771,0.4466516077518463,0.8098888397216797,0.5771501064300537,0.7603117823600769,0.581900954246521
person_nn_1137.jpg,0.4424111247062683,0.38532087206840515,0.45637524127960205,0.37185144424438477,0.44426843523979187,0.3644501864910126,0.49549829959869385,0.3795163333415985,0.0,0.0,0.5209466218948364,0.4838794469833374,0.45855239033699036,0.44642919301986694,0.5354517698287964,0.6384391784667969,0.4498428702354431,0.5728952288627625,0.4773983359336853,0.6953831315040588,0.44822368025779724,0.6709417700767517,0.5053504705429077,0.7302829623222351,0.46586740016937256,0.7096056938171387,0.5031724572181702,0.8820443749427795,0.4733186960220337,0.8490578532218933,0.5202369689941406,0.9664420485496521,0.49961164593696594,0.9444015622138977
person_nn_1138.jpg,0.8856964707374573,0.4819500744342804,0.8947849273681641,0.4618971347808838,0.874399721622467,0.46162790060043335,0.0,0.0,0.8423408269882202,0.43732258677482605,0.9104945659637451,0.4921029210090637,0.7980830073356628,0.5069547295570374,0.9349693059921265,0.6366057395935059,0.7817617058753967,0.6710252165794373,0.905268669128418,0.7012653350830078,0.8496182560920715,0.7076846957206726,0.877236545085907,0.7165306210517883,0.7995842695236206,0.7234882712364197,0.8775519728660583,0.8464480638504028,0.7602754235267639,0.8662611842155457,0.0,0.0,0.0,0.0
person_nn_1139.jpg,0.8144912123680115,0.15676738321781158,0.822357714176178,0.14112511277198792,0.8080838322639465,0.13888096809387207,0.0,0.0,0.0,0.0,0.8533486723899841,0.15487149357795715,0.7708514928817749,0.14903230965137482,0.8711814880371094,0.26167863607406616,0.7443147897720337,0.2501952052116394,0.8527610898017883,0.3297867178916931,0.7408114075660706,0.3131435215473175,0.8297186493873596,0.33840030431747437,0.7745339870452881,0.3357411026954651,0.0,0.0,0.0,0.0,0.0,0.0,0.0,0.0
person_nn_1140.jpg,0.42943790555000305,0.40513017773628235,0.44148072600364685,0.38841623067855835,0.0,0.0,0.4802662432193756,0.3895985782146454,0.0,0.0,0.5151869654655457,0.4991174340248108,0.44532009959220886,0.4647397994995117,0.5297189354896545,0.6700944304466248,0.4305393099784851,0.5994071364402771,0.4584536850452423,0.7114965915679932,0.0,0.0,0.493245393037796,0.7559489607810974,0.45161011815071106,0.7348825335502625,0.48400333523750305,0.8894672393798828,0.46540385484695435,0.8560256958007812,0.4830540418624878,0.9594828486442566,0.4998922348022461,0.9359785914421082
person_nn_1141.jpg,0.8847417235374451,0.4841049611568451,0.8955793976783752,0.46646419167518616,0.87489914894104,0.4617707431316376,0.0,0.0,0.8465083241462708,0.4319859445095062,0.9152103662490845,0.4991641342639923,0.7999528050422668,0.5037606954574585,0.9423339366912842,0.6407520771026611,0.7792018055915833,0.6673994064331055,0.910513699054718,0.7046376466751099,0.8500052094459534,0.7109830379486084,0.8775150775909424,0.7222211956977844,0.7984254360198975,0.7234383821487427,0.8801098465919495,0.8546386957168579,0.7591173648834229,0.8645589351654053,0.0,0.0,0.0,0.0
person_nn_1142.jpg,0.8084560036659241,0.1611805409193039,0.8175954818725586,0.14783921837806702,0.8028097152709961,0.14605750143527985,0.8310314416885376,0.12205924838781357,0.789043128490448,0.11567399650812149,0.8484196066856384,0.16308824717998505,0.7676745057106018,0.155782088637352,0.8682558536529541,0.26565122604370117,0.7427145838737488,0.24615129828453064,0.8465012907981873,0.34283047914505005,0.7318019866943359,0.31534725427627563,0.8260926008224487,0.3566073477268219,0.7735512852668762,0.3505789339542389,0.8290690183639526,0.47084519267082214,0.7539283633232117,0.4653194546699524,0.8123541474342346,0.5907108187675476,0.7563507556915283,0.5939583778381348
person_nn_1143.jpg,0.42943790555000305,0.40513017773628235,0.44148072600364685,0.38841623067855835,0.0,0.0,0.4802662432193756,0.3895985782146454,0.0,0.0,0.5151869654655457,0.4991174340248108,0.44532009959220886,0.4647397994995117,0.5297189354896545,0.6700944304466248,0.4305393099784851,0.5994071364402771,0.4584536850452423,0.7114965915679932,0.0,0.0,0.493245393037796,0.7559489607810974,0.45161011815071106,0.7348825335502625,0.48400333523750305,0.8894672393798828,0.46540385484695435,0.8560256958007812,0.4830540418624878,0.9594828486442566,0.4998922348022461,0.9359785914421082
person_nn_1144.jpg,0.8847417235374451,0.4841049611568451,0.8955793976783752,0.46646419167518616,0.87489914894104,0.4617707431316376,0.0,0.0,0.8465083241462708,0.4319859445095062,0.9152103662490845,0.4991641342639923,0.7999528050422668,0.5037606954574585,0.9423339366912842,0.6407520771026611,0.7792018055915833,0.6673994064331055,0.910513699054718,0.7046376466751099,0.8500052094459534,0.7109830379486084,0.8775150775909424,0.7222211956977844,0.7984254360198975,0.7234383821487427,0.8801098465919495,0.8546386957168579,0.7591173648834229,0.8645589351654053,0.0,0.0,0.0,0.0
person_nn_1145.jpg,0.8084560036659241,0.1611805409193039,0.8175954818725586,0.14783921837806702,0.8028097152709961,0.14605750143527985,0.8310314416885376,0.12205924838781357,0.789043128490448,0.11567399650812149,0.8484196066856384,0.16308824717998505,0.7676745057106018,0.155782088637352,0.8682558536529541,0.26565122604370117,0.7427145838737488,0.24615129828453064,0.8465012907981873,0.34283047914505005,0.7318019866943359,0.31534725427627563,0.8260926008224487,0.3566073477268219,0.7735512852668762,0.3505789339542389,0.8290690183639526,0.47084519267082214,0.7539283633232117,0.4653194546699524,0.8123541474342346,0.5907108187675476,0.7563507556915283,0.5939583778381348
person_nn_1146.jpg,0.41757622361183167,0.4244404733181,0.4315187335014343,0.40750908851623535,0.41410955786705017,0.4021737277507782,0.46859118342399597,0.40419724583625793,0.0,0.0,0.4963085353374481,0.5102735161781311,0.42949768900871277,0.46350112557411194,0.5140632390975952,0.6841521859169006,0.4182659983634949,0.5849444270133972,0.44660165905952454,0.7416385412216187,0.4129396378993988,0.6843006014823914,0.47725704312324524,0.7763218879699707,0.4381274878978729,0.7506312727928162,0.46576249599456787,0.91788250207901,0.46567800641059875,0.8751413822174072,0.0,0.0,0.0,0.0
person_nn_1147.jpg,0.8874995112419128,0.48299723863601685,0.8991329073905945,0.46461063623428345,0.8766368627548218,0.46029022336006165,0.0,0.0,0.8508309721946716,0.434975266456604,0.925512433052063,0.5088887810707092,0.8054075837135315,0.5095968246459961,0.9447479844093323,0.659123420715332,0.7807666659355164,0.6738684177398682,0.9079347252845764,0.7131235003471375,0.853933572769165,0.7171266078948975,0.8847581744194031,0.7295367121696472,0.8014329075813293,0.7288484573364258,0.8896384835243225,0.8687929511070251,0.7599655389785767,0.8755108714103699,0.0,0.0,0.0,0.0
person_nn_1148.jpg,0.8055768609046936,0.15646599233150482,0.814600944519043,0.1464862823486328,0.8006260395050049,0.14284178614616394,0.8293001651763916,0.12447893619537354,0.7900738716125488,0.1151355504989624,0.8475542664527893,0.16165561974048615,0.7684705853462219,0.15241044759750366,0.8678483366966248,0.2597893178462982,0.7406076788902283,0.24504700303077698,0.8462801575660706,0.3318869471549988,0.7286968231201172,0.31152820587158203,0.8230335712432861,0.34567978978157043,0.771424412727356,0.3379862606525421,0.8288992643356323,0.4727195203304291,0.758080780506134,0.46181896328926086,0.814532458782196,0.5964987277984619,0.755852997303009,0.5901893377304077
person_nn_1149.jpg,0.40401363372802734,0.4620859920978546,0.41685640811920166,0.4396868348121643,0.39762982726097107,0.43872299790382385,0.4533572494983673,0.4252351224422455,0.0,0.0,0.48345425724983215,0.5406938195228577,0.41677746176719666,0.49791985750198364,0.4981851279735565,0.7203085422515869,0.0,0.0,0.4246171712875366,0.7478501796722412,0.0,0.0,0.4573349356651306,0.8317503929138184,0.41821491718292236,0.8059800863265991,0.4486439526081085,0.9742506146430969,0.0,0.0,0.0,0.0,0.0,0.0
person_nn_1150.jpg,0.8004913330078125,0.1522652506828308,0.8108727931976318,0.14150968194007874,0.7964090704917908,0.13709108531475067,0.829738974571228,0.12445235252380371,0.7902999520301819,0.1129230335354805,0.8492417931556702,0.17010805010795593,0.7720991373062134,0.15727673470973969,0.8725522756576538,0.2694798409938812,0.7441021203994751,0.24233093857765198,0.8516549468040466,0.34748268127441406,0.7281487584114075,0.3082835376262665,0.8254550695419312,0.3580126464366913,0.7738000750541687,0.3485473096370697,0.8346201777458191,0.4757511019706726,0.7561341524124146,0.46269169449806213,0.8315202593803406,0.5938554406166077,0.7542722225189209,0.5864569544792175
person_nn_1151.jpg,0.8900153636932373,0.484553724527359,0.9008033275604248,0.46712610125541687,0.8805857300758362,0.4620029330253601,0.0,0.0,0.8563985824584961,0.43767136335372925,0.9251070618629456,0.5158901214599609,0.8091800212860107,0.5099243521690369,0.9444299936294556,0.6638364791870117,0.7810989022254944,0.664620578289032,0.9055305123329163,0.7159090042114258,0.852083146572113,0.7194765210151672,0.879485011100769,0.7337599992752075,0.8000414967536926,0.7289552688598633,0.874238908290863,0.8679326176643372,0.7554040551185608,0.8690950274467468,0.0,0.0,0.0,0.0
person_nn_1152.jpg,0.39198872447013855,0.4944191575050354,0.40487393736839294,0.4737284481525421,0.3856634199619293,0.470016747713089,0.4392015337944031,0.4536951184272766,0.0,0.0,0.46877098083496094,0.5671526789665222,0.40275657176971436,0.5185003876686096,0.4803003966808319,0.7390061616897583,0.0,0.0,0.4193427264690399,0.7923942804336548,0.0,0.0,0.44944220781326294,0.8171767592430115,0.41397368907928467,0.7887997031211853,0.4440144896507263,0.9284204840660095,0.4475775957107544,0.8703328371047974,0.0,0.0,0.0,0.0
person_nn_1153.jpg,0.8007240891456604,0.1481359750032425,0.8110483884811401,0.13827095925807953,0.797951340675354,0.1331455409526825,0.8314603567123413,0.12542107701301575,0.0,0.0,0.8531215190887451,0.1740145981311798,0.777265191078186,0.1560506969690323,0.8757869601249695,0.269051194190979,0.7468006014823914,0.2347787767648697,0.8534138202667236,0.3479670584201813,0.7318670153617859,0.31370818614959717,0.8259223699569702,0.3644335865974426,0.7745264172554016,0.35166168212890625,0.8369503617286682,0.48724105954170227,0.7574682235717773,0.4665294289588928,0.8363608121871948,0.6023761034011841,0.7543196678161621,0.5863820910453796
person_nn_1154.jpg,0.8948281407356262,0.49691712856292725,0.9074013829231262,0.4757848083972931,0.8838167190551758,0.4689585268497467,0.9226192235946655,0.45183974504470825,0.8597432971000671,0.43920934200286865,0.9354677200317383,0.5121477842330933,0.8109407424926758,0.5086653232574463,0.9464759230613708,0.6585150361061096,0.7821182608604431,0.6689698100090027,0.9099789261817932,0.7107048630714417,0.8530235290527344,0.7222614884376526,0.8885852098464966,0.7259790897369385,0.8017047047615051,0.7219342589378357,0.8884382843971252,0.8827188014984131,0.7542015314102173,0.8805268406867981,0.0,0.0,0.0,0.0
person_nn_1155.jpg,0.37517687678337097,0.5174958109855652,0.3885766267776489,0.49597662687301636,0.36899903416633606,0.4947897791862488,0.42489635944366455,0.47302117943763733,0.0,0.0,0.4474927484989166,0.5597853660583496,0.3859803080558777,0.5397698283195496,0.47582682967185974,0.6756385564804077,0.37353333830833435,0.6335628032684326,0.45751431584358215,0.7509467005729675,0.3649195432662964,0.746025800704956,0.43582260608673096,0.8072405457496643,0.4006511867046356,0.7958415150642395,0.4351864755153656,0.9227546453475952,0.42203450202941895,0.8987288475036621,0.0,0.0,0.0,0.0
person_nn_1156.jpg,0.8948088884353638,0.49321040511131287,0.9103756546974182,0.4765758216381073,0.885518491268158,0.4660845994949341,0.928295373916626,0.459991455078125,0.862127423286438,0.43538692593574524,0.9325588941574097,0.5203496813774109,0.8096773624420166,0.5116943120956421,0.9471920728683472,0.6533104777336121,0.7834028005599976,0.6701467037200928,0.9146929383277893,0.706479549407959,0.8549070954322815,0.7263261675834656,0.8901990652084351,0.7391493916511536,0.8030015826225281,0.7366332411766052,0.9094434380531311,0.8602474927902222,0.7649645209312439,0.8670281767845154,0.0,0.0,0.0,0.0
person_nn_1157.jpg,0.8042861819267273,0.14277808368206024,0.8152338862419128,0.13402344286441803,0.8028745055198669,0.12780576944351196,0.8379553556442261,0.1287551373243332,0.0,0.0,0.8581790924072266,0.18505030870437622,0.7837894558906555,0.15269216895103455,0.8805390000343323,0.27902624011039734,0.7527700066566467,0.21118903160095215,0.8616028428077698,0.3577689230442047,0.744358241558075,0.27921944856643677,0.8292494416236877,0.36116907000541687,0.7789692878723145,0.3425461947917938,0.8348548412322998,0.49328482151031494,0.7613238096237183,0.468324214220047,0.832021176815033,0.5982753038406372,0.7564959526062012,0.5846984386444092
person_nn_1158.jpg,0.37517687678337097,0.5174958109855652,0.3885766267776489,0.49597662687301636,0.36899903416633606,0.4947897791862488,0.42489635944366455,0.47302117943763733,0.0,0.0,0.4474927484989166,0.5597853660583496,0.3859803080558777,0.5397698283195496,0.47582682967185974,0.6756385564804077,0.37353333830833435,0.6335628032684326,0.45751431584358215,0.7509467005729675,0.3649195432662964,0.746025800704956,0.43582260608673096,0.8072405457496643,0.4006511867046356,0.7958415150642395,0.4351864755153656,0.9227546453475952,0.42203450202941895,0.8987288475036621,0.0,0.0,0.0,0.0
person_nn_1159.jpg,0.8948088884353638,0.49321040511131287,0.9103756546974182,0.4765758216381073,0.885518491268158,0.4660845994949341,0.928295373916626,0.459991455078125,0.862127423286438,0.43538692593574524,0.9325588941574097,0.5203496813774109,0.8096773624420166,0.5116943120956421,0.9471920728683472,0.6533104777336121,0.7834028005599976,0.6701467037200928,0.9146929383277893,0.706479549407959,0.8549070954322815,0.7263261675834656,0.8901990652084351,0.7391493916511536,0.8030015826225281,0.7366332411766052,0.9094434380531311,0.8602474927902222,0.7649645209312439,0.8670281767845154,0.0,0.0,0.0,0.0
person_nn_1160.jpg,0.8042861819267273,0.14277808368206024,0.8152338862419128,0.13402344286441803,0.8028745055198669,0.12780576944351196,0.8379553556442261,0.1287551373243332,0.0,0.0,0.8581790924072266,0.18505030870437622,0.7837894558906555,0.15269216895103455,0.8805390000343323,0.27902624011039734,0.7527700066566467,0.21118903160095215,0.8616028428077698,0.3577689230442047,0.744358241558075,0.27921944856643677,0.8292494416236877,0.36116907000541687,0.7789692878723145,0.3425461947917938,0.8348548412322998,0.49328482151031494,0.7613238096237183,0.468324214220047,0.832021176815033,0.5982753038406372,0.7564959526062012,0.5846984386444092
person_nn_1161.jpg,0.35513854026794434,0.531485378742218,0.3677871525287628,0.5133940577507019,0.35167258977890015,0.5076822638511658,0.4060504734516144,0.4962852895259857,0.0,0.0,0.4330005347728729,0.5925824046134949,0.37696993350982666,0.5411776900291443,0.4610820710659027,0.7406377792358398,0.36422258615493774,0.6412768959999084,0.4342380166053772,0.8106865286827087,0.3507553040981293,0.7641689777374268,0.41929891705513,0.844362199306488,0.3876378536224365,0.8172577619552612,0.41564950346946716,0.9783986210823059,0.0,0.0,0.0,0.0,0.0,0.0
person_nn_1162.jpg,0.8966844081878662,0.49714896082878113,0.9124447703361511,0.47913986444473267,0.8852271437644958,0.4723298251628876,0.0,0.0,0.8606696724891663,0.43719106912612915,0.9372978210449219,0.5128442645072937,0.8157479763031006,0.5071300268173218,0.942780077457428,0.6561260223388672,0.7897486686706543,0.6715819835662842,0.9166716933250427,0.7110665440559387,0.8525345921516418,0.730783998966217,0.8947393298149109,0.7468504309654236,0.8078292608261108,0.7458397150039673,0.9205564260482788,0.8519077301025391,0.7696537971496582,0.860705554485321,0.0,0.0,0.0,0.0
person_nn_1163.jpg,0.8092893362045288,0.1415705382823944,0.8203665614128113,0.13299238681793213,0.8092492818832397,0.12579135596752167,0.8445587754249573,0.13451789319515228,0.0,0.0,0.8640862107276917,0.2006617933511734,0.7910093069076538,0.16069863736629486,0.8894981145858765,0.30143430829048157,0.752673864364624,0.20830316841602325,0.8676508665084839,0.3684147000312805,0.7682709097862244,0.24901911616325378,0.8377335667610168,0.37467965483665466,0.7881711721420288,0.3542628288269043,0.841394305229187,0.49466344714164734,0.7642133235931396,0.4694662392139435,0.8478277921676636,0.5992751717567444,0.7552831172943115,0.5870455503463745
person_nn_1164.jpg,0.33059391379356384,0.5419332981109619,0.3432055115699768,0.5248115062713623,0.0,0.0,0.3871731460094452,0.5137966871261597,0.0,0.0,0.4213699400424957,0.6034471392631531,0.36095380783081055,0.5675106048583984,0.4516441822052002,0.7303329706192017,0.347831130027771,0.6726471185684204,0.4270726442337036,0.8179954290390015,0.33486226201057434,0.7814293503761292,0.40052536129951477,0.8641521334648132,0.36329522728919983,0.8393484354019165,0.3959420919418335,0.9711467623710632,0.0,0.0,0.0,0.0,0.0,0.0
person_nn_1165.jpg,0.897079348564148,0.5025230646133423,0.9098524451255798,0.48557180166244507,0.8865804672241211,0.4805901050567627,0.0,0.0,0.8594799637794495,0.44026488065719604,0.9352225065231323,0.4984585642814636,0.8118652701377869,0.49694421887397766,0.9447990655899048,0.6465355157852173,0.7869737148284912,0.6648874282836914,0.9184566140174866,0.7121901512145996,0.8519191145896912,0.7259883284568787,0.8928958773612976,0.7434158325195312,0.8060363531112671,0.7427579164505005,0.9092192649841309,0.8693876266479492,0.7661961317062378,0.8757340312004089,0.0,0.0,0.0,0.0
person_nn_1166.jpg,0.3066618740558624,0.5509985089302063,0.31921276450157166,0.535548210144043,0.0,0.0,0.3643800616264343,0.5263413786888123,0.0,0.0,0.404274582862854,0.6126415133476257,0.3363657295703888,0.5754511952400208,0.4421062469482422,0.7438760995864868,0.32653898000717163,0.6899285912513733,0.42332911491394043,0.8503841161727905,0.32407885789871216,0.800948977470398,0.39429253339767456,0.8807517290115356,0.35155659914016724,0.8574602007865906,0.0,0.0,0.0,0.0,0.0,0.0,0.0,0.0
person_nn_1167.jpg,0.897098958492279,0.49655669927597046,0.909713625907898,0.47952112555503845,0.8889862895011902,0.46849629282951355,0.0,0.0,0.8647220134735107,0.43295562267303467,0.9360058307647705,0.5144311785697937,0.812354326248169,0.4986615478992462,0.9553308486938477,0.6476448774337769,0.7779610753059387,0.6525641083717346,0.9215778112411499,0.7020010352134705,0.8470160961151123,0.7213212847709656,0.8871780037879944,0.7401267290115356,0.8019007444381714,0.7275701761245728,0.8812355995178223,0.8981566429138184,0.7497453093528748,0.8774825930595398,0.0,0.0,0.0,0.0
person_nn_1168.jpg,0.8237912058830261,0.1410975605249405,0.8334951400756836,0.13066062331199646,0.8242118954658508,0.12479568272829056,0.8592555522918701,0.1334318220615387,0.0,0.0,0.8833801746368408,0.20850586891174316,0.809148907661438,0.16014333069324493,0.8984828591346741,0.3252018094062805,0.766961932182312,0.20691576600074768,0.8711532354354858,0.3980778157711029,0.7976689338684082,0.2230650633573532,0.8477200269699097,0.38827070593833923,0.7977067828178406,0.3615439236164093,0.8363496661186218,0.5103707313537598,0.7648103833198547,0.48050862550735474,0.8309032917022705,0.5998348593711853,0.7556658983230591,0.5814305543899536
person_nn_1169.jpg,0.27951982617378235,0.5680879950523376,0.29190385341644287,0.5542193055152893,0.0,0.0,0.3367583155632019,0.5507111549377441,0.0,0.0,0.3819100856781006,0.6459288597106934,0.31564366817474365,0.5911211371421814,0.42539870738983154,0.8011548519134521,0.3147568702697754,0.7109544277191162,0.3999222218990326,0.9223529100418091,0.3147631287574768,0.832240879535675,0.3827192783355713,0.903240978717804,0.34057825803756714,0.8702841997146606,0.0,0.0,0.0,0.0,0.0,0.0,0.0,0.0
person_nn_1170.jpg,0.8277513384819031,0.13983340561389923,0.838018000125885,0.12997931241989136,0.829227864742279,0.12367037683725357,0.8653622269630432,0.13678815960884094,0.0,0.0,0.8869529366493225,0.21245194971561432,0.8164573907852173,0.16381853818893433,0.9031931757926941,0.32681331038475037,0.7753262519836426,0.21055744588375092,0.8810494542121887,0.39686113595962524,0.8068292140960693,0.22234514355659485,0.8512284159660339,0.38598817586898804,0.8030484318733215,0.35998034477233887,0.8438579440116882,0.49582505226135254,0.7715137004852295,0.46876057982444763,0.8433459401130676,0.5875841975212097,0.7591153383255005,0.5731356739997864
person_nn_1171.jpg,0.8917222619056702,0.5012054443359375,0.9050344824790955,0.4828147292137146,0.8831819891929626,0.4714955687522888,0.9211140275001526,0.4645000696182251,0.8617822527885437,0.4407081604003906,0.9343531131744385,0.5357617735862732,0.8118907809257507,0.5119515061378479,0.9459422826766968,0.6633068323135376,0.7737442255020142,0.6462492346763611,0.9139484167098999,0.7046730518341064,0.8366611003875732,0.7163673639297485,0.8842248916625977,0.7526531219482422,0.7981414794921875,0.7370645403862,0.8858197927474976,0.9076514840126038,0.7408091425895691,0.8823030591011047,0.0,0.0,0.0,0.0
person_nn_1172.jpg,0.24943247437477112,0.591899573802948,0.2607450485229492,0.57876056432724,0.0,0.0,0.3104044795036316,0.5694230794906616,0.0,0.0,0.3584516644477844,0.6639028787612915,0.2949737012386322,0.605675995349884,0.40401390194892883,0.8034366369247437,0.30128541588783264,0.7233074307441711,0.38490328192710876,0.8812972903251648,0.299905002117157,0.8474892377853394,0.372455358505249,0.9061400294303894,0.3330993354320526,0.8755313158035278,0.0,0.0,0.0,0.0,0.0,0.0,0.0,0.0
person_nn_1173.jpg,0.8284969925880432,0.14054222404956818,0.8389878869056702,0.13085971772670746,0.8297088742256165,0.12468396872282028,0.8695063591003418,0.136128768324852,0.0,0.0,0.897500216960907,0.21577799320220947,0.8181236982345581,0.16357722878456116,0.9033780694007874,0.3270600736141205,0.7710754871368408,0.21238410472869873,0.8924955129623413,0.3650400638580322,0.8123834133148193,0.23624733090400696,0.8585997819900513,0.3858090043067932,0.8080772161483765,0.3596487045288086,0.0,0.0,0.0,0.0,0.0,0.0,0.0,0.0
person_nn_1174.jpg,0.8907555341720581,0.4970840513706207,0.9046176671981812,0.4817579686641693,0.8814908266067505,0.4707871079444885,0.0,0.0,0.8573406934738159,0.43852415680885315,0.933280885219574,0.5256533026695251,0.8025169968605042,0.5018778443336487,0.9418977499008179,0.6607002019882202,0.7681816220283508,0.6393495202064514,0.9067245125770569,0.707176923751831,0.8325511813163757,0.712181568145752,0.8817812204360962,0.7394788861274719,0.7905133962631226,0.7273769974708557,0.892493486404419,0.8859272003173828,0.7413418889045715,0.8727480173110962,0.0,0.0,0.0,0.0
person_nn_1175.jpg,0.24943247437477112,0.591899573802948,0.2607450485229492,0.57876056432724,0.0,0.0,0.3104044795036316,0.5694230794906616,0.0,0.0,0.3584516644477844,0.6639028787612915,0.2949737012386322,0.605675995349884,0.40401390194892883,0.8034366369247437,0.30128541588783264,0.7233074307441711,0.38490328192710876,0.8812972903251648,0.299905002117157,0.8474892377853394,0.372455358505249,0.9061400294303894,0.3330993354320526,0.8755313158035278,0.0,0.0,0.0,0.0,0.0,0.0,0.0,0.0
person_nn_1176.jpg,0.8284969925880432,0.14054222404956818,0.8389878869056702,0.13085971772670746,0.8297088742256165,0.12468396872282028,0.8695063591003418,0.136128768324852,0.0,0.0,0.897500216960907,0.21577799320220947,0.8181236982345581,0.16357722878456116,0.9033780694007874,0.3270600736141205,0.7710754871368408,0.21238410472869873,0.8924955129623413,0.3650400638580322,0.8123834133148193,0.23624733090400696,0.8585997819900513,0.3858090043067932,0.8080772161483765,0.3596487045288086,0.0,0.0,0.0,0.0,0.0,0.0,0.0,0.0
person_nn_1177.jpg,0.8907555341720581,0.4970840513706207,0.9046176671981812,0.4817579686641693,0.8814908266067505,0.4707871079444885,0.0,0.0,0.8573406934738159,0.43852415680885315,0.933280885219574,0.5256533026695251,0.8025169968605042,0.5018778443336487,0.9418977499008179,0.6607002019882202,0.7681816220283508,0.6393495202064514,0.9067245125770569,0.707176923751831,0.8325511813163757,0.712181568145752,0.8817812204360962,0.7394788861274719,0.7905133962631226,0.7273769974708557,0.892493486404419,0.8859272003173828,0.7413418889045715,0.8727480173110962,0.0,0.0,0.0,0.0
person_nn_1178.jpg,0.21933287382125854,0.6087836623191833,0.23012913763523102,0.596222996711731,0.0,0.0,0.2797299027442932,0.5915162563323975,0.0,0.0,0.33255326747894287,0.6848782896995544,0.2694230377674103,0.6278144121170044,0.38189709186553955,0.8198919892311096,0.2753637433052063,0.7369555234909058,0.3641033470630646,0.9465192556381226,0.2767775356769562,0.883699357509613,0.3478829860687256,0.9007892608642578,0.3077567517757416,0.8679068088531494,0.0,0.0,0.0,0.0,0.0,0.0,0.0,0.0
person_nn_1179.jpg,0.8756288290023804,0.5029555559158325,0.8928483724594116,0.49050256609916687,0.8667312264442444,0.47752493619918823,0.9196857213973999,0.467228502035141,0.0,0.0,0.9297884702682495,0.5155810713768005,0.8008778095245361,0.4899250864982605,0.937023401260376,0.6880232691764832,0.7635641694068909,0.662653923034668,0.8852327466011047,0.7199550271034241,0.8224193453788757,0.70899498462677,0.8760734796524048,0.7381907105445862,0.783649742603302,0.7239304184913635,0.8852740526199341,0.8823720216751099,0.7268508672714233,0.8710851073265076,0.0,0.0,0.0,0.0
person_nn_1180.jpg,0.8321043848991394,0.13899633288383484,0.8420921564102173,0.1294686496257782,0.833770751953125,0.12259241938591003,0.8720400333404541,0.13800658285617828,0.0,0.0,0.8968669772148132,0.21735288202762604,0.8237130045890808,0.16318784654140472,0.9140951037406921,0.3297783136367798,0.7806710600852966,0.2044466733932495,0.8889960646629333,0.39152413606643677,0.8170127868652344,0.229499951004982,0.8639426827430725,0.3798685073852539,0.8152860403060913,0.35165783762931824,0.8442434668540955,0.482016384601593,0.7734873294830322,0.45463013648986816,0.8374814391136169,0.5782961249351501,0.7595435976982117,0.5688443779945374
person_nn_1181.jpg,0.19037838280200958,0.6311435699462891,0.19946178793907166,0.6168608665466309,0.0,0.0,0.24790766835212708,0.6049664616584778,0.0,0.0,0.30639979243278503,0.6926913261413574,0.23229064047336578,0.6390525698661804,0.3513134717941284,0.8573471307754517,0.2441181093454361,0.7694183588027954,0.3367798626422882,0.969684362411499,0.0,0.0,0.31216561794281006,0.9246315360069275,0.26237839460372925,0.8948158621788025,0.0,0.0,0.0,0.0,0.0,0.0,0.0,0.0
person_nn_1182.jpg,0.8606650233268738,0.5059518218040466,0.8781894445419312,0.4878219664096832,0.8495172262191772,0.4788491725921631,0.9019615054130554,0.47278428077697754,0.8266746401786804,0.4510629177093506,0.9094402194023132,0.5299458503723145,0.7861997485160828,0.5090402364730835,0.9233845472335815,0.660854697227478,0.7505887746810913,0.6424767971038818,0.8843932151794434,0.7111039161682129,0.806685209274292,0.7032456398010254,0.8626947402954102,0.7411176562309265,0.7734614014625549,0.7282477021217346,0.8691636919975281,0.8689935207366943,0.7183239459991455,0.8565616607666016,0.0,0.0,0.0,0.0
person_nn_1183.jpg,0.8319215774536133,0.1348249614238739,0.841829240322113,0.12592275440692902,0.8342338800430298,0.12198057770729065,0.8714721202850342,0.13687410950660706,0.0,0.0,0.8974841237068176,0.21770764887332916,0.8229609727859497,0.17110802233219147,0.9119447469711304,0.3338291049003601,0.7824981808662415,0.21130944788455963,0.8846550583839417,0.38142502307891846,0.8212460875511169,0.2227584570646286,0.8602298498153687,0.3965548872947693,0.8100848197937012,0.3736499845981598,0.8525683879852295,0.5168046951293945,0.7853816747665405,0.4953743517398834,0.0,0.0,0.0,0.0
person_nn_1184.jpg,0.16599750518798828,0.651381254196167,0.17769145965576172,0.6333369016647339,0.0,0.0,0.22704030573368073,0.605475127696991,0.0,0.0,0.27470114827156067,0.6826236248016357,0.19903433322906494,0.6509547233581543,0.318441241979599,0.8322306871414185,0.20809075236320496,0.7902055978775024,0.299968421459198,0.9375916719436646,0.21584460139274597,0.9265192747116089,0.2887236475944519,0.9193544387817383,0.23855946958065033,0.902051568031311,0.0,0.0,0.0,0.0,0.0,0.0,0.0,0.0
person_nn_1185.jpg,0.8393375277519226,0.5032997727394104,0.8575067520141602,0.4833363890647888,0.8280650973320007,0.4750744700431824,0.8833053112030029,0.46244868636131287,0.8068762421607971,0.44177699089050293,0.8900097012519836,0.520426869392395,0.7619206309318542,0.5010285377502441,0.9030641317367554,0.6587759852409363,0.7256685495376587,0.6405395269393921,0.8629133701324463,0.6968454122543335,0.783534824848175,0.7059848308563232,0.8400185704231262,0.7346028089523315,0.7499858736991882,0.724575936794281,0.8408298492431641,0.8652817606925964,0.6963401436805725,0.8656846284866333,0.0,0.0,0.0,0.0
person_nn_1186.jpg,0.8307559490203857,0.13413584232330322,0.8404600620269775,0.12492778897285461,0.8324996829032898,0.11957946419715881,0.8695274591445923,0.13432565331459045,0.0,0.0,0.901714026927948,0.2155570238828659,0.821361243724823,0.1622866839170456,0.9168363213539124,0.3369560241699219,0.7845635414123535,0.2138139307498932,0.8857239484786987,0.3828381896018982,0.8304592967033386,0.21337340772151947,0.8561395406723022,0.40175101161003113,0.802937924861908,0.3724571764469147,0.0,0.0,0.0,0.0,0.0,0.0,0.0,0.0
person_nn_1187.jpg,0.12399124354124069,0.6445838212966919,0.13600701093673706,0.627730667591095,0.0,0.0,0.18917396664619446,0.6122803092002869,0.0,0.0,0.251502126455307,0.7140015959739685,0.15853451192378998,0.6504811644554138,0.29291847348213196,0.8857477903366089,0.0,0.0,0.27442607283592224,0.9724550247192383,0.0,0.0,0.256571888923645,0.9508193731307983,0.19979217648506165,0.9164835810661316,0.0,0.0,0.0,0.0,0.0,0.0,0.0,0.0
person_nn_1188.jpg,0.8155180811882019,0.5025588274002075,0.8331739902496338,0.4851900637149811,0.8053264617919922,0.4753797948360443,0.8551941514015198,0.4667495787143707,0.783656895160675,0.4413410425186157,0.8606320023536682,0.521826982498169,0.7417840361595154,0.48801442980766296,0.8722496032714844,0.684709906578064,0.6994818449020386,0.6379227042198181,0.8364704847335815,0.7098915576934814,0.7614026069641113,0.687792956829071,0.81712806224823,0.7292415499687195,0.7357897758483887,0.71421217918396,0.8233752250671387,0.7716135382652283,0.7090979814529419,0.7574949860572815,0.7770743370056152,0.9282700419425964,0.6704577803611755,0.9368751049041748
person_nn_1189.jpg,0.8298279047012329,0.13379232585430145,0.8382607102394104,0.12450966984033585,0.831455647945404,0.12132703512907028,0.8676224946975708,0.1312427967786789,0.0,0.0,0.9029048681259155,0.2126033455133438,0.8217789530754089,0.16901805996894836,0.9112164974212646,0.33010584115982056,0.7826955914497375,0.21924349665641785,0.8965044617652893,0.37622496485710144,0.8306686282157898,0.21518434584140778,0.8620379567146301,0.4038220942020416,0.8081620335578918,0.3800775110721588,0.0,0.0,0.0,0.0,0.0,0.0,0.0,0.0
person_nn_1190.jpg,0.12399124354124069,0.6445838212966919,0.13600701093673706,0.627730667591095,0.0,0.0,0.18917396664619446,0.6122803092002869,0.0,0.0,0.251502126455307,0.7140015959739685,0.15853451192378998,0.6504811644554138,0.29291847348213196,0.8857477903366089,0.0,0.0,0.27442607283592224,0.9724550247192383,0.0,0.0,0.256571888923645,0.9508193731307983,0.19979217648506165,0.9164835810661316,0.0,0.0,0.0,0.0,0.0,0.0,0.0,0.0
person_nn_1191.jpg,0.8155180811882019,0.5025588274002075,0.8331739902496338,0.4851900637149811,0.8053264617919922,0.4753797948360443,0.8551941514015198,0.4667495787143707,0.783656895160675,0.4413410425186157,0.8606320023536682,0.521826982498169,0.7417840361595154,0.48801442980766296,0.8722496032714844,0.684709906578064,0.6994818449020386,0.6379227042198181,0.8364704847335815,0.7098915576934814,0.7614026069641113,0.687792956829071,0.81712806224823,0.7292415499687195,0.7357897758483887,0.71421217918396,0.8233752250671387,0.7716135382652283,0.7090979814529419,0.7574949860572815,0.7770743370056152,0.9282700419425964,0.6704577803611755,0.9368751049041748
person_nn_1192.jpg,0.8298279047012329,0.13379232585430145,0.8382607102394104,0.12450966984033585,0.831455647945404,0.12132703512907028,0.8676224946975708,0.1312427967786789,0.0,0.0,0.9029048681259155,0.2126033455133438,0.8217789530754089,0.16901805996894836,0.9112164974212646,0.33010584115982056,0.7826955914497375,0.21924349665641785,0.8965044617652893,0.37622496485710144,0.8306686282157898,0.21518434584140778,0.8620379567146301,0.4038220942020416,0.8081620335578918,0.3800775110721588,0.0,0.0,0.0,0.0,0.0,0.0,0.0,0.0
person_nn_1193.jpg,0.7960131168365479,0.5017734169960022,0.8104149103164673,0.48288366198539734,0.7846636772155762,0.4787178933620453,0.0,0.0,0.7583357095718384,0.4508495032787323,0.8399750590324402,0.5119134187698364,0.719631552696228,0.4929431080818176,0.8586065173149109,0.6487929224967957,0.6806825995445251,0.6266871690750122,0.8294986486434937,0.6910008788108826,0.7301369309425354,0.6958074569702148,0.7951790690422058,0.7307031750679016,0.7126874923706055,0.7202049493789673,0.8137911558151245,0.7570445537567139,0.6911671757698059,0.7393897771835327,0.7858967185020447,0.9364944696426392,0.6776790618896484,0.9261143207550049
person_nn_1194.jpg,0.10222288966178894,0.6659064292907715,0.11184414476156235,0.6500145196914673,0.0,0.0,0.15958775579929352,0.6273676753044128,0.0,0.0,0.22268187999725342,0.7157018780708313,0.1343071162700653,0.6626993417739868,0.2642957270145416,0.8749373555183411,0.0,0.0,0.23271401226520538,0.9718216061592102,0.0,0.0,0.22901685535907745,0.9408106207847595,0.0,0.0,0.0,0.0,0.0,0.0,0.0,0.0,0.0,0.0
person_nn_1195.jpg,0.8287369608879089,0.1295882612466812,0.8373286724090576,0.12199945002794266,0.8315140604972839,0.11810804903507233,0.8639216423034668,0.13279329240322113,0.0,0.0,0.8974980711936951,0.21189209818840027,0.8231157064437866,0.16254615783691406,0.9161304235458374,0.31928694248199463,0.7841355204582214,0.20014134049415588,0.8840896487236023,0.37515971064567566,0.8357253670692444,0.19425076246261597,0.8599894046783447,0.3982880115509033,0.8109463453292847,0.37082231044769287,0.0,0.0,0.0,0.0,0.0,0.0,0.0,0.0
person_nn_1196.jpg,0.07608522474765778,0.6778429746627808,0.08919444680213928,0.656575083732605,0.0,0.0,0.14511501789093018,0.6322276592254639,0.0,0.0,0.18969455361366272,0.7544683218002319,0.13408541679382324,0.6678819060325623,0.2058613896369934,0.9544777274131775,0.0,0.0,0.13862596452236176,0.9974935054779053,0.0,0.0,0.0,0.0,0.0,0.0,0.0,0.0,0.0,0.0,0.0,0.0,0.0,0.0
person_nn_1197.jpg,0.7775405645370483,0.5088541507720947,0.7921980023384094,0.49398061633110046,0.7657700777053833,0.48590442538261414,0.0,0.0,0.7377404570579529,0.44719645380973816,0.8245692253112793,0.5081261396408081,0.6977353692054749,0.4882165491580963,0.8459834456443787,0.6427246928215027,0.6642341017723083,0.6287470459938049,0.8196133971214294,0.6884031295776367,0.7070056200027466,0.694339394569397,0.7885138988494873,0.7321411371231079,0.7031676769256592,0.7200036644935608,0.7920165657997131,0.8377385139465332,0.6732264757156372,0.8187658786773682,0.0,0.0,0.0,0.0
person_nn_1198.jpg,0.8275368213653564,0.12739484012126923,0.8351143598556519,0.11813757568597794,0.8296684622764587,0.11440318822860718,0.8631319403648376,0.12782242894172668,0.0,0.0,0.8992254137992859,0.20766757428646088,0.8232564926147461,0.1602761298418045,0.9199179410934448,0.3208634853363037,0.7843156456947327,0.19362953305244446,0.8783435225486755,0.38320404291152954,0.8350215554237366,0.1751813441514969,0.8560168743133545,0.39926978945732117,0.8067365288734436,0.37280720472335815,0.0,0.0,0.0,0.0,0.0,0.0,0.0,0.0
person_nn_1199.jpg,0.06196322292089462,0.6956295371055603,0.07867920398712158,0.670910120010376,0.055153246968984604,0.6672648787498474,0.13211266696453094,0.642989456653595,0.0,0.0,0.18003502488136292,0.750742495059967,0.07225395739078522,0.7135086059570312,0.21725381910800934,0.915820300579071,0.0,0.0,0.0,0.0,0.0,0.0,0.0,0.0,0.0,0.0,0.0,0.0,0.0,0.0,0.0,0.0,0.0,0.0
person_nn_1200.jpg,0.7641681432723999,0.5429984331130981,0.7797956466674805,0.528014063835144,0.7557843327522278,0.515285313129425,0.0,0.0,0.7274579405784607,0.4502617418766022,0.8083599209785461,0.5024833083152771,0.6825905442237854,0.48777589201927185,0.0,0.0,0.6555981040000916,0.642865002155304,0.8041220307350159,0.6893717646598816,0.7134576439857483,0.6967984437942505,0.7772087454795837,0.7766432762145996,0.6938680410385132,0.766482949256897,0.0,0.0,0.6668817400932312,0.8932188749313354,0.0,0.0,0.0,0.0
person_nn_1201.jpg,0.827695906162262,0.12707948684692383,0.8336833715438843,0.11567605286836624,0.0,0.0,0.8625260591506958,0.12219738960266113,0.0,0.0,0.8970240354537964,0.20409642159938812,0.826823890209198,0.16785301268100739,0.9158768653869629,0.32045692205429077,0.784428596496582,0.19990643858909607,0.8689121603965759,0.4016835689544678,0.8342457413673401,0.179092139005661,0.8492438793182373,0.3963080644607544,0.8041316866874695,0.3749490976333618,0.0,0.0,0.0,0.0,0.0,0.0,0.0,0.0
person_nn_1202.jpg,0.03836657851934433,0.7148671746253967,0.052994418889284134,0.6932175159454346,0.0,0.0,0.11604420840740204,0.6655059456825256,0.0,0.0,0.16055020689964294,0.7877221703529358,0.10469507426023483,0.7233604192733765,0.21310147643089294,0.9460971355438232,0.0,0.0,0.17860588431358337,0.9976310133934021,0.0,0.0,0.0,0.0,0.0,0.0,0.0,0.0,0.0,0.0,0.0,0.0,0.0,0.0
person_nn_1203.jpg,0.7512000799179077,0.5500263571739197,0.7648269534111023,0.5322410464286804,0.7389844059944153,0.5287795662879944,0.0,0.0,0.712357223033905,0.46663224697113037,0.8039534091949463,0.47047653794288635,0.6698240041732788,0.4912165403366089,0.8093681931495667,0.6108959913253784,0.6557441353797913,0.6803118586540222,0.796337366104126,0.6848689317703247,0.7230825424194336,0.7194905877113342,0.7663859128952026,0.7300809025764465,0.6757041811943054,0.7371947765350342,0.76390141248703,0.8876944780349731,0.6421670317649841,0.8982790112495422,0.0,0.0,0.0,0.0
person_nn_1204.jpg,0.8274450898170471,0.12651099264621735,0.834161102771759,0.11515099555253983,0.8285943865776062,0.11655116081237793,0.862051784992218,0.11864138394594193,0.0,0.0,0.8933572173118591,0.2036883383989334,0.8294826149940491,0.1736881583929062,0.9169033765792847,0.31633153557777405,0.7821028828620911,0.20458485186100006,0.8737855553627014,0.4019272029399872,0.8311898112297058,0.18078626692295074,0.8354330658912659,0.394329309463501,0.7972579598426819,0.37282878160476685,0.8134364485740662,0.5274674296379089,0.7887502908706665,0.4997347891330719,0.0,0.0,0.0,0.0
person_nn_1205.jpg,0.03836657851934433,0.7148671746253967,0.052994418889284134,0.6932175159454346,0.0,0.0,0.11604420840740204,0.6655059456825256,0.0,0.0,0.16055020689964294,0.7877221703529358,0.10469507426023483,0.7233604192733765,0.21310147643089294,0.9460971355438232,0.0,0.0,0.17860588431358337,0.9976310133934021,0.0,0.0,0.0,0.0,0.0,0.0,0.0,0.0,0.0,0.0,0.0,0.0,0.0,0.0
person_nn_1206.jpg,0.7512000799179077,0.5500263571739197,0.7648269534111023,0.5322410464286804,0.7389844059944153,0.5287795662879944,0.0,0.0,0.712357223033905,0.46663224697113037,0.8039534091949463,0.47047653794288635,0.6698240041732788,0.4912165403366089,0.8093681931495667,0.6108959913253784,0.6557441353797913,0.6803118586540222,0.796337366104126,0.6848689317703247,0.7230825424194336,0.7194905877113342,0.7663859128952026,0.7300809025764465,0.6757041811943054,0.7371947765350342,0.76390141248703,0.8876944780349731,0.6421670317649841,0.8982790112495422,0.0,0.0,0.0,0.0
person_nn_1207.jpg,0.8274450898170471,0.12651099264621735,0.834161102771759,0.11515099555253983,0.8285943865776062,0.11655116081237793,0.862051784992218,0.11864138394594193,0.0,0.0,0.8933572173118591,0.2036883383989334,0.8294826149940491,0.1736881583929062,0.9169033765792847,0.31633153557777405,0.7821028828620911,0.20458485186100006,0.8737855553627014,0.4019272029399872,0.8311898112297058,0.18078626692295074,0.8354330658912659,0.394329309463501,0.7972579598426819,0.37282878160476685,0.8134364485740662,0.5274674296379089,0.7887502908706665,0.4997347891330719,0.0,0.0,0.0,0.0
person_nn_1208.jpg,0.01296459324657917,0.7483376860618591,0.034726690500974655,0.7135123610496521,0.0,0.0,0.09773058444261551,0.6865618824958801,0.0,0.0,0.1524895578622818,0.8091284036636353,0.0,0.0,0.0,0.0,0.0,0.0,0.0,0.0,0.0,0.0,0.0,0.0,0.0,0.0,0.0,0.0,0.0,0.0,0.0,0.0,0.0,0.0
person_nn_1209.jpg,0.7619081139564514,0.5503060817718506,0.7738717198371887,0.5263846516609192,0.7480971813201904,0.5296414494514465,0.0,0.0,0.7139256000518799,0.4814204275608063,0.789074718952179,0.48747751116752625,0.6695722341537476,0.5325137972831726,0.7995824217796326,0.6101383566856384,0.6583024263381958,0.7123075723648071,0.8013113737106323,0.6809617280960083,0.7330885529518127,0.7264867424964905,0.7493926286697388,0.7307345867156982,0.6706972718238831,0.7544068694114685,0.7496575117111206,0.8573388457298279,0.6491183638572693,0.9010798931121826,0.0,0.0,0.0,0.0
person_nn_1210.jpg,0.7613351345062256,0.5618700981140137,0.0,0.0,0.7485944032669067,0.541458785533905,0.0,0.0,0.7112282514572144,0.49533146619796753,0.7837393879890442,0.4933973252773285,0.6702565550804138,0.5455093383789062,0.0,0.0,0.667815089225769,0.7273817658424377,0.795195460319519,0.7176597714424133,0.7467155456542969,0.7327766418457031,0.740344762802124,0.7783998250961304,0.6605459451675415,0.7994524240493774,0.0,0.0,0.6426281332969666,0.9429095387458801,0.0,0.0,0.0,0.0
person_nn_1211.jpg,0.8227324485778809,0.1235441341996193,0.8281000852584839,0.11214448511600494,0.8248633742332458,0.11122854799032211,0.8544581532478333,0.1165306344628334,0.0,0.0,0.8921943306922913,0.2048308402299881,0.8243823647499084,0.1676592081785202,0.9110463857650757,0.3260089159011841,0.780829668045044,0.21347448229789734,0.8673123717308044,0.4006883502006531,0.8232676386833191,0.19891928136348724,0.845664918422699,0.4043252766132355,0.8048030734062195,0.37993642687797546,0.8163877129554749,0.5274825692176819,0.7847756743431091,0.49865853786468506,0.0,0.0,0.0,0.0
person_nn_1212.jpg,0.8188737034797668,0.11906196922063828,0.8235939741134644,0.10802968591451645,0.0,0.0,0.8490098714828491,0.11540436744689941,0.0,0.0,0.887991189956665,0.20628374814987183,0.8214126229286194,0.17112797498703003,0.9066649079322815,0.32072943449020386,0.7813079953193665,0.21069291234016418,0.8712987303733826,0.40368351340293884,0.8189471960067749,0.20035313069820404,0.8425598740577698,0.3983912765979767,0.8021854162216187,0.37601032853126526,0.8256985545158386,0.5289828777313232,0.792413592338562,0.5032125115394592,0.8185452222824097,0.6510576009750366,0.8029130101203918,0.6191143989562988
person_nn_1213.jpg,0.7481445074081421,0.5773300528526306,0.7609643936157227,0.5518287420272827,0.7344194650650024,0.5546973347663879,0.0,0.0,0.701765239238739,0.5013008117675781,0.7794584035873413,0.4912346303462982,0.6704624891281128,0.5472343564033508,0.0,0.0,0.674524188041687,0.7380886077880859,0.7988426685333252,0.7176485657691956,0.7588692307472229,0.7444456219673157,0.736700713634491,0.7797322869300842,0.6594579815864563,0.8027933239936829,0.0,0.0,0.0,0.0,0.0,0.0,0.0,0.0
person_nn_1214.jpg,0.8150185346603394,0.11562775820493698,0.8202186226844788,0.10525425523519516,0.0,0.0,0.8455263376235962,0.11175859719514847,0.0,0.0,0.8861624002456665,0.20300745964050293,0.818001925945282,0.1709287315607071,0.9043510556221008,0.32098808884620667,0.7828444838523865,0.21000626683235168,0.8656327724456787,0.3942977786064148,0.8218063116073608,0.19808392226696014,0.8410980105400085,0.3869366943836212,0.7980431318283081,0.3635402321815491,0.824702799320221,0.5053721070289612,0.7811856269836426,0.47026363015174866,0.8124608397483826,0.6285703182220459,0.7880842685699463,0.5780203342437744
person_nn_1215.jpg,0.7468026876449585,0.5678375959396362,0.0,0.0,0.7303358316421509,0.550009548664093,0.0,0.0,0.692570149898529,0.5026071071624756,0.7613190412521362,0.478545218706131,0.6664436459541321,0.5583038926124573,0.7691141366958618,0.6073753833770752,0.6968964338302612,0.76832515001297,0.7782235741615295,0.7103849053382874,0.7610993385314941,0.7221122980117798,0.7233325242996216,0.7599099278450012,0.6544309258460999,0.7977561950683594,0.0,0.0,0.0,0.0,0.0,0.0,0.0,0.0
person_nn_1216.jpg,0.8150185346603394,0.11562775820493698,0.8202186226844788,0.10525425523519516,0.0,0.0,0.8455263376235962,0.11175859719514847,0.0,0.0,0.8861624002456665,0.20300745964050293,0.818001925945282,0.1709287315607071,0.9043510556221008,0.32098808884620667,0.7828444838523865,0.21000626683235168,0.8656327724456787,0.3942977786064148,0.8218063116073608,0.19808392226696014,0.8410980105400085,0.3869366943836212,0.7980431318283081,0.3635402321815491,0.824702799320221,0.5053721070289612,0.7811856269836426,0.47026363015174866,0.8124608397483826,0.6285703182220459,0.7880842685699463,0.5780203342437744
person_nn_1217.jpg,0.7468026876449585,0.5678375959396362,0.0,0.0,0.7303358316421509,0.550009548664093,0.0,0.0,0.692570149898529,0.5026071071624756,0.7613190412521362,0.478545218706131,0.6664436459541321,0.5583038926124573,0.7691141366958618,0.6073753833770752,0.6968964338302612,0.76832515001297,0.7782235741615295,0.7103849053382874,0.7610993385314941,0.7221122980117798,0.7233325242996216,0.7599099278450012,0.6544309258460999,0.7977561950683594,0.0,0.0,0.0,0.0,0.0,0.0,0.0,0.0
person_nn_1218.jpg,0.8155720233917236,0.11500110477209091,0.819899320602417,0.10325754433870316,0.0,0.0,0.8439392447471619,0.11109713464975357,0.0,0.0,0.8826994895935059,0.20215021073818207,0.817686140537262,0.17023974657058716,0.9000310301780701,0.31814661622047424,0.7821199893951416,0.20816132426261902,0.8633992075920105,0.39551305770874023,0.8232455849647522,0.1874302476644516,0.8386051654815674,0.3963069021701813,0.7992347478866577,0.3754899203777313,0.815468966960907,0.5285883545875549,0.7881221175193787,0.5069692730903625,0.7998177409172058,0.665165364742279,0.7917568683624268,0.6372438073158264
person_nn_1219.jpg,0.8161146640777588,0.11084387451410294,0.8203319907188416,0.09930773079395294,0.0,0.0,0.8437303304672241,0.10894118994474411,0.0,0.0,0.8825328946113586,0.20493069291114807,0.8180534243583679,0.16834165155887604,0.8975512385368347,0.31995800137519836,0.7831575870513916,0.20130614936351776,0.8623680472373962,0.39327937364578247,0.8199503421783447,0.18744663894176483,0.8396437168121338,0.38804200291633606,0.7995811104774475,0.36479300260543823,0.8163732290267944,0.5121209025382996,0.7794008851051331,0.4872531592845917,0.8015227317810059,0.6413899064064026,0.7811043858528137,0.6129461526870728
person_nn_1220.jpg,0.749565601348877,0.5917491316795349,0.0,0.0,0.7360760569572449,0.5731542706489563,0.0,0.0,0.6891272664070129,0.5266454219818115,0.7342824935913086,0.5174867510795593,0.6547303199768066,0.5997406840324402,0.0,0.0,0.67894446849823,0.8171162605285645,0.7722970247268677,0.7085891962051392,0.7476935982704163,0.7403291463851929,0.7185570001602173,0.7872626185417175,0.6646023392677307,0.8344572186470032,0.0,0.0,0.0,0.0,0.0,0.0,0.0,0.0
person_nn_1221.jpg,0.8161330819129944,0.10831377655267715,0.8205971717834473,0.09801290929317474,0.0,0.0,0.8431631922721863,0.10888520628213882,0.0,0.0,0.8817206025123596,0.20584529638290405,0.8150082230567932,0.1674022078514099,0.8950096368789673,0.32934847474098206,0.7800898551940918,0.19850440323352814,0.8581287860870361,0.3972913920879364,0.81658935546875,0.1927759051322937,0.8399297595024109,0.39026376605033875,0.7960980534553528,0.3664810061454773,0.8242484927177429,0.5095778703689575,0.7761276960372925,0.48097214102745056,0.8018255829811096,0.6292365789413452,0.7698148488998413,0.5974766612052917
person_nn_1222.jpg,0.8178194165229797,0.10939492285251617,0.8217645287513733,0.09838569909334183,0.0,0.0,0.8425665497779846,0.10841065645217896,0.0,0.0,0.8798661828041077,0.20757204294204712,0.816024661064148,0.16687031090259552,0.8919152021408081,0.3343496322631836,0.7819594740867615,0.1961960792541504,0.8458068370819092,0.399787575006485,0.8185875415802002,0.19065076112747192,0.838093638420105,0.39468178153038025,0.796211302280426,0.37010064721107483,0.8166752457618713,0.5203426480293274,0.7735742926597595,0.4936927258968353,0.7998625636100769,0.6519541144371033,0.7702805995941162,0.6266464591026306
person_nn_1223.jpg,0.8171059489250183,0.10433857887983322,0.8208061456680298,0.09488067030906677,0.0,0.0,0.8455359935760498,0.10485559701919556,0.0,0.0,0.8781741857528687,0.2023700773715973,0.8158071637153625,0.16502796113491058,0.8914022445678711,0.33737218379974365,0.788183331489563,0.20270434021949768,0.8537774682044983,0.4058087170124054,0.8189605474472046,0.17918717861175537,0.8379808068275452,0.38983482122421265,0.7959380149841309,0.3705844581127167,0.8225598931312561,0.5118388533592224,0.7682003974914551,0.4978693127632141,0.8101075887680054,0.6272724270820618,0.7609433531761169,0.613129734992981
person_nn_1224.jpg,0.8171059489250183,0.10433857887983322,0.8208061456680298,0.09488067030906677,0.0,0.0,0.8455359935760498,0.10485559701919556,0.0,0.0,0.8781741857528687,0.2023700773715973,0.8158071637153625,0.16502796113491058,0.8914022445678711,0.33737218379974365,0.788183331489563,0.20270434021949768,0.8537774682044983,0.4058087170124054,0.8189605474472046,0.17918717861175537,0.8379808068275452,0.38983482122421265,0.7959380149841309,0.3705844581127167,0.8225598931312561,0.5118388533592224,0.7682003974914551,0.4978693127632141,0.8101075887680054,0.6272724270820618,0.7609433531761169,0.613129734992981
person_nn_1225.jpg,0.818323016166687,0.10336995869874954,0.8219743371009827,0.09321662038564682,0.0,0.0,0.8460143208503723,0.10488321632146835,0.0,0.0,0.8787035942077637,0.2050573229789734,0.8199283480644226,0.16777141392230988,0.8894950747489929,0.3327071964740753,0.7877215147018433,0.20602789521217346,0.8542917966842651,0.3960106372833252,0.8188337087631226,0.17693448066711426,0.8375797271728516,0.3883649706840515,0.7976930737495422,0.36635780334472656,0.8240798711776733,0.5072118043899536,0.7706551551818848,0.47899800539016724,0.8098175525665283,0.6393749117851257,0.7557246088981628,0.5976434350013733
person_nn_1226.jpg,0.8185261487960815,0.10502367466688156,0.822078287601471,0.09455452114343643,0.0,0.0,0.8461882472038269,0.10809916257858276,0.0,0.0,0.8766741752624512,0.2075033038854599,0.8214484453201294,0.1714661717414856,0.885199785232544,0.32993030548095703,0.7878419756889343,0.2034023255109787,0.857943594455719,0.3928125202655792,0.8206884264945984,0.17086569964885712,0.8374555706977844,0.38127508759498596,0.7996488213539124,0.3609910309314728,0.8241938948631287,0.5018996596336365,0.7715753316879272,0.477643221616745,0.8128673434257507,0.6301830410957336,0.7563917636871338,0.5932744741439819
person_nn_1227.jpg,0.8183033466339111,0.10973299294710159,0.8229701519012451,0.09989040344953537,0.0,0.0,0.8479688167572021,0.11413156986236572,0.0,0.0,0.877959132194519,0.21108433604240417,0.8190736770629883,0.1744438260793686,0.889253556728363,0.32942041754722595,0.7889732718467712,0.20566026866436005,0.857695460319519,0.38990485668182373,0.822284460067749,0.17254948616027832,0.8364821076393127,0.38315731287002563,0.7960404753684998,0.36201968789100647,0.8244964480400085,0.5022189617156982,0.7682401537895203,0.4758240282535553,0.8146529793739319,0.6300014853477478,0.7537745237350464,0.5904306769371033
person_nn_1228.jpg,0.819364607334137,0.11304866522550583,0.8247788548469543,0.103305883705616,0.0,0.0,0.8516842722892761,0.11474528163671494,0.0,0.0,0.8824714422225952,0.20636148750782013,0.820976197719574,0.1750434935092926,0.8942423462867737,0.32518455386161804,0.7866090536117554,0.21445347368717194,0.8582401871681213,0.39566051959991455,0.8229144811630249,0.18754732608795166,0.8366711139678955,0.38342034816741943,0.7965841293334961,0.36318439245224,0.8228040337562561,0.5003784894943237,0.7695406079292297,0.4728776514530182,0.8114522695541382,0.6320037841796875,0.7563445568084717,0.5860136151313782
person_nn_1229.jpg,0.819364607334137,0.11304866522550583,0.8247788548469543,0.103305883705616,0.0,0.0,0.8516842722892761,0.11474528163671494,0.0,0.0,0.8824714422225952,0.20636148750782013,0.820976197719574,0.1750434935092926,0.8942423462867737,0.32518455386161804,0.7866090536117554,0.21445347368717194,0.8582401871681213,0.39566051959991455,0.8229144811630249,0.18754732608795166,0.8366711139678955,0.38342034816741943,0.7965841293334961,0.36318439245224,0.8228040337562561,0.5003784894943237,0.7695406079292297,0.4728776514530182,0.8114522695541382,0.6320037841796875,0.7563445568084717,0.5860136151313782
person_nn_1230.jpg,0.8236057162284851,0.12037906795740128,0.8293443322181702,0.10951679199934006,0.8237432241439819,0.10602133721113205,0.8552441000938416,0.11922210454940796,0.0,0.0,0.8859534859657288,0.2108188420534134,0.8207209706306458,0.16829639673233032,0.8948841691017151,0.3349614441394806,0.7853995561599731,0.21380160748958588,0.8582724332809448,0.39565300941467285,0.8249127864837646,0.190298393368721,0.8434790372848511,0.37870943546295166,0.800070583820343,0.3537895679473877,0.8242189288139343,0.496847540140152,0.7734017968177795,0.464992880821228,0.8077248930931091,0.6285034418106079,0.7567712068557739,0.5872938632965088
person_nn_1231.jpg,0.8253607749938965,0.12391682714223862,0.8334394097328186,0.1132303848862648,0.8257737755775452,0.10791215300559998,0.8628532886505127,0.12176468223333359,0.0,0.0,0.8894441723823547,0.21096259355545044,0.8217357397079468,0.17145022749900818,0.9000725150108337,0.3303355574607849,0.7888293862342834,0.214534193277359,0.8630312085151672,0.3980385363101959,0.8231186866760254,0.19124573469161987,0.8464236855506897,0.38408491015434265,0.8016478419303894,0.3607783317565918,0.8278224468231201,0.500339150428772,0.7741033434867859,0.46991443634033203,0.8094243407249451,0.6366278529167175,0.7587140202522278,0.5922968983650208
person_nn_1232.jpg,0.8306824564933777,0.12750491499900818,0.8393881320953369,0.11641615629196167,0.8299992084503174,0.11089279502630234,0.8673890829086304,0.12253160774707794,0.0,0.0,0.8946654796600342,0.2114938199520111,0.8232446312904358,0.16969209909439087,0.9062254428863525,0.3303995132446289,0.7864915132522583,0.21555687487125397,0.8702180981636047,0.40656235814094543,0.8187073469161987,0.20441441237926483,0.8476357460021973,0.38501495122909546,0.8004605174064636,0.3586539924144745,0.8301724791526794,0.501808762550354,0.7738548517227173,0.46106988191604614,0.8107907176017761,0.6331477761268616,0.7592151165008545,0.5744248628616333
person_nn_1233.jpg,0.8352508544921875,0.13001513481140137,0.8439599871635437,0.11966454982757568,0.8348159193992615,0.11350052058696747,0.8736571669578552,0.1255030632019043,0.0,0.0,0.9008985161781311,0.21587203443050385,0.8288799524307251,0.16540513932704926,0.9089186191558838,0.3452706038951874,0.7920514941215515,0.21561245620250702,0.8686903119087219,0.41084954142570496,0.8155621290206909,0.22130423784255981,0.8518930077552795,0.38617315888404846,0.8044363260269165,0.3561059832572937,0.8326456546783447,0.5049844980239868,0.7760198712348938,0.4619144797325134,0.8089398145675659,0.630096435546875,0.7594102025032043,0.5775442719459534
person_nn_1234.jpg,0.7293269038200378,0.6997222900390625,0.0,0.0,0.7210682034492493,0.6752941608428955,0.0,0.0,0.6895411610603333,0.6304371953010559,0.0,0.0,0.6397383809089661,0.6614193320274353,0.0,0.0,0.628137469291687,0.8850731253623962,0.0,0.0,0.0,0.0,0.0,0.0,0.0,0.0,0.0,0.0,0.0,0.0,0.0,0.0,0.0,0.0
person_nn_1235.jpg,0.8352508544921875,0.13001513481140137,0.8439599871635437,0.11966454982757568,0.8348159193992615,0.11350052058696747,0.8736571669578552,0.1255030632019043,0.0,0.0,0.9008985161781311,0.21587203443050385,0.8288799524307251,0.16540513932704926,0.9089186191558838,0.3452706038951874,0.7920514941215515,0.21561245620250702,0.8686903119087219,0.41084954142570496,0.8155621290206909,0.22130423784255981,0.8518930077552795,0.38617315888404846,0.8044363260269165,0.3561059832572937,0.8326456546783447,0.5049844980239868,0.7760198712348938,0.4619144797325134,0.8089398145675659,0.630096435546875,0.7594102025032043,0.5775442719459534
person_nn_1236.jpg,0.7293269038200378,0.6997222900390625,0.0,0.0,0.7210682034492493,0.6752941608428955,0.0,0.0,0.6895411610603333,0.6304371953010559,0.0,0.0,0.6397383809089661,0.6614193320274353,0.0,0.0,0.628137469291687,0.8850731253623962,0.0,0.0,0.0,0.0,0.0,0.0,0.0,0.0,0.0,0.0,0.0,0.0,0.0,0.0,0.0,0.0
person_nn_1237.jpg,0.8398452401161194,0.13625608384609222,0.8499754667282104,0.12593895196914673,0.8400812149047852,0.11951743811368942,0.8785320520401001,0.13385145366191864,0.0,0.0,0.9020898342132568,0.22616702318191528,0.8294059634208679,0.17188018560409546,0.9115110039710999,0.3521663248538971,0.7905691862106323,0.21743148565292358,0.8604341745376587,0.4107895791530609,0.804330050945282,0.2595036029815674,0.8518742918968201,0.40175649523735046,0.8059160113334656,0.3699880838394165,0.8249775767326355,0.520524263381958,0.7723480463027954,0.4807884693145752,0.8101013898849487,0.6326125860214233,0.7663033604621887,0.6015571355819702
person_nn_1238.jpg,0.8432808518409729,0.14142103493213654,0.8545226454734802,0.13114230334758759,0.8432778120040894,0.1244983896613121,0.8815745115280151,0.13756436109542847,0.0,0.0,0.9030229449272156,0.22893249988555908,0.829939067363739,0.17571529746055603,0.9136314392089844,0.3570752739906311,0.7971416115760803,0.22855323553085327,0.8624112010002136,0.41378113627433777,0.7862269282341003,0.27959463000297546,0.8501028418540955,0.41029807925224304,0.8030542135238647,0.3778921365737915,0.8256677389144897,0.5372200608253479,0.7689568996429443,0.49888136982917786,0.8072940707206726,0.6465651988983154,0.7617530226707458,0.6240935325622559
person_nn_1239.jpg,0.8463310599327087,0.14630502462387085,0.8570708632469177,0.1345561295747757,0.8441653847694397,0.13001886010169983,0.8825417160987854,0.13613896071910858,0.0,0.0,0.9073437452316284,0.22854985296726227,0.8317669034004211,0.18050852417945862,0.9177057147026062,0.3581915497779846,0.7990351915359497,0.23165760934352875,0.8687412142753601,0.411581814289093,0.7790893316268921,0.29310905933380127,0.8530040383338928,0.4111049473285675,0.8040052056312561,0.38025256991386414,0.8283371925354004,0.5332635641098022,0.7666758894920349,0.49475350975990295,0.8038610219955444,0.6419333815574646,0.7569631934165955,0.6196779012680054
person_nn_1240.jpg,0.8463289737701416,0.1503327339887619,0.857308566570282,0.13825106620788574,0.8439129590988159,0.13414259254932404,0.882558286190033,0.13906165957450867,0.0,0.0,0.9056509733200073,0.23093202710151672,0.8295314311981201,0.18592692911624908,0.916930615901947,0.3595881462097168,0.7975621223449707,0.23980867862701416,0.8675521612167358,0.4141375422477722,0.7744062542915344,0.30824026465415955,0.85257488489151,0.41644224524497986,0.8041837215423584,0.3885814845561981,0.8295136094093323,0.5380788445472717,0.7744523286819458,0.5071041584014893,0.8040186762809753,0.6420536041259766,0.7688031792640686,0.632414698600769
person_nn_1241.jpg,0.8471364974975586,0.1513785570859909,0.8573296070098877,0.1393928825855255,0.8437365889549255,0.13555008172988892,0.8825299739837646,0.13826555013656616,0.0,0.0,0.9023644924163818,0.22411811351776123,0.824371874332428,0.18185724318027496,0.9131340384483337,0.35888025164604187,0.7906513214111328,0.25284814834594727,0.865385890007019,0.42252328991889954,0.7683839797973633,0.32233962416648865,0.8539841771125793,0.41245874762535095,0.803361177444458,0.38804271817207336,0.8297411799430847,0.5359953045845032,0.77513188123703,0.5161283612251282,0.8049622178077698,0.64451664686203,0.7658074498176575,0.6468152403831482
person_nn_1242.jpg,0.8471364974975586,0.1513785570859909,0.8573296070098877,0.1393928825855255,0.8437365889549255,0.13555008172988892,0.8825299739837646,0.13826555013656616,0.0,0.0,0.9023644924163818,0.22411811351776123,0.824371874332428,0.18185724318027496,0.9131340384483337,0.35888025164604187,0.7906513214111328,0.25284814834594727,0.865385890007019,0.42252328991889954,0.7683839797973633,0.32233962416648865,0.8539841771125793,0.41245874762535095,0.803361177444458,0.38804271817207336,0.8297411799430847,0.5359953045845032,0.77513188123703,0.5161283612251282,0.8049622178077698,0.64451664686203,0.7658074498176575,0.6468152403831482
person_nn_1243.jpg,0.8418216705322266,0.16224463284015656,0.853245198726654,0.1506454199552536,0.8403279185295105,0.144709050655365,0.8758842945098877,0.15262986719608307,0.0,0.0,0.8954713940620422,0.23252034187316895,0.8220057487487793,0.19092565774917603,0.9095620512962341,0.35667523741722107,0.7916262149810791,0.26510027050971985,0.8676708340644836,0.421877384185791,0.7676090002059937,0.3391583561897278,0.8508995771408081,0.4148644804954529,0.8045847415924072,0.3895244002342224,0.8290660977363586,0.528835117816925,0.7796952128410339,0.5042352080345154,0.7998270988464355,0.6315902471542358,0.7727882862091064,0.6313565969467163
person_nn_1244.jpg,0.7163639664649963,0.5788745880126953,0.7242142558097839,0.5552218556404114,0.7021424770355225,0.5567488670349121,0.0,0.0,0.6584042906761169,0.522847056388855,0.7082725167274475,0.5731976628303528,0.6170480847358704,0.6125436425209045,0.720613956451416,0.696358859539032,0.6049284934997559,0.8028058409690857,0.7496055364608765,0.7584492564201355,0.688620924949646,0.8053496479988098,0.6843844056129456,0.8570153713226318,0.6219844222068787,0.8822024464607239,0.0,0.0,0.0,0.0,0.0,0.0,0.0,0.0
person_nn_1245.jpg,0.8354518413543701,0.16198565065860748,0.8478848338127136,0.15172691643238068,0.8325577974319458,0.14507655799388885,0.873447060585022,0.1542568951845169,0.0,0.0,0.8906145691871643,0.23524543642997742,0.8122345805168152,0.19931188225746155,0.911619246006012,0.3580707609653473,0.7803471684455872,0.2777092456817627,0.8657300472259521,0.42880889773368835,0.7582389116287231,0.3567766547203064,0.8427565097808838,0.422627329826355,0.793585479259491,0.3997739553451538,0.8234151601791382,0.5426310896873474,0.770794153213501,0.5178744792938232,0.8058362603187561,0.6469442844390869,0.7613669037818909,0.6385012865066528
person_nn_1246.jpg,0.7246232032775879,0.5725734829902649,0.0,0.0,0.7108885645866394,0.5526943206787109,0.0,0.0,0.6551730036735535,0.5277068018913269,0.6976842284202576,0.5758692026138306,0.6140252351760864,0.6243049502372742,0.7202496528625488,0.6903335452079773,0.6152450442314148,0.8120466470718384,0.7568951845169067,0.7334229350090027,0.6986806988716125,0.7776563167572021,0.6925694346427917,0.8680333495140076,0.6364496350288391,0.8940781950950623,0.0,0.0,0.0,0.0,0.0,0.0,0.0,0.0
person_nn_1247.jpg,0.8321220278739929,0.15928184986114502,0.8435817360877991,0.14763805270195007,0.8283178210258484,0.1427052915096283,0.8680847883224487,0.1469995677471161,0.0,0.0,0.8868906497955322,0.22928044199943542,0.8059483170509338,0.19845247268676758,0.9054582118988037,0.35185903310775757,0.7726457118988037,0.2854732573032379,0.8632175922393799,0.42557206749916077,0.7543504238128662,0.35637038946151733,0.842117965221405,0.4268936216831207,0.790749728679657,0.4066251814365387,0.8212983012199402,0.5481152534484863,0.7701603770256042,0.5270271897315979,0.8047736287117004,0.6515129804611206,0.7698239088058472,0.6427404880523682
person_nn_1248.jpg,0.7222276329994202,0.5664001703262329,0.0,0.0,0.7093614935874939,0.5463377237319946,0.0,0.0,0.6538209915161133,0.5278933048248291,0.6962196230888367,0.5759252309799194,0.6115845441818237,0.6294553875923157,0.7133762240409851,0.7005741596221924,0.6402228474617004,0.8173140287399292,0.7228426337242126,0.7451092004776001,0.716117262840271,0.7797181010246277,0.7036038041114807,0.8591407537460327,0.647190511226654,0.8901116847991943,0.0,0.0,0.0,0.0,0.0,0.0,0.0,0.0
person_nn_1249.jpg,0.8264679312705994,0.15919698774814606,0.8369653224945068,0.14722776412963867,0.8216754198074341,0.14378304779529572,0.8583453893661499,0.1463714987039566,0.0,0.0,0.8783811330795288,0.2294519543647766,0.7992830872535706,0.2048572152853012,0.8975576758384705,0.3480532169342041,0.7676609754562378,0.2960146963596344,0.8604255318641663,0.42306217551231384,0.7500325441360474,0.36775192618370056,0.8380240201950073,0.4268105626106262,0.7877395749092102,0.40871042013168335,0.8208014965057373,0.5502440929412842,0.7699366807937622,0.5271922945976257,0.8046278357505798,0.6546117663383484,0.7690605521202087,0.6378406882286072
person_nn_1250.jpg,0.8264679312705994,0.15919698774814606,0.8369653224945068,0.14722776412963867,0.8216754198074341,0.14378304779529572,0.8583453893661499,0.1463714987039566,0.0,0.0,0.8783811330795288,0.2294519543647766,0.7992830872535706,0.2048572152853012,0.8975576758384705,0.3480532169342041,0.7676609754562378,0.2960146963596344,0.8604255318641663,0.42306217551231384,0.7500325441360474,0.36775192618370056,0.8380240201950073,0.4268105626106262,0.7877395749092102,0.40871042013168335,0.8208014965057373,0.5502440929412842,0.7699366807937622,0.5271922945976257,0.8046278357505798,0.6546117663383484,0.7690605521202087,0.6378406882286072
person_nn_1251.jpg,0.8194750547409058,0.1639404594898224,0.8312751054763794,0.15403102338314056,0.815704345703125,0.14736811816692352,0.8528476357460022,0.15363070368766785,0.0,0.0,0.8705558776855469,0.22878006100654602,0.792326033115387,0.20237964391708374,0.8910696506500244,0.3385069668292999,0.7595232725143433,0.2908286154270172,0.8541719317436218,0.42154449224472046,0.7408033013343811,0.38333025574684143,0.8292412161827087,0.4235013723373413,0.7800812721252441,0.4041421711444855,0.8184314370155334,0.5570116639137268,0.7644636631011963,0.5268286466598511,0.804503321647644,0.67414391040802,0.7578036189079285,0.6483662724494934
person_nn_1252.jpg,0.7185964584350586,0.5440080761909485,0.0,0.0,0.7014909386634827,0.5259730219841003,0.0,0.0,0.6444348096847534,0.5226979851722717,0.7020341157913208,0.5631129145622253,0.6120112538337708,0.6370553374290466,0.7483269572257996,0.6631231904029846,0.655245304107666,0.8118960857391357,0.7673789858818054,0.7024779319763184,0.7322027683258057,0.7628213763237,0.711513102054596,0.8466976284980774,0.6542016863822937,0.8860060572624207,0.0,0.0,0.0,0.0,0.0,0.0,0.0,0.0
person_nn_1253.jpg,0.813877522945404,0.17034442722797394,0.8257749080657959,0.1577768176794052,0.810283362865448,0.15250450372695923,0.8469242453575134,0.15464097261428833,0.8068187832832336,0.140126571059227,0.8655572533607483,0.22836357355117798,0.7884681224822998,0.2023220956325531,0.8877392411231995,0.34453877806663513,0.7587104439735413,0.29159414768218994,0.8489283323287964,0.4238453507423401,0.7413625121116638,0.38622063398361206,0.8286390900611877,0.42632371187210083,0.7802784442901611,0.4086790978908539,0.8188701868057251,0.5568684935569763,0.7671273350715637,0.5340158939361572,0.8038619756698608,0.6617723703384399,0.7680143117904663,0.6514609456062317
person_nn_1254.jpg,0.8119418621063232,0.1763421893119812,0.8241239190101624,0.16392478346824646,0.8081615567207336,0.15844136476516724,0.8454684019088745,0.15989668667316437,0.804348349571228,0.14483323693275452,0.8652222156524658,0.2320810705423355,0.7864280939102173,0.2052714228630066,0.8868424892425537,0.35052064061164856,0.7551997900009155,0.29845377802848816,0.8470376133918762,0.43048208951950073,0.7367992401123047,0.39846885204315186,0.8296957612037659,0.4351089894771576,0.7803047299385071,0.4170534610748291,0.8218303918838501,0.5734654068946838,0.7698594927787781,0.5479456782341003,0.8038918375968933,0.6980835795402527,0.7678853869438171,0.6837617754936218
person_nn_1255.jpg,0.8107626438140869,0.1860165148973465,0.8231459259986877,0.17263878881931305,0.8069873452186584,0.16766570508480072,0.8448649048805237,0.16628475487232208,0.8032810091972351,0.15217182040214539,0.8655444383621216,0.24106557667255402,0.7849919199943542,0.21304267644882202,0.8868449926376343,0.3650122880935669,0.7546113133430481,0.3062363564968109,0.845831036567688,0.44084614515304565,0.7368268966674805,0.40145331621170044,0.8299263715744019,0.45210129022598267,0.7794039845466614,0.43400827050209045,0.8213375806808472,0.5961106419563293,0.7677159309387207,0.5727748870849609,0.8065966367721558,0.7312752604484558,0.7715897560119629,0.7226127982139587
person_nn_1256.jpg,0.8107626438140869,0.1860165148973465,0.8231459259986877,0.17263878881931305,0.8069873452186584,0.16766570508480072,0.8448649048805237,0.16628475487232208,0.8032810091972351,0.15217182040214539,0.8655444383621216,0.24106557667255402,0.7849919199943542,0.21304267644882202,0.8868449926376343,0.3650122880935669,0.7546113133430481,0.3062363564968109,0.845831036567688,0.44084614515304565,0.7368268966674805,0.40145331621170044,0.8299263715744019,0.45210129022598267,0.7794039845466614,0.43400827050209045,0.8213375806808472,0.5961106419563293,0.7677159309387207,0.5727748870849609,0.8065966367721558,0.7312752604484558,0.7715897560119629,0.7226127982139587
person_nn_1257.jpg,0.807543933391571,0.1923011690378189,0.8204101324081421,0.18198572099208832,0.805051863193512,0.17457038164138794,0.8462676405906677,0.17746421694755554,0.0,0.0,0.8687804341316223,0.2550307512283325,0.7888466715812683,0.21966113150119781,0.8894922137260437,0.3768806755542755,0.7576439380645752,0.3082609176635742,0.8460984826087952,0.45405182242393494,0.7356141805648804,0.4021051824092865,0.8259182572364807,0.47261783480644226,0.7754338979721069,0.4482906460762024,0.8159061074256897,0.6286484599113464,0.7605354189872742,0.5901990532875061,0.8053973913192749,0.7612370848655701,0.7601497173309326,0.729796826839447
person_nn_1258.jpg,0.8055006265640259,0.20321214199066162,0.8177341222763062,0.19125911593437195,0.8057872653007507,0.18535873293876648,0.8460898995399475,0.19189096987247467,0.0,0.0,0.8752300143241882,0.2728644013404846,0.7952108979225159,0.23411552608013153,0.8922954201698303,0.404863178730011,0.7601804733276367,0.3246925473213196,0.8464750051498413,0.47511693835258484,0.7395728826522827,0.40404433012008667,0.8318920135498047,0.4830677807331085,0.7812338471412659,0.45664992928504944,0.8187865018844604,0.6306324601173401,0.7636158466339111,0.5937793850898743,0.7987805604934692,0.7529706358909607,0.7650005221366882,0.7284172177314758
person_nn_1259.jpg,0.8051445484161377,0.20815081894397736,0.8165378570556641,0.19690167903900146,0.8074654936790466,0.19089558720588684,0.8466306328773499,0.20158237218856812,0.0,0.0,0.8800910115242004,0.2866867184638977,0.802513599395752,0.24260757863521576,0.8957940936088562,0.4192991256713867,0.7673999667167664,0.32601386308670044,0.8524103164672852,0.49325841665267944,0.7447958588600159,0.40557071566581726,0.8365353345870972,0.49977046251296997,0.7861964702606201,0.4702540636062622,0.8259755969047546,0.6474912166595459,0.7652878761291504,0.6061891317367554,0.8110429048538208,0.7612094879150391,0.7686583399772644,0.7325417995452881
person_nn_1260.jpg,0.8073793649673462,0.21220003068447113,0.8177002668380737,0.20222841203212738,0.8098871111869812,0.19506774842739105,0.8494846820831299,0.20955289900302887,0.0,0.0,0.8822906017303467,0.30157676339149475,0.8089662194252014,0.25177687406539917,0.897379457950592,0.43747928738594055,0.7740269899368286,0.33865290880203247,0.8537323474884033,0.5094794631004333,0.7526561617851257,0.41102850437164307,0.8334312438964844,0.5104170441627502,0.7859137654304504,0.477361798286438,0.8175933957099915,0.6538605093955994,0.7630095481872559,0.6061052083969116,0.8084953427314758,0.769348680973053,0.7666133046150208,0.7285018563270569
person_nn_1261.jpg,0.7378523349761963,0.7723390460014343,0.0,0.0,0.736824631690979,0.7563419342041016,0.0,0.0,0.7197849750518799,0.6915834546089172,0.7299758791923523,0.6642165184020996,0.6745035648345947,0.6872118711471558,0.0,0.0,0.6861699223518372,0.8955338597297668,0.0,0.0,0.7133784294128418,0.9330918192863464,0.6540036201477051,0.866241455078125,0.6170250177383423,0.8743369579315186,0.0,0.0,0.0,0.0,0.0,0.0,0.0,0.0
person_nn_1262.jpg,0.8091877698898315,0.2196100801229477,0.8187464475631714,0.20954829454421997,0.0,0.0,0.8510154485702515,0.21655423939228058,0.0,0.0,0.8855719566345215,0.3130743205547333,0.814227283000946,0.25836458802223206,0.9000953435897827,0.45379337668418884,0.7796764969825745,0.33987000584602356,0.8531289100646973,0.5211249589920044,0.7581481337547302,0.42082637548446655,0.8328690528869629,0.5148779153823853,0.7871778607368469,0.47873780131340027,0.8163939118385315,0.649429440498352,0.7582914233207703,0.5987299680709839,0.8057526350021362,0.7502022385597229,0.7611828446388245,0.7101556658744812
person_nn_1263.jpg,0.8091877698898315,0.2196100801229477,0.8187464475631714,0.20954829454421997,0.0,0.0,0.8510154485702515,0.21655423939228058,0.0,0.0,0.8855719566345215,0.3130743205547333,0.814227283000946,0.25836458802223206,0.9000953435897827,0.45379337668418884,0.7796764969825745,0.33987000584602356,0.8531289100646973,0.5211249589920044,0.7581481337547302,0.42082637548446655,0.8328690528869629,0.5148779153823853,0.7871778607368469,0.47873780131340027,0.8163939118385315,0.649429440498352,0.7582914233207703,0.5987299680709839,0.8057526350021362,0.7502022385597229,0.7611828446388245,0.7101556658744812
person_nn_1264.jpg,0.8098252415657043,0.22943338751792908,0.8188351988792419,0.21904177963733673,0.0,0.0,0.8513662815093994,0.2242879718542099,0.0,0.0,0.8870022892951965,0.32356175780296326,0.8183946013450623,0.2622188925743103,0.9026621580123901,0.46789729595184326,0.7846003174781799,0.3427732586860657,0.8501649498939514,0.5274500250816345,0.7643734812736511,0.4272015392780304,0.8323822617530823,0.5210655331611633,0.7886923551559448,0.48091721534729004,0.8126283884048462,0.6525832414627075,0.7560358047485352,0.5953779220581055,0.8046377897262573,0.7527492046356201,0.7598439455032349,0.7078576683998108
person_nn_1265.jpg,0.8068342208862305,0.23321975767612457,0.815671443939209,0.22252997756004333,0.0,0.0,0.8470485210418701,0.22989952564239502,0.0,0.0,0.8817765116691589,0.33145007491111755,0.8177974224090576,0.27488309144973755,0.895317018032074,0.47216910123825073,0.7855615615844727,0.35052502155303955,0.8430371880531311,0.5429630875587463,0.7653346061706543,0.4282929599285126,0.82877117395401,0.5289762616157532,0.786622941493988,0.49090829491615295,0.8138201832771301,0.6696999669075012,0.7529269456863403,0.6164410710334778,0.8109807372093201,0.7854647636413574,0.7529271245002747,0.7425644397735596
person_nn_1266.jpg,0.8004976511001587,0.2327592968940735,0.8075668215751648,0.22179079055786133,0.0,0.0,0.8383479118347168,0.22973808646202087,0.0,0.0,0.8747888207435608,0.33400365710258484,0.809336245059967,0.28748759627342224,0.8928750157356262,0.4704572558403015,0.7794492244720459,0.3579116761684418,0.838968813419342,0.5503740906715393,0.7585550546646118,0.4276917576789856,0.8261659741401672,0.5348263382911682,0.7829838991165161,0.5038788318634033,0.8123932480812073,0.6749664545059204,0.7532296776771545,0.6344906091690063,0.8100997805595398,0.7925400733947754,0.7553379535675049,0.7592031955718994
person_nn_1267.jpg,0.7907595038414001,0.237819105386734,0.7983465790748596,0.22744081914424896,0.0,0.0,0.8299434185028076,0.23669326305389404,0.0,0.0,0.8683459162712097,0.338661789894104,0.8090755343437195,0.286194384098053,0.8857176303863525,0.48117172718048096,0.7808295488357544,0.35921019315719604,0.8364930748939514,0.5515837073326111,0.7596683502197266,0.4334072768688202,0.8217911720275879,0.530758798122406,0.7822490334510803,0.4952966272830963,0.8063440322875977,0.6745290756225586,0.7467777132987976,0.6282970905303955,0.8091831803321838,0.7916121482849121,0.7471731305122375,0.7580626606941223
person_nn_1268.jpg,0.7907595038414001,0.237819105386734,0.7983465790748596,0.22744081914424896,0.0,0.0,0.8299434185028076,0.23669326305389404,0.0,0.0,0.8683459162712097,0.338661789894104,0.8090755343437195,0.286194384098053,0.8857176303863525,0.48117172718048096,0.7808295488357544,0.35921019315719604,0.8364930748939514,0.5515837073326111,0.7596683502197266,0.4334072768688202,0.8217911720275879,0.530758798122406,0.7822490334510803,0.4952966272830963,0.8063440322875977,0.6745290756225586,0.7467777132987976,0.6282970905303955,0.8091831803321838,0.7916121482849121,0.7471731305122375,0.7580626606941223
person_nn_1269.jpg,0.7795275449752808,0.24110127985477448,0.7868832945823669,0.2303449958562851,0.0,0.0,0.815984845161438,0.23784025013446808,0.0,0.0,0.854964017868042,0.33810070157051086,0.7983063459396362,0.2910069525241852,0.8768431544303894,0.485053151845932,0.7776704430580139,0.3703787624835968,0.8204759359359741,0.5681527256965637,0.7556214332580566,0.43687453866004944,0.8137598037719727,0.5258852243423462,0.7759222984313965,0.4917987585067749,0.7972024083137512,0.6558508276939392,0.7405427098274231,0.608881950378418,0.8098342418670654,0.7779414057731628,0.7508935928344727,0.7372738122940063
person_nn_1270.jpg,0.7668442726135254,0.23992286622524261,0.7735785841941833,0.22806844115257263,0.0,0.0,0.801686704158783,0.23573191463947296,0.0,0.0,0.8442182540893555,0.3384339213371277,0.7847602367401123,0.2984890043735504,0.866264820098877,0.48089599609375,0.7664262056350708,0.38155096769332886,0.8135988116264343,0.5610894560813904,0.7455387711524963,0.44737860560417175,0.799065351486206,0.5351502299308777,0.7596848607063293,0.5038119554519653,0.7841969728469849,0.6838918328285217,0.730078399181366,0.6389775276184082,0.7892359495162964,0.8020315766334534,0.0,0.0
person_nn_1271.jpg,0.7355421781539917,0.23226885497570038,0.7401108741760254,0.21867719292640686,0.0,0.0,0.768075168132782,0.22115330398082733,0.0,0.0,0.8141197562217712,0.32285964488983154,0.7520652413368225,0.29266390204429626,0.834198534488678,0.4841053783893585,0.7356039881706238,0.4069870412349701,0.770351231098175,0.5548349022865295,0.7125257849693298,0.5032517910003662,0.7726032137870789,0.5723621845245361,0.7329033613204956,0.5489581227302551,0.7566338181495667,0.745718777179718,0.0,0.0,0.0,0.0,0.0,0.0
person_nn_1272.jpg,0.7355421781539917,0.23226885497570038,0.7401108741760254,0.21867719292640686,0.0,0.0,0.768075168132782,0.22115330398082733,0.0,0.0,0.8141197562217712,0.32285964488983154,0.7520652413368225,0.29266390204429626,0.834198534488678,0.4841053783893585,0.7356039881706238,0.4069870412349701,0.770351231098175,0.5548349022865295,0.7125257849693298,0.5032517910003662,0.7726032137870789,0.5723621845245361,0.7329033613204956,0.5489581227302551,0.7566338181495667,0.745718777179718,0.0,0.0,0.0,0.0,0.0,0.0
person_nn_1273.jpg,0.7204511761665344,0.22980575263500214,0.7247458696365356,0.21481294929981232,0.0,0.0,0.7526659965515137,0.21827374398708344,0.0,0.0,0.8012962937355042,0.32697421312332153,0.735525906085968,0.2981049716472626,0.822186291217804,0.4921965003013611,0.7186793088912964,0.4112892150878906,0.7464631795883179,0.549470841884613,0.6964012384414673,0.4909226894378662,0.7612696290016174,0.5911457538604736,0.7194396257400513,0.5684235095977783,0.0,0.0,0.0,0.0,0.0,0.0,0.0,0.0
person_nn_1274.jpg,0.7578319907188416,0.7371458411216736,0.0,0.0,0.7462268471717834,0.7136374115943909,0.0,0.0,0.6851323246955872,0.6867942810058594,0.7004404067993164,0.701988935470581,0.6154515147209167,0.7751149535179138,0.7337115406990051,0.8156489133834839,0.0,0.0,0.765999972820282,0.7883847951889038,0.700110912322998,0.9684099555015564,0.0,0.0,0.0,0.0,0.0,0.0,0.0,0.0,0.0,0.0,0.0,0.0
person_nn_1275.jpg,0.7601686716079712,0.6354513168334961,0.0,0.0,0.7437971830368042,0.6150491833686829,0.0,0.0,0.6866617798805237,0.6231725811958313,0.7204394340515137,0.6821043491363525,0.6257263422012329,0.7376837730407715,0.7485895752906799,0.8203532695770264,0.6402936577796936,0.953525185585022,0.77603679895401,0.7771335244178772,0.7147526741027832,0.8674962520599365,0.0,0.0,0.0,0.0,0.0,0.0,0.0,0.0,0.0,0.0,0.0,0.0
person_nn_1276.jpg,0.6937623023986816,0.23672662675380707,0.6971335411071777,0.22318628430366516,0.0,0.0,0.7254500985145569,0.22604982554912567,0.0,0.0,0.774641752243042,0.332826167345047,0.7222549915313721,0.2980099022388458,0.7982991933822632,0.5024417042732239,0.7111988663673401,0.4117726981639862,0.7123578786849976,0.5114539265632629,0.0,0.0,0.7376441359519958,0.5770077705383301,0.7037416696548462,0.5478495359420776,0.0,0.0,0.0,0.0,0.0,0.0,0.0,0.0
person_nn_1277.jpg,0.7409507036209106,0.6566663384437561,0.7505982518196106,0.6308519840240479,0.7263835668563843,0.6316755414009094,0.0,0.0,0.6788473129272461,0.6105213165283203,0.7209942936897278,0.6626827120780945,0.630784273147583,0.7108467221260071,0.7514560222625732,0.7659900784492493,0.6467265486717224,0.9017326831817627,0.7747895121574402,0.7683742642402649,0.7126827239990234,0.8429218530654907,0.6692551970481873,0.9282053709030151,0.609870195388794,0.9605520367622375,0.0,0.0,0.0,0.0,0.0,0.0,0.0,0.0
person_nn_1278.jpg,0.7365161180496216,0.6361896991729736,0.0,0.0,0.7240643501281738,0.6166386008262634,0.0,0.0,0.6782383322715759,0.6008997559547424,0.7096298933029175,0.6422300934791565,0.6280942559242249,0.6962325572967529,0.7389812469482422,0.7425888776779175,0.6550840139389038,0.882821261882782,0.7643845677375793,0.7598305344581604,0.7242597937583923,0.83072829246521,0.6736910343170166,0.9233306050300598,0.6153968572616577,0.9578272700309753,0.0,0.0,0.0,0.0,0.0,0.0,0.0,0.0
person_nn_1279.jpg,0.7365161180496216,0.6361896991729736,0.0,0.0,0.7240643501281738,0.6166386008262634,0.0,0.0,0.6782383322715759,0.6008997559547424,0.7096298933029175,0.6422300934791565,0.6280942559242249,0.6962325572967529,0.7389812469482422,0.7425888776779175,0.6550840139389038,0.882821261882782,0.7643845677375793,0.7598305344581604,0.7242597937583923,0.83072829246521,0.6736910343170166,0.9233306050300598,0.6153968572616577,0.9578272700309753,0.0,0.0,0.0,0.0,0.0,0.0,0.0,0.0
person_nn_1280.jpg,0.7238856554031372,0.648070752620697,0.0,0.0,0.7147066593170166,0.6256758570671082,0.0,0.0,0.6705685257911682,0.5989360809326172,0.6985178589820862,0.6422785520553589,0.6206830143928528,0.69716477394104,0.7331225872039795,0.730552613735199,0.6553487181663513,0.8802637457847595,0.7585723400115967,0.7431021928787231,0.7284703254699707,0.8347161412239075,0.6713675856590271,0.8999575972557068,0.616815447807312,0.937978208065033,0.0,0.0,0.0,0.0,0.0,0.0,0.0,0.0
person_nn_1281.jpg,0.7227441668510437,0.625426709651947,0.7296058535575867,0.5987934470176697,0.7082033157348633,0.6024881601333618,0.0,0.0,0.6614216566085815,0.5894061326980591,0.6981667876243591,0.6517876386642456,0.622953474521637,0.6964818835258484,0.7406468987464905,0.7575441002845764,0.6548898816108704,0.8677916526794434,0.7608381509780884,0.7571020126342773,0.7240332961082458,0.836864173412323,0.664691150188446,0.9094248414039612,0.6140732765197754,0.9432083368301392,0.0,0.0,0.0,0.0,0.0,0.0,0.0,0.0
person_nn_1282.jpg,0.7207573652267456,0.6389213800430298,0.0,0.0,0.706380307674408,0.616887092590332,0.0,0.0,0.6574476957321167,0.6005353927612305,0.6831732988357544,0.6348466277122498,0.6214383840560913,0.6995754241943359,0.7246013283729553,0.7349767684936523,0.6509413719177246,0.8747113943099976,0.7510048747062683,0.7307460308074951,0.7182405591011047,0.8347141742706299,0.6703051924705505,0.875788152217865,0.6281839609146118,0.9225444793701172,0.0,0.0,0.0,0.0,0.0,0.0,0.0,0.0
person_nn_1283.jpg,0.7112277746200562,0.631505012512207,0.7180150151252747,0.6011555194854736,0.6940400004386902,0.6049306988716125,0.0,0.0,0.6422572135925293,0.5852966904640198,0.676011860370636,0.6557726263999939,0.6168227791786194,0.7096794843673706,0.7185503244400024,0.7239605784416199,0.6300927400588989,0.8711071610450745,0.7563856244087219,0.7354530692100525,0.7200082540512085,0.8482035398483276,0.6687934398651123,0.9154189825057983,0.6309201717376709,0.9550424218177795,0.0,0.0,0.0,0.0,0.0,0.0,0.0,0.0
person_nn_1284.jpg,0.7112277746200562,0.631505012512207,0.7180150151252747,0.6011555194854736,0.6940400004386902,0.6049306988716125,0.0,0.0,0.6422572135925293,0.5852966904640198,0.676011860370636,0.6557726263999939,0.6168227791786194,0.7096794843673706,0.7185503244400024,0.7239605784416199,0.6300927400588989,0.8711071610450745,0.7563856244087219,0.7354530692100525,0.7200082540512085,0.8482035398483276,0.6687934398651123,0.9154189825057983,0.6309201717376709,0.9550424218177795,0.0,0.0,0.0,0.0,0.0,0.0,0.0,0.0
person_nn_1285.jpg,0.7051526308059692,0.6410380601882935,0.7177438735961914,0.6136334538459778,0.6909328699111938,0.6112249493598938,0.0,0.0,0.6441823840141296,0.5763429999351501,0.6938073039054871,0.6505229473114014,0.6129346489906311,0.7021450996398926,0.7352102398872375,0.6974734663963318,0.6225539445877075,0.8739383220672607,0.7597276568412781,0.7241858839988708,0.7066368460655212,0.8973233103752136,0.6847083568572998,0.8996674418449402,0.6356149315834045,0.9357835054397583,0.0,0.0,0.0,0.0,0.0,0.0,0.0,0.0
person_nn_1286.jpg,0.6281843185424805,0.27319034934043884,0.6278030276298523,0.2633742392063141,0.0,0.0,0.6441413760185242,0.2712313234806061,0.0,0.0,0.6814307570457458,0.3798275887966156,0.7099642157554626,0.30159270763397217,0.6573851108551025,0.5377957224845886,0.0,0.0,0.0,0.0,0.0,0.0,0.0,0.0,0.0,0.0,0.0,0.0,0.0,0.0,0.0,0.0,0.0,0.0
person_nn_1287.jpg,0.7103559374809265,0.645868182182312,0.0,0.0,0.6962148547172546,0.6205877661705017,0.0,0.0,0.6460409164428711,0.5806292295455933,0.6844356656074524,0.6257959008216858,0.6147122979164124,0.705696702003479,0.7195644974708557,0.6727176308631897,0.643088698387146,0.904383659362793,0.7518441677093506,0.7146652340888977,0.7306448221206665,0.9513534307479858,0.6850311756134033,0.8574113249778748,0.6446704864501953,0.9122080206871033,0.0,0.0,0.0,0.0,0.0,0.0,0.0,0.0
person_nn_1288.jpg,0.0,0.0,0.6151099801063538,0.267265647649765,0.0,0.0,0.6323724389076233,0.27620601654052734,0.0,0.0,0.677211582660675,0.37250009179115295,0.674638032913208,0.31045010685920715,0.0,0.0,0.0,0.0,0.0,0.0,0.0,0.0,0.0,0.0,0.0,0.0,0.0,0.0,0.0,0.0,0.0,0.0,0.0,0.0
person_nn_1289.jpg,0.7115035653114319,0.6595506072044373,0.0,0.0,0.7009066343307495,0.6393439173698425,0.0,0.0,0.653814435005188,0.6112009286880493,0.6767562627792358,0.6412405967712402,0.6173048615455627,0.7219609022140503,0.7181084156036377,0.7179628610610962,0.658534824848175,0.9287779927253723,0.7520174384117126,0.7267420291900635,0.7376536726951599,0.9441237449645996,0.6647118330001831,0.8723406791687012,0.6289107799530029,0.9238331317901611,0.0,0.0,0.0,0.0,0.0,0.0,0.0,0.0
person_nn_1290.jpg,0.0,0.0,0.6059702038764954,0.26822584867477417,0.0,0.0,0.6201047301292419,0.27909883856773376,0.0,0.0,0.6634538769721985,0.3929104804992676,0.6741087436676025,0.3266838788986206,0.6398177146911621,0.5390940308570862,0.0,0.0,0.0,0.0,0.0,0.0,0.0,0.0,0.0,0.0,0.0,0.0,0.0,0.0,0.0,0.0,0.0,0.0
person_nn_1291.jpg,0.0,0.0,0.0,0.0,0.0,0.0,0.6060464978218079,0.2820650339126587,0.0,0.0,0.6430788040161133,0.38749969005584717,0.6835805773735046,0.3115043640136719,0.0,0.0,0.0,0.0,0.0,0.0,0.0,0.0,0.0,0.0,0.0,0.0,0.0,0.0,0.0,0.0,0.0,0.0,0.0,0.0
person_nn_1292.jpg,0.7157682776451111,0.6643925905227661,0.0,0.0,0.7065438032150269,0.6481719017028809,0.0,0.0,0.6567263007164001,0.6229541897773743,0.6684621572494507,0.6331971287727356,0.6159276962280273,0.7218451499938965,0.7099927663803101,0.7236291170120239,0.6551441550254822,0.9289308786392212,0.7456191182136536,0.7366008758544922,0.7325456142425537,0.9486562013626099,0.6573410630226135,0.8609039187431335,0.6262418031692505,0.916925847530365,0.0,0.0,0.0,0.0,0.0,0.0,0.0,0.0
person_nn_1293.jpg,0.0,0.0,0.0,0.0,0.0,0.0,0.6060464978218079,0.2820650339126587,0.0,0.0,0.6430788040161133,0.38749969005584717,0.6835805773735046,0.3115043640136719,0.0,0.0,0.0,0.0,0.0,0.0,0.0,0.0,0.0,0.0,0.0,0.0,0.0,0.0,0.0,0.0,0.0,0.0,0.0,0.0
person_nn_1294.jpg,0.7157682776451111,0.6643925905227661,0.0,0.0,0.7065438032150269,0.6481719017028809,0.0,0.0,0.6567263007164001,0.6229541897773743,0.6684621572494507,0.6331971287727356,0.6159276962280273,0.7218451499938965,0.7099927663803101,0.7236291170120239,0.6551441550254822,0.9289308786392212,0.7456191182136536,0.7366008758544922,0.7325456142425537,0.9486562013626099,0.6573410630226135,0.8609039187431335,0.6262418031692505,0.916925847530365,0.0,0.0,0.0,0.0,0.0,0.0,0.0,0.0
person_nn_1295.jpg,0.7163872122764587,0.6948774456977844,0.0,0.0,0.7046329379081726,0.6731544733047485,0.0,0.0,0.6537115573883057,0.629157304763794,0.6790058016777039,0.6499819755554199,0.6152921915054321,0.7303231358528137,0.7029434442520142,0.7315013408660889,0.643724799156189,0.9370233416557312,0.7345176339149475,0.7461941242218018,0.7274747490882874,0.9386127591133118,0.6643015146255493,0.8814275860786438,0.6267904043197632,0.9345064163208008,0.0,0.0,0.0,0.0,0.0,0.0,0.0,0.0
person_nn_1296.jpg,0.0,0.0,0.0,0.0,0.0,0.0,0.5965908169746399,0.2857060432434082,0.0,0.0,0.6363858580589294,0.40433061122894287,0.6843130588531494,0.31821393966674805,0.6161137819290161,0.5527561902999878,0.0,0.0,0.0,0.0,0.0,0.0,0.0,0.0,0.0,0.0,0.0,0.0,0.0,0.0,0.0,0.0,0.0,0.0
person_nn_1297.jpg,0.718010425567627,0.7024600505828857,0.0,0.0,0.7051823735237122,0.6800262331962585,0.0,0.0,0.6473013758659363,0.6477985382080078,0.6792389154434204,0.6775463819503784,0.6044987440109253,0.7545478940010071,0.7159073948860168,0.7582671046257019,0.6290993690490723,0.9459837675094604,0.7389760613441467,0.7687747478485107,0.7136803269386292,0.898050844669342,0.6690706610679626,0.9007906913757324,0.6244852542877197,0.9497516751289368,0.0,0.0,0.0,0.0,0.0,0.0,0.0,0.0
person_nn_1298.jpg,0.0,0.0,0.5772465467453003,0.2725180387496948,0.0,0.0,0.5883916616439819,0.27804964780807495,0.0,0.0,0.6269968152046204,0.3857024312019348,0.6631715893745422,0.3094465434551239,0.0,0.0,0.0,0.0,0.0,0.0,0.0,0.0,0.0,0.0,0.0,0.0,0.0,0.0,0.0,0.0,0.0,0.0,0.0,0.0
person_nn_1299.jpg,0.0,0.0,0.0,0.0,0.0,0.0,0.5752629041671753,0.27122199535369873,0.0,0.0,0.6105783581733704,0.3903123140335083,0.6597062945365906,0.31338682770729065,0.0,0.0,0.0,0.0,0.0,0.0,0.0,0.0,0.0,0.0,0.0,0.0,0.0,0.0,0.0,0.0,0.0,0.0,0.0,0.0
person_nn_1300.jpg,0.0,0.0,0.0,0.0,0.0,0.0,0.0,0.0,0.0,0.0,0.5943409204483032,0.7367104887962341,0.6961857080459595,0.7703630328178406,0.0,0.0,0.0,0.0,0.0,0.0,0.0,0.0,0.0,0.0,0.0,0.0,0.0,0.0,0.0,0.0,0.0,0.0,0.0,0.0
person_nn_1301.jpg,0.7267093062400818,0.7939704656600952,0.0,0.0,0.7156625986099243,0.7691094875335693,0.0,0.0,0.6597907543182373,0.726293683052063,0.7160472869873047,0.7704996466636658,0.5960509181022644,0.835416853427887,0.0,0.0,0.0,0.0,0.0,0.0,0.0,0.0,0.0,0.0,0.0,0.0,0.0,0.0,0.0,0.0,0.0,0.0,0.0,0.0
person_nn_1302.jpg,0.0,0.0,0.0,0.0,0.0,0.0,0.5328556895256042,0.24532289803028107,0.0,0.0,0.5589984655380249,0.3768331706523895,0.6120863556861877,0.32864588499069214,0.5629518032073975,0.5516126751899719,0.0,0.0,0.0,0.0,0.0,0.0,0.57841956615448,0.6601361632347107,0.6174655556678772,0.633423388004303,0.0,0.0,0.0,0.0,0.0,0.0,0.0,0.0
person_nn_1303.jpg,0.0,0.0,0.0,0.0,0.0,0.0,0.511809229850769,0.2524813711643219,0.0,0.0,0.53005051612854,0.38527628779411316,0.6008297801017761,0.3128955364227295,0.5326381325721741,0.5659851431846619,0.0,0.0,0.0,0.0,0.0,0.0,0.5704538822174072,0.6617829203605652,0.6186202764511108,0.6270670294761658,0.0,0.0,0.0,0.0,0.0,0.0,0.0,0.0
person_nn_1304.jpg,0.0,0.0,0.0,0.0,0.0,0.0,0.511809229850769,0.2524813711643219,0.0,0.0,0.53005051612854,0.38527628779411316,0.6008297801017761,0.3128955364227295,0.5326381325721741,0.5659851431846619,0.0,0.0,0.0,0.0,0.0,0.0,0.5704538822174072,0.6617829203605652,0.6186202764511108,0.6270670294761658,0.0,0.0,0.0,0.0,0.0,0.0,0.0,0.0
person_nn_1305.jpg,0.0,0.0,0.0,0.0,0.0,0.0,0.5002392530441284,0.27118921279907227,0.0,0.0,0.5012624859809875,0.3828895688056946,0.5950977206230164,0.331861287355423,0.0,0.0,0.0,0.0,0.0,0.0,0.0,0.0,0.5335127115249634,0.6364873051643372,0.5986073017120361,0.611998975276947,0.5460277199745178,0.8017566204071045,0.6013888120651245,0.7636173367500305,0.0,0.0,0.0,0.0
person_nn_1306.jpg,0.0,0.0,0.0,0.0,0.0,0.0,0.49047330021858215,0.27189695835113525,0.0,0.0,0.49308153986930847,0.3961932957172394,0.5840798020362854,0.35032758116722107,0.49062931537628174,0.5508583784103394,0.0,0.0,0.0,0.0,0.0,0.0,0.5409100651741028,0.6520527005195618,0.601283073425293,0.6324570775032043,0.5610884428024292,0.8346367478370667,0.0,0.0,0.0,0.0,0.0,0.0
person_nn_1307.jpg,0.0,0.0,0.0,0.0,0.0,0.0,0.49047330021858215,0.27189695835113525,0.0,0.0,0.49308153986930847,0.3961932957172394,0.5840798020362854,0.35032758116722107,0.49062931537628174,0.5508583784103394,0.0,0.0,0.0,0.0,0.0,0.0,0.5409100651741028,0.6520527005195618,0.601283073425293,0.6324570775032043,0.5610884428024292,0.8346367478370667,0.0,0.0,0.0,0.0,0.0,0.0
person_nn_1308.jpg,0.0,0.0,0.0,0.0,0.0,0.0,0.476439505815506,0.29493728280067444,0.0,0.0,0.47811225056648254,0.4267739951610565,0.5802327394485474,0.3625546097755432,0.47705578804016113,0.5937076807022095,0.0,0.0,0.4829663336277008,0.6668005585670471,0.0,0.0,0.5261210203170776,0.6794877648353577,0.5940488576889038,0.6492819786071777,0.5372998714447021,0.8538002371788025,0.0,0.0,0.0,0.0,0.0,0.0
person_nn_1309.jpg,0.0,0.0,0.0,0.0,0.0,0.0,0.47255459427833557,0.3015291690826416,0.0,0.0,0.4746934771537781,0.43722447752952576,0.578580915927887,0.36627036333084106,0.47596973180770874,0.596447229385376,0.0,0.0,0.48668983578681946,0.6719874739646912,0.0,0.0,0.5325188636779785,0.6763296723365784,0.6023487448692322,0.6466246247291565,0.545827329158783,0.8366746306419373,0.0,0.0,0.0,0.0,0.0,0.0
person_nn_1310.jpg,0.0,0.0,0.0,0.0,0.0,0.0,0.47255459427833557,0.3015291690826416,0.0,0.0,0.4746934771537781,0.43722447752952576,0.578580915927887,0.36627036333084106,0.47596973180770874,0.596447229385376,0.0,0.0,0.48668983578681946,0.6719874739646912,0.0,0.0,0.5325188636779785,0.6763296723365784,0.6023487448692322,0.6466246247291565,0.545827329158783,0.8366746306419373,0.0,0.0,0.0,0.0,0.0,0.0
person_nn_1311.jpg,0.0,0.0,0.0,0.0,0.0,0.0,0.46594151854515076,0.3015702962875366,0.0,0.0,0.47511720657348633,0.43325984477996826,0.5752364993095398,0.3545677661895752,0.4790409803390503,0.6051822304725647,0.0,0.0,0.4855523705482483,0.6700108051300049,0.0,0.0,0.5400635004043579,0.6681390404701233,0.6063814163208008,0.6337530612945557,0.5478678941726685,0.8352708220481873,0.0,0.0,0.0,0.0,0.0,0.0
person_nn_1312.jpg,0.0,0.0,0.0,0.0,0.0,0.0,0.4640428423881531,0.30742740631103516,0.0,0.0,0.47555866837501526,0.42648378014564514,0.5625884532928467,0.3523421287536621,0.4854714870452881,0.5915851593017578,0.0,0.0,0.48960188031196594,0.672710657119751,0.0,0.0,0.5346587896347046,0.6540324091911316,0.5925520062446594,0.6211559772491455,0.5428164005279541,0.7537912726402283,0.5726147294044495,0.704376757144928,0.5471197962760925,0.8938246369361877,0.5665383338928223,0.8596394658088684
person_nn_1313.jpg,0.0,0.0,0.0,0.0,0.0,0.0,0.46343883872032166,0.3104327619075775,0.0,0.0,0.4724815785884857,0.4341645836830139,0.5601174235343933,0.3411869406700134,0.48380982875823975,0.6213803291320801,0.0,0.0,0.0,0.0,0.0,0.0,0.5229861736297607,0.6771174073219299,0.5806980133056641,0.6317979693412781,0.5130295753479004,0.7108070254325867,0.5501036643981934,0.6425237655639648,0.5295470356941223,0.8701719045639038,0.5422444939613342,0.8180403709411621
person_nn_1314.jpg,0.0,0.0,0.4439648985862732,0.3087211549282074,0.0,0.0,0.46410757303237915,0.3049676716327667,0.0,0.0,0.4779462516307831,0.42271846532821655,0.5529190301895142,0.3426223397254944,0.4932345151901245,0.6025702953338623,0.0,0.0,0.0,0.0,0.0,0.0,0.5183406472206116,0.6627637147903442,0.565740704536438,0.6229297518730164,0.5288640856742859,0.7595925331115723,0.5402467250823975,0.6926785111427307,0.548496663570404,0.8925144672393799,0.5278133153915405,0.8405201435089111
person_nn_1315.jpg,0.0,0.0,0.4439648985862732,0.3087211549282074,0.0,0.0,0.46410757303237915,0.3049676716327667,0.0,0.0,0.4779462516307831,0.42271846532821655,0.5529190301895142,0.3426223397254944,0.4932345151901245,0.6025702953338623,0.0,0.0,0.0,0.0,0.0,0.0,0.5183406472206116,0.6627637147903442,0.565740704536438,0.6229297518730164,0.5288640856742859,0.7595925331115723,0.5402467250823975,0.6926785111427307,0.548496663570404,0.8925144672393799,0.5278133153915405,0.8405201435089111
person_nn_1316.jpg,0.4346294403076172,0.31879183650016785,0.4378994107246399,0.3040241003036499,0.0,0.0,0.4646325409412384,0.300322562456131,0.0,0.0,0.48120608925819397,0.42491427063941956,0.5406341552734375,0.3277451694011688,0.4968475103378296,0.6034298539161682,0.0,0.0,0.0,0.0,0.0,0.0,0.5052869915962219,0.6474774479866028,0.5426969528198242,0.5985999703407288,0.5251652598381042,0.7549657821655273,0.5286368131637573,0.680455207824707,0.5436939001083374,0.8913644552230835,0.5171023011207581,0.8302406668663025
person_nn_1317.jpg,0.4326478838920593,0.32333287596702576,0.4360775947570801,0.30796557664871216,0.0,0.0,0.4670269787311554,0.29341116547584534,0.0,0.0,0.49586981534957886,0.39817824959754944,0.5326716899871826,0.3259727656841278,0.5047509074211121,0.5631046295166016,0.0,0.0,0.4878344237804413,0.6543535590171814,0.0,0.0,0.5116671919822693,0.6324540376663208,0.5316763520240784,0.5887198448181152,0.5291590690612793,0.7832717299461365,0.5055254697799683,0.6949235796928406,0.5517507791519165,0.922045111656189,0.4941924810409546,0.812631368637085
person_nn_1318.jpg,0.4225536584854126,0.3136101961135864,0.4288254678249359,0.296484112739563,0.0,0.0,0.4612322151660919,0.27798813581466675,0.0,0.0,0.49289166927337646,0.3746359050273895,0.5021350979804993,0.3287845253944397,0.4912954270839691,0.5356971621513367,0.0,0.0,0.478200227022171,0.6296941041946411,0.0,0.0,0.5015419721603394,0.6203751564025879,0.5026304721832275,0.5874335169792175,0.5178807377815247,0.7867252826690674,0.4866516888141632,0.7047572135925293,0.5461909174919128,0.9290199875831604,0.49248865246772766,0.8072432279586792
person_nn_1319.jpg,0.415067583322525,0.3000161945819855,0.42223191261291504,0.2824287712574005,0.0,0.0,0.4566192924976349,0.27003318071365356,0.0,0.0,0.48458269238471985,0.3807777464389801,0.49362194538116455,0.32248443365097046,0.5001581311225891,0.5325181484222412,0.5384447574615479,0.40580543875694275,0.4887852370738983,0.6283990740776062,0.0,0.0,0.498224139213562,0.6091871857643127,0.5002638697624207,0.5747604370117188,0.5096112489700317,0.7659980058670044,0.49319949746131897,0.695855438709259,0.5332855582237244,0.9000916481018066,0.4951860308647156,0.8224727511405945
person_nn_1320.jpg,0.415067583322525,0.3000161945819855,0.42223191261291504,0.2824287712574005,0.0,0.0,0.4566192924976349,0.27003318071365356,0.0,0.0,0.48458269238471985,0.3807777464389801,0.49362194538116455,0.32248443365097046,0.5001581311225891,0.5325181484222412,0.5384447574615479,0.40580543875694275,0.4887852370738983,0.6283990740776062,0.0,0.0,0.498224139213562,0.6091871857643127,0.5002638697624207,0.5747604370117188,0.5096112489700317,0.7659980058670044,0.49319949746131897,0.695855438709259,0.5332855582237244,0.9000916481018066,0.4951860308647156,0.8224727511405945
person_nn_1321.jpg,0.4091376066207886,0.29497772455215454,0.41682150959968567,0.2770623564720154,0.0,0.0,0.44977137446403503,0.2632606625556946,0.0,0.0,0.477867066860199,0.37164995074272156,0.48005351424217224,0.32340726256370544,0.49531781673431396,0.5171116590499878,0.529884934425354,0.4144560396671295,0.4696010649204254,0.6173063516616821,0.5396794080734253,0.5586998462677002,0.4937491714954376,0.6025934815406799,0.49114882946014404,0.5720062255859375,0.5006919503211975,0.7673877477645874,0.4866308569908142,0.6997377276420593,0.5322927832603455,0.8964688181877136,0.4938351809978485,0.8191020488739014
person_nn_1322.jpg,0.7197045087814331,0.5677147507667542,0.0,0.0,0.7013707160949707,0.5524126291275024,0.0,0.0,0.6486268639564514,0.5200647115707397,0.7194807529449463,0.4896356761455536,0.6093177199363708,0.5744432210922241,0.7514988780021667,0.6141632199287415,0.6245152354240417,0.7759023308753967,0.7467214465141296,0.6955568194389343,0.7093411087989807,0.7966238260269165,0.6997345089912415,0.7404139041900635,0.6263086795806885,0.7885892987251282,0.0,0.0,0.0,0.0,0.0,0.0,0.0,0.0
person_nn_1323.jpg,0.4021646976470947,0.28905820846557617,0.410627543926239,0.2714492678642273,0.0,0.0,0.44472089409828186,0.2599722146987915,0.0,0.0,0.47298794984817505,0.36786797642707825,0.4722183048725128,0.3177896738052368,0.49315446615219116,0.5187559723854065,0.5089670419692993,0.41080957651138306,0.46138283610343933,0.6167439818382263,0.502238929271698,0.5561488270759583,0.4885016679763794,0.5984487533569336,0.4852416515350342,0.5672873258590698,0.49153169989585876,0.7734137177467346,0.47902712225914,0.7087411284446716,0.5335918664932251,0.8950536251068115,0.4926754832267761,0.8256828188896179
person_nn_1324.jpg,0.39576494693756104,0.2930028736591339,0.40333813428878784,0.27344053983688354,0.0,0.0,0.4390597641468048,0.2559094727039337,0.0,0.0,0.4710037410259247,0.3593766689300537,0.4553898572921753,0.3338209092617035,0.4948113262653351,0.5175387859344482,0.4679536819458008,0.4618036448955536,0.4570728838443756,0.6081339716911316,0.4441593885421753,0.5788904428482056,0.4767945408821106,0.6123718023300171,0.466126412153244,0.5932469964027405,0.4848231077194214,0.7798292636871338,0.4658534824848175,0.7371569275856018,0.5328236818313599,0.8800077438354492,0.4919081926345825,0.8281886577606201
person_nn_1325.jpg,0.3889317214488983,0.2890501618385315,0.3970504403114319,0.2717832922935486,0.0,0.0,0.432854026556015,0.26029226183891296,0.0,0.0,0.46633756160736084,0.36160731315612793,0.4414576590061188,0.3381034731864929,0.4980095624923706,0.5113145709037781,0.4546252191066742,0.467091828584671,0.4546828866004944,0.609915018081665,0.4334406852722168,0.5810458660125732,0.47034841775894165,0.610008180141449,0.45569083094596863,0.5918709635734558,0.469679594039917,0.7684009075164795,0.4586268365383148,0.7297755479812622,0.5085088014602661,0.87418133020401,0.48890963196754456,0.8270500898361206
person_nn_1326.jpg,0.38522085547447205,0.29147326946258545,0.39392170310020447,0.27334561944007874,0.0,0.0,0.42906221747398376,0.26050886511802673,0.0,0.0,0.4601791203022003,0.3607465922832489,0.4346371591091156,0.34477919340133667,0.4931339621543884,0.5117456316947937,0.0,0.0,0.4497280418872833,0.611175000667572,0.4288892149925232,0.5805274248123169,0.46428993344306946,0.6148443818092346,0.45162832736968994,0.6005910038948059,0.455847829580307,0.7669718861579895,0.462522029876709,0.7358101606369019,0.48216512799263,0.8937061429023743,0.49008598923683167,0.8512113690376282
person_nn_1327.jpg,0.6924099326133728,0.5441836714744568,0.0,0.0,0.6746410727500916,0.5281434655189514,0.0,0.0,0.6303699612617493,0.49593815207481384,0.7051365375518799,0.4855923056602478,0.5871233344078064,0.539310872554779,0.7207850217819214,0.6204095482826233,0.576036810874939,0.7180930972099304,0.6965779662132263,0.703050971031189,0.6401433944702148,0.774287760257721,0.669108510017395,0.6906155943870544,0.5916344523429871,0.7233843207359314,0.6897537708282471,0.831753671169281,0.5913944840431213,0.8965989351272583,0.0,0.0,0.0,0.0
person_nn_1328.jpg,0.38522085547447205,0.29147326946258545,0.39392170310020447,0.27334561944007874,0.0,0.0,0.42906221747398376,0.26050886511802673,0.0,0.0,0.4601791203022003,0.3607465922832489,0.4346371591091156,0.34477919340133667,0.4931339621543884,0.5117456316947937,0.0,0.0,0.4497280418872833,0.611175000667572,0.4288892149925232,0.5805274248123169,0.46428993344306946,0.6148443818092346,0.45162832736968994,0.6005910038948059,0.455847829580307,0.7669718861579895,0.462522029876709,0.7358101606369019,0.48216512799263,0.8937061429023743,0.49008598923683167,0.8512113690376282
person_nn_1329.jpg,0.6924099326133728,0.5441836714744568,0.0,0.0,0.6746410727500916,0.5281434655189514,0.0,0.0,0.6303699612617493,0.49593815207481384,0.7051365375518799,0.4855923056602478,0.5871233344078064,0.539310872554779,0.7207850217819214,0.6204095482826233,0.576036810874939,0.7180930972099304,0.6965779662132263,0.703050971031189,0.6401433944702148,0.774287760257721,0.669108510017395,0.6906155943870544,0.5916344523429871,0.7233843207359314,0.6897537708282471,0.831753671169281,0.5913944840431213,0.8965989351272583,0.0,0.0,0.0,0.0
person_nn_1330.jpg,0.37747901678085327,0.2946881055831909,0.3871845304965973,0.27453741431236267,0.3742448687553406,0.27369943261146545,0.42061400413513184,0.2620549201965332,0.0,0.0,0.452307790517807,0.3724497854709625,0.42882755398750305,0.3403819501399994,0.48661917448043823,0.5262067914009094,0.4451707601547241,0.45811599493026733,0.44509923458099365,0.6145749688148499,0.4189949929714203,0.5783944725990295,0.45254749059677124,0.6210510730743408,0.44274938106536865,0.5969357490539551,0.4422411024570465,0.7822299003601074,0.4686529040336609,0.7287237048149109,0.4567444622516632,0.9110032320022583,0.4930233955383301,0.848583459854126
person_nn_1331.jpg,0.6737958788871765,0.5496568083763123,0.6852571964263916,0.5293892025947571,0.6577622890472412,0.5317067503929138,0.0,0.0,0.6181017756462097,0.48195403814315796,0.7141695618629456,0.4867861568927765,0.5752358436584473,0.510819673538208,0.7219432592391968,0.6221728324890137,0.5561884641647339,0.6889172196388245,0.6878762245178223,0.689054012298584,0.603887677192688,0.7505682110786438,0.6819366812705994,0.7210378646850586,0.5889549851417542,0.734362781047821,0.7212193608283997,0.8512654304504395,0.5911454558372498,0.8698350787162781,0.0,0.0,0.5859342217445374,0.9539057612419128
person_nn_1332.jpg,0.36966750025749207,0.3038997948169708,0.3803572356700897,0.2855178117752075,0.3667115867137909,0.28137511014938354,0.4132886826992035,0.2746347188949585,0.0,0.0,0.44480761885643005,0.3849978744983673,0.41481807827949524,0.33660146594047546,0.47315099835395813,0.5370565056800842,0.4323294460773468,0.4369046986103058,0.4373307228088379,0.6251373291015625,0.0,0.0,0.4507092535495758,0.6167780756950378,0.4370442032814026,0.5870078802108765,0.4395771324634552,0.7782812118530273,0.46300798654556274,0.7166931629180908,0.4421006143093109,0.910126268863678,0.49018362164497375,0.8450801968574524
person_nn_1333.jpg,0.6677525639533997,0.5415719151496887,0.679911196231842,0.5236124396324158,0.6529577374458313,0.5221692323684692,0.0,0.0,0.6163398027420044,0.4703010618686676,0.705129086971283,0.4721251428127289,0.5725048780441284,0.48920974135398865,0.7174590826034546,0.6262733340263367,0.5479114651679993,0.6797126531600952,0.6705475449562073,0.6842909455299377,0.5941520929336548,0.743312656879425,0.6672670841217041,0.7082774639129639,0.5826446413993835,0.7173972725868225,0.6736201643943787,0.8830962181091309,0.5886850953102112,0.8991181254386902,0.0,0.0,0.0,0.0
person_nn_1334.jpg,0.36431756615638733,0.31359729170799255,0.3755424916744232,0.29362502694129944,0.3590078055858612,0.2924153506755829,0.4074757397174835,0.2831485867500305,0.0,0.0,0.43653982877731323,0.3964530825614929,0.40512770414352417,0.35779815912246704,0.46326154470443726,0.5461287498474121,0.4140819013118744,0.45975399017333984,0.43227583169937134,0.6360032558441162,0.0,0.0,0.44324159622192383,0.6264176964759827,0.4295428693294525,0.600934624671936,0.4311954975128174,0.7778027653694153,0.4567374885082245,0.7206900119781494,0.4381118416786194,0.9110411405563354,0.4856496751308441,0.8429369926452637
person_nn_1335.jpg,0.6599445343017578,0.5270205736160278,0.6749053001403809,0.5087776184082031,0.6458133459091187,0.5040482878684998,0.0,0.0,0.6099506616592407,0.45284077525138855,0.7002784609794617,0.4788403809070587,0.5632219314575195,0.4783710837364197,0.7068448066711426,0.6294005513191223,0.535963773727417,0.6451774835586548,0.66014564037323,0.6777299046516418,0.5802481770515442,0.7185280919075012,0.6607215404510498,0.674208402633667,0.5725194215774536,0.677592396736145,0.6765753626823425,0.8369681239128113,0.5667203664779663,0.8468852043151855,0.0,0.0,0.0,0.0
person_nn_1336.jpg,0.3530883193016052,0.3288991451263428,0.3648688495159149,0.30682986974716187,0.3477686941623688,0.305726557970047,0.39719659090042114,0.29359981417655945,0.0,0.0,0.422315388917923,0.4124927520751953,0.3881922662258148,0.3746047914028168,0.45448559522628784,0.5673704147338867,0.0,0.0,0.4211942255496979,0.6580877304077148,0.0,0.0,0.42078667879104614,0.652370810508728,0.40423113107681274,0.6295801401138306,0.41806745529174805,0.7864313125610352,0.4314686059951782,0.7416402697563171,0.43998029828071594,0.8970243334770203,0.47324416041374207,0.8552195429801941
person_nn_1337.jpg,0.6512061357498169,0.5163854956626892,0.6640035510063171,0.49425485730171204,0.6355098485946655,0.49358418583869934,0.0,0.0,0.5994635820388794,0.4495800733566284,0.6952844858169556,0.4789104163646698,0.5572661757469177,0.4764624536037445,0.6970899701118469,0.626847505569458,0.5257840752601624,0.6235485076904297,0.6459195017814636,0.6723776459693909,0.5547641515731812,0.7015882134437561,0.6584038138389587,0.7180715203285217,0.5658375024795532,0.7173913717269897,0.6676086783409119,0.8741830587387085,0.5457356572151184,0.8758098483085632,0.0,0.0,0.0,0.0
person_nn_1338.jpg,0.3530883193016052,0.3288991451263428,0.3648688495159149,0.30682986974716187,0.3477686941623688,0.305726557970047,0.39719659090042114,0.29359981417655945,0.0,0.0,0.422315388917923,0.4124927520751953,0.3881922662258148,0.3746047914028168,0.45448559522628784,0.5673704147338867,0.0,0.0,0.4211942255496979,0.6580877304077148,0.0,0.0,0.42078667879104614,0.652370810508728,0.40423113107681274,0.6295801401138306,0.41806745529174805,0.7864313125610352,0.4314686059951782,0.7416402697563171,0.43998029828071594,0.8970243334770203,0.47324416041374207,0.8552195429801941
person_nn_1339.jpg,0.6512061357498169,0.5163854956626892,0.6640035510063171,0.49425485730171204,0.6355098485946655,0.49358418583869934,0.0,0.0,0.5994635820388794,0.4495800733566284,0.6952844858169556,0.4789104163646698,0.5572661757469177,0.4764624536037445,0.6970899701118469,0.626847505569458,0.5257840752601624,0.6235485076904297,0.6459195017814636,0.6723776459693909,0.5547641515731812,0.7015882134437561,0.6584038138389587,0.7180715203285217,0.5658375024795532,0.7173913717269897,0.6676086783409119,0.8741830587387085,0.5457356572151184,0.8758098483085632,0.0,0.0,0.0,0.0
person_nn_1340.jpg,0.34626567363739014,0.33428502082824707,0.3586746156215668,0.3119135797023773,0.34096434712409973,0.3115379512310028,0.3916042745113373,0.3004150390625,0.0,0.0,0.417542964220047,0.4167335331439972,0.3714926540851593,0.3807774484157562,0.44786232709884644,0.5714437365531921,0.0,0.0,0.4160238206386566,0.6603384017944336,0.0,0.0,0.4169834852218628,0.64984530210495,0.39158862829208374,0.6301727294921875,0.41753044724464417,0.7780312299728394,0.4137836694717407,0.7444599866867065,0.44098490476608276,0.880882978439331,0.4612663984298706,0.8543436527252197
person_nn_1341.jpg,0.6423940658569336,0.5137295722961426,0.6557076573371887,0.4922501742839813,0.6279205679893494,0.49064478278160095,0.0,0.0,0.5955836176872253,0.446186363697052,0.6855102181434631,0.46156245470046997,0.5549287796020508,0.4673877954483032,0.6909424066543579,0.6164349317550659,0.5228436589241028,0.6339017152786255,0.6422436237335205,0.671771228313446,0.5676949620246887,0.7010321021080017,0.6547133922576904,0.6697202324867249,0.5667060613632202,0.6743645071983337,0.6691237688064575,0.8462083339691162,0.5526754856109619,0.854343593120575,0.0,0.0,0.0,0.0
person_nn_1342.jpg,0.0,0.0,0.0,0.0,0.19451746344566345,0.7930635213851929,0.0,0.0,0.16256771981716156,0.8678258061408997,0.0,0.0,0.0,0.0,0.0,0.0,0.0,0.0,0.0,0.0,0.0,0.0,0.0,0.0,0.0,0.0,0.0,0.0,0.0,0.0,0.0,0.0,0.0,0.0
person_nn_1343.jpg,0.33446231484413147,0.34582480788230896,0.34651777148246765,0.32663702964782715,0.3299122750759125,0.32229095697402954,0.37897542119026184,0.3160470128059387,0.0,0.0,0.40965592861175537,0.4278564453125,0.35320863127708435,0.4009644389152527,0.439475953578949,0.5774182081222534,0.36369404196739197,0.5270715355873108,0.4040827751159668,0.6692062020301819,0.3579178750514984,0.6439446806907654,0.40698766708374023,0.6541063785552979,0.3746550977230072,0.6360955834388733,0.4050750136375427,0.7808822393417358,0.38881704211235046,0.7365633249282837,0.4377795159816742,0.8733768463134766,0.44777175784111023,0.8200621008872986
person_nn_1344.jpg,0.6226814985275269,0.5123497843742371,0.6387003064155579,0.49527281522750854,0.6100038290023804,0.4887501001358032,0.0,0.0,0.5845856070518494,0.440569669008255,0.6780475378036499,0.4618854224681854,0.5489435791969299,0.45674774050712585,0.6855981349945068,0.6069226861000061,0.5256204009056091,0.6142959594726562,0.6377467513084412,0.665070116519928,0.5559900403022766,0.6883903741836548,0.6500870585441589,0.6661995649337769,0.562338650226593,0.6636351943016052,0.6588239669799805,0.8572288155555725,0.5423022508621216,0.8549131155014038,0.0,0.0,0.0,0.0
person_nn_1345.jpg,0.0,0.0,0.0,0.0,0.1830744743347168,0.7808482646942139,0.0,0.0,0.15717902779579163,0.8541827201843262,0.0,0.0,0.18933779001235962,0.9755996465682983,0.0,0.0,0.0,0.0,0.0,0.0,0.0,0.0,0.0,0.0,0.0,0.0,0.0,0.0,0.0,0.0,0.0,0.0,0.0,0.0
person_nn_1346.jpg,0.3217191994190216,0.3600705862045288,0.33537814021110535,0.3386256992816925,0.315877765417099,0.33326417207717896,0.36857765913009644,0.32465222477912903,0.0,0.0,0.3961246907711029,0.4466673731803894,0.3442482352256775,0.39528489112854004,0.427859365940094,0.5989452600479126,0.0,0.0,0.3982848823070526,0.6830007433891296,0.0,0.0,0.3991391360759735,0.6753341555595398,0.3686816990375519,0.6452543139457703,0.40341565012931824,0.7984210848808289,0.37896400690078735,0.7383541464805603,0.4202934205532074,0.8992635011672974,0.4139481484889984,0.8360424041748047
person_nn_1347.jpg,0.6111077070236206,0.5060920715332031,0.6279832720756531,0.49012279510498047,0.5986731052398682,0.48235753178596497,0.6540672779083252,0.45189687609672546,0.0,0.0,0.6766143441200256,0.4569782614707947,0.545166015625,0.4498928189277649,0.6815130710601807,0.6123947501182556,0.5182870626449585,0.6166780591011047,0.6163259148597717,0.6700573563575745,0.5442184209823608,0.6969393491744995,0.642155110836029,0.6470496654510498,0.5547327399253845,0.6409854292869568,0.6419793367385864,0.8650753498077393,0.5407050251960754,0.8550384640693665,0.0,0.0,0.0,0.0
person_nn_1348.jpg,0.0,0.0,0.0,0.0,0.0,0.0,0.0,0.0,0.15977132320404053,0.8491882681846619,0.0,0.0,0.18923327326774597,0.9657310843467712,0.0,0.0,0.0,0.0,0.0,0.0,0.0,0.0,0.0,0.0,0.0,0.0,0.0,0.0,0.0,0.0,0.0,0.0,0.0,0.0
person_nn_1349.jpg,0.30771011114120483,0.372747004032135,0.320328950881958,0.35094738006591797,0.3025989830493927,0.3478803038597107,0.35311827063560486,0.3368532955646515,0.0,0.0,0.38405340909957886,0.4541915953159332,0.3273608982563019,0.40974584221839905,0.418836385011673,0.5940213799476624,0.33089956641197205,0.48242807388305664,0.3921099603176117,0.6806922554969788,0.31201043725013733,0.5680392384529114,0.3877578377723694,0.6737849712371826,0.351323664188385,0.6481444239616394,0.39608845114707947,0.8015170693397522,0.34267568588256836,0.7541674375534058,0.42221564054489136,0.9164426922798157,0.3743368089199066,0.8736802339553833
person_nn_1350.jpg,0.5913642644882202,0.5128422379493713,0.610367476940155,0.4995562732219696,0.5823376178741455,0.4870992600917816,0.6447492837905884,0.45900481939315796,0.0,0.0,0.6733565330505371,0.4640355408191681,0.5415536761283875,0.4380573630332947,0.6797987222671509,0.6248565316200256,0.5134061574935913,0.6013243794441223,0.611067533493042,0.684950590133667,0.5413020253181458,0.7043319940567017,0.6496540904045105,0.6562477350234985,0.5631148219108582,0.641808271408081,0.6510761976242065,0.8622550368309021,0.5517002940177917,0.8362521529197693,0.0,0.0,0.0,0.0
person_nn_1351.jpg,0.0,0.0,0.0,0.0,0.0,0.0,0.0,0.0,0.16186295449733734,0.8472697734832764,0.0,0.0,0.193857803940773,0.965059220790863,0.0,0.0,0.0,0.0,0.0,0.0,0.0,0.0,0.0,0.0,0.0,0.0,0.0,0.0,0.0,0.0,0.0,0.0,0.0,0.0
person_nn_1352.jpg,0.30771011114120483,0.372747004032135,0.320328950881958,0.35094738006591797,0.3025989830493927,0.3478803038597107,0.35311827063560486,0.3368532955646515,0.0,0.0,0.38405340909957886,0.4541915953159332,0.3273608982563019,0.40974584221839905,0.418836385011673,0.5940213799476624,0.33089956641197205,0.48242807388305664,0.3921099603176117,0.6806922554969788,0.31201043725013733,0.5680392384529114,0.3877578377723694,0.6737849712371826,0.351323664188385,0.6481444239616394,0.39608845114707947,0.8015170693397522,0.34267568588256836,0.7541674375534058,0.42221564054489136,0.9164426922798157,0.3743368089199066,0.8736802339553833
person_nn_1353.jpg,0.5913642644882202,0.5128422379493713,0.610367476940155,0.4995562732219696,0.5823376178741455,0.4870992600917816,0.6447492837905884,0.45900481939315796,0.0,0.0,0.6733565330505371,0.4640355408191681,0.5415536761283875,0.4380573630332947,0.6797987222671509,0.6248565316200256,0.5134061574935913,0.6013243794441223,0.611067533493042,0.684950590133667,0.5413020253181458,0.7043319940567017,0.6496540904045105,0.6562477350234985,0.5631148219108582,0.641808271408081,0.6510761976242065,0.8622550368309021,0.5517002940177917,0.8362521529197693,0.0,0.0,0.0,0.0
person_nn_1354.jpg,0.0,0.0,0.0,0.0,0.0,0.0,0.0,0.0,0.16186295449733734,0.8472697734832764,0.0,0.0,0.193857803940773,0.965059220790863,0.0,0.0,0.0,0.0,0.0,0.0,0.0,0.0,0.0,0.0,0.0,0.0,0.0,0.0,0.0,0.0,0.0,0.0,0.0,0.0
person_nn_1355.jpg,0.28693002462387085,0.3859389126300812,0.29830202460289,0.3647127151489258,0.28163009881973267,0.36542800068855286,0.33295029401779175,0.34994202852249146,0.0,0.0,0.3662908971309662,0.45950692892074585,0.30633601546287537,0.42537471652030945,0.4062213599681854,0.6026217341423035,0.3096545934677124,0.49813002347946167,0.39214861392974854,0.6828243732452393,0.2956852912902832,0.5939777493476868,0.37515920400619507,0.6741064190864563,0.3344389796257019,0.658132791519165,0.3928366005420685,0.8070486187934875,0.32180798053741455,0.784434974193573,0.419284462928772,0.913897693157196,0.33884698152542114,0.9085781574249268
person_nn_1356.jpg,0.5832726359367371,0.5208565592765808,0.6039820909500122,0.505995512008667,0.5748453736305237,0.49096226692199707,0.6420980095863342,0.47031861543655396,0.0,0.0,0.6717785596847534,0.4869581162929535,0.5385940670967102,0.4529280662536621,0.6742092370986938,0.6530725955963135,0.5121501684188843,0.6212229132652283,0.5991837382316589,0.6841505169868469,0.539501428604126,0.6999017000198364,0.647393524646759,0.6999848484992981,0.560593843460083,0.6802865266799927,0.643110990524292,0.9133191108703613,0.5552898645401001,0.8741944432258606,0.0,0.0,0.0,0.0
person_nn_1357.jpg,0.0,0.0,0.0,0.0,0.0,0.0,0.0,0.0,0.16745899617671967,0.8377673625946045,0.05816610902547836,0.9313560724258423,0.20058037340641022,0.9632430076599121,0.0,0.0,0.0,0.0,0.0,0.0,0.0,0.0,0.0,0.0,0.0,0.0,0.0,0.0,0.0,0.0,0.0,0.0,0.0,0.0
person_nn_1358.jpg,0.26419657468795776,0.4041813611984253,0.27611401677131653,0.380883127450943,0.25658097863197327,0.3833320736885071,0.31084778904914856,0.3602481186389923,0.0,0.0,0.34716880321502686,0.46654123067855835,0.28184744715690613,0.43441101908683777,0.3932107090950012,0.6071862578392029,0.2917141020298004,0.5051325559616089,0.3800702691078186,0.6900745630264282,0.27646031975746155,0.6031935214996338,0.3651476502418518,0.674771785736084,0.31959298253059387,0.6599689722061157,0.3845994174480438,0.8070726990699768,0.29985082149505615,0.7883804440498352,0.41396191716194153,0.9168172478675842,0.31592491269111633,0.9202286601066589
person_nn_1359.jpg,0.582556426525116,0.5357601642608643,0.6045407652854919,0.5220577716827393,0.5734076499938965,0.5052862763404846,0.64494788646698,0.48379990458488464,0.0,0.0,0.6688145995140076,0.49484938383102417,0.5389057993888855,0.4583052694797516,0.674318253993988,0.6623976230621338,0.5148494243621826,0.6309272646903992,0.5995773077011108,0.6854798793792725,0.548112154006958,0.6969868540763855,0.6410921216011047,0.7004538178443909,0.5580442547798157,0.680222749710083,0.6355720162391663,0.9126117825508118,0.5616928339004517,0.8741708397865295,0.0,0.0,0.0,0.0
person_nn_1360.jpg,0.0,0.0,0.0,0.0,0.0,0.0,0.0,0.0,0.17691561579704285,0.8278462886810303,0.06318847090005875,0.9296286106109619,0.20735178887844086,0.9628180861473083,0.0,0.0,0.0,0.0,0.0,0.0,0.0,0.0,0.0,0.0,0.0,0.0,0.0,0.0,0.0,0.0,0.0,0.0,0.0,0.0
person_nn_1361.jpg,0.24161085486412048,0.413080632686615,0.25253015756607056,0.39214640855789185,0.23461127281188965,0.394073486328125,0.28596168756484985,0.3715050518512726,0.0,0.0,0.3193749189376831,0.46386590600013733,0.2582451403141022,0.4368613660335541,0.37089115381240845,0.6032829880714417,0.2720836102962494,0.5082114338874817,0.36292746663093567,0.683388352394104,0.25710105895996094,0.6224731802940369,0.34156879782676697,0.6642943024635315,0.29821279644966125,0.6558787226676941,0.36575013399124146,0.808146595954895,0.2823231816291809,0.8051929473876953,0.4114673435688019,0.9068331718444824,0.3017641007900238,0.9349798560142517
person_nn_1362.jpg,0.5799749493598938,0.5407261848449707,0.6018533110618591,0.5280221700668335,0.5731643438339233,0.5105645060539246,0.6413268446922302,0.4935312271118164,0.0,0.0,0.6643441319465637,0.506305992603302,0.5424363017082214,0.4634641408920288,0.6719321012496948,0.6614774465560913,0.520125687122345,0.6213253736495972,0.6125806570053101,0.7039696574211121,0.5503977537155151,0.7049139738082886,0.6379956007003784,0.6529961824417114,0.5611429214477539,0.6293523907661438,0.6323063969612122,0.8209594488143921,0.5547825694084167,0.7764151096343994,0.6196275949478149,0.9616084694862366,0.5780966877937317,0.9237430095672607
person_nn_1363.jpg,0.0,0.0,0.0,0.0,0.0,0.0,0.0,0.0,0.18266460299491882,0.8342068195343018,0.07458411902189255,0.9047040939331055,0.19905158877372742,0.9562009572982788,0.0,0.0,0.0,0.0,0.0,0.0,0.0,0.0,0.0,0.0,0.0,0.0,0.0,0.0,0.0,0.0,0.0,0.0,0.0,0.0
person_nn_1364.jpg,0.21195167303085327,0.4138759672641754,0.2232796996831894,0.3946709930896759,0.20570848882198334,0.3934917151927948,0.25765082240104675,0.3823124170303345,0.0,0.0,0.2894922196865082,0.4729822278022766,0.22834663093090057,0.44782623648643494,0.34388670325279236,0.6220732927322388,0.0,0.0,0.32761430740356445,0.6798790693283081,0.0,0.0,0.3132714629173279,0.6678450107574463,0.27035728096961975,0.660936713218689,0.33923643827438354,0.8222208619117737,0.2668624818325043,0.81651771068573,0.4028659462928772,0.8995354175567627,0.29528677463531494,0.9223238229751587
person_nn_1365.jpg,0.5802994966506958,0.5596254467964172,0.6036370992660522,0.5483444333076477,0.5720418691635132,0.5283592343330383,0.6446073055267334,0.5114085674285889,0.0,0.0,0.664578914642334,0.5272257924079895,0.5372385382652283,0.47010889649391174,0.6683086156845093,0.6877298355102539,0.508284330368042,0.6180383563041687,0.5887666940689087,0.7076049447059631,0.5394805669784546,0.6913608908653259,0.6357766389846802,0.6997770667076111,0.5547890067100525,0.6701474785804749,0.6369350552558899,0.8668994307518005,0.5552784204483032,0.8126472234725952,0.0,0.0,0.0,0.0
person_nn_1366.jpg,0.18424426019191742,0.41504472494125366,0.19518902897834778,0.39400744438171387,0.0,0.0,0.22830384969711304,0.38174885511398315,0.0,0.0,0.2670210301876068,0.47147369384765625,0.19004909694194794,0.44775503873825073,0.31411516666412354,0.6317126750946045,0.0,0.0,0.2710038423538208,0.7127739191055298,0.0,0.0,0.2868801951408386,0.6559159159660339,0.2326180338859558,0.6466719508171082,0.2970677316188812,0.8547235131263733,0.21733520925045013,0.8441711068153381,0.3755479156970978,0.9064146876335144,0.2689347267150879,0.9150680303573608
person_nn_1367.jpg,0.582916796207428,0.5713998675346375,0.6025959253311157,0.5613966584205627,0.5739172697067261,0.546278178691864,0.6416743397712708,0.5169845819473267,0.0,0.0,0.6636159420013428,0.5392475128173828,0.5466004610061646,0.4678163528442383,0.6558034420013428,0.7132998704910278,0.5110927224159241,0.595075249671936,0.5808414220809937,0.7096639275550842,0.5371500849723816,0.6809651255607605,0.6274025440216064,0.7297448515892029,0.5520123243331909,0.6939064264297485,0.6254600882530212,0.8804554343223572,0.5549667477607727,0.8186112642288208,0.0,0.0,0.0,0.0
person_nn_1368.jpg,0.18424426019191742,0.41504472494125366,0.19518902897834778,0.39400744438171387,0.0,0.0,0.22830384969711304,0.38174885511398315,0.0,0.0,0.2670210301876068,0.47147369384765625,0.19004909694194794,0.44775503873825073,0.31411516666412354,0.6317126750946045,0.0,0.0,0.2710038423538208,0.7127739191055298,0.0,0.0,0.2868801951408386,0.6559159159660339,0.2326180338859558,0.6466719508171082,0.2970677316188812,0.8547235131263733,0.21733520925045013,0.8441711068153381,0.3755479156970978,0.9064146876335144,0.2689347267150879,0.9150680303573608
person_nn_1369.jpg,0.582916796207428,0.5713998675346375,0.6025959253311157,0.5613966584205627,0.5739172697067261,0.546278178691864,0.6416743397712708,0.5169845819473267,0.0,0.0,0.6636159420013428,0.5392475128173828,0.5466004610061646,0.4678163528442383,0.6558034420013428,0.7132998704910278,0.5110927224159241,0.595075249671936,0.5808414220809937,0.7096639275550842,0.5371500849723816,0.6809651255607605,0.6274025440216064,0.7297448515892029,0.5520123243331909,0.6939064264297485,0.6254600882530212,0.8804554343223572,0.5549667477607727,0.8186112642288208,0.0,0.0,0.0,0.0
person_nn_1370.jpg,0.5737943053245544,0.5689419507980347,0.595337986946106,0.5604066252708435,0.566990077495575,0.5408985018730164,0.6383981108665466,0.5199785232543945,0.0,0.0,0.6598783731460571,0.5362231135368347,0.5417951941490173,0.45989760756492615,0.6572326421737671,0.7160900235176086,0.5131121277809143,0.5986401438713074,0.5802222490310669,0.7090190052986145,0.5349093079566956,0.6874533891677856,0.6347653865814209,0.7081053256988525,0.5580598711967468,0.6728159189224243,0.6380300521850586,0.8826098442077637,0.5624984502792358,0.8266978859901428,0.0,0.0,0.0,0.0
person_nn_1371.jpg,0.5701916217803955,0.5727720856666565,0.5914318561553955,0.5627591609954834,0.5634090900421143,0.5460931658744812,0.6362565755844116,0.5179518461227417,0.0,0.0,0.6601500511169434,0.534233808517456,0.5402787327766418,0.4654548168182373,0.6553187370300293,0.7154958844184875,0.5105213522911072,0.6017221808433533,0.5793752670288086,0.7086979746818542,0.5372931957244873,0.6834908723831177,0.6316967010498047,0.7271094918251038,0.5539354085922241,0.6948418021202087,0.6335038542747498,0.8643255829811096,0.5472447872161865,0.8158268928527832,0.0,0.0,0.0,0.0
person_nn_1372.jpg,0.5656679272651672,0.5570794939994812,0.5868740081787109,0.5469879508018494,0.560939610004425,0.5276095271110535,0.6315428614616394,0.5178322196006775,0.0,0.0,0.6538424491882324,0.5482897162437439,0.5365132093429565,0.4758976101875305,0.654754638671875,0.727007269859314,0.5092102289199829,0.614331841468811,0.5748386383056641,0.7126202583312988,0.537226676940918,0.6874740123748779,0.6231687068939209,0.771395742893219,0.5443704128265381,0.737872302532196,0.6344782710075378,0.9362415671348572,0.5449191927909851,0.8860868215560913,0.0,0.0,0.0,0.0
person_nn_1373.jpg,0.0,0.0,0.0,0.0,0.0,0.0,0.0,0.0,0.27895882725715637,0.7757680416107178,0.17115634679794312,0.8734149932861328,0.2973423898220062,0.9452033638954163,0.0,0.0,0.0,0.0,0.0,0.0,0.0,0.0,0.0,0.0,0.0,0.0,0.0,0.0,0.0,0.0,0.0,0.0,0.0,0.0
person_nn_1374.jpg,0.14133046567440033,0.4650135338306427,0.15034370124340057,0.4340294301509857,0.12558528780937195,0.4435817003250122,0.1743420660495758,0.39932781457901,0.0,0.0,0.22698068618774414,0.4892783463001251,0.11932036280632019,0.4871860146522522,0.28513020277023315,0.6565061211585999,0.12048764526844025,0.6157251596450806,0.23500312864780426,0.7184953093528748,0.0,0.0,0.21791599690914154,0.6790798902511597,0.15365177392959595,0.6726180911064148,0.20703989267349243,0.7829962968826294,0.1558569073677063,0.7681189179420471,0.0,0.0,0.0,0.0
person_nn_1375.jpg,0.5630960464477539,0.5480937361717224,0.5838391184806824,0.535926878452301,0.5561985969543457,0.5211037993431091,0.6253100037574768,0.5015132427215576,0.0,0.0,0.6495393514633179,0.5292304158210754,0.5319961309432983,0.4684527516365051,0.6405318975448608,0.7134242057800293,0.5053771138191223,0.6202316284179688,0.5695332884788513,0.7226915955543518,0.5250849723815918,0.6958696246147156,0.6260789632797241,0.7663305997848511,0.5457339882850647,0.7356006503105164,0.6319102048873901,0.9475026726722717,0.5377328395843506,0.8971046209335327,0.0,0.0,0.0,0.0
person_nn_1376.jpg,0.14063560962677002,0.48096683621406555,0.1465386301279068,0.4465896189212799,0.12172151356935501,0.46279042959213257,0.1622716784477234,0.41453543305397034,0.09945860505104065,0.4528672397136688,0.21994006633758545,0.5165164470672607,0.11041491478681564,0.5308159589767456,0.29071128368377686,0.6764689087867737,0.11770214885473251,0.6603410840034485,0.0,0.0,0.092056043446064,0.7660431265830994,0.2192746102809906,0.7721154689788818,0.1541072130203247,0.7740252614021301,0.0,0.0,0.0,0.0,0.0,0.0,0.0,0.0
person_nn_1377.jpg,0.5630960464477539,0.5480937361717224,0.5838391184806824,0.535926878452301,0.5561985969543457,0.5211037993431091,0.6253100037574768,0.5015132427215576,0.0,0.0,0.6495393514633179,0.5292304158210754,0.5319961309432983,0.4684527516365051,0.6405318975448608,0.7134242057800293,0.5053771138191223,0.6202316284179688,0.5695332884788513,0.7226915955543518,0.5250849723815918,0.6958696246147156,0.6260789632797241,0.7663305997848511,0.5457339882850647,0.7356006503105164,0.6319102048873901,0.9475026726722717,0.5377328395843506,0.8971046209335327,0.0,0.0,0.0,0.0
person_nn_1378.jpg,0.14063560962677002,0.48096683621406555,0.1465386301279068,0.4465896189212799,0.12172151356935501,0.46279042959213257,0.1622716784477234,0.41453543305397034,0.09945860505104065,0.4528672397136688,0.21994006633758545,0.5165164470672607,0.11041491478681564,0.5308159589767456,0.29071128368377686,0.6764689087867737,0.11770214885473251,0.6603410840034485,0.0,0.0,0.092056043446064,0.7660431265830994,0.2192746102809906,0.7721154689788818,0.1541072130203247,0.7740252614021301,0.0,0.0,0.0,0.0,0.0,0.0,0.0,0.0
person_nn_1379.jpg,0.5525299310684204,0.5283538103103638,0.5730668306350708,0.5176011919975281,0.5469827651977539,0.5007368922233582,0.6091502904891968,0.4961594045162201,0.0,0.0,0.6342633962631226,0.5153693556785583,0.5210593342781067,0.46768924593925476,0.6314453482627869,0.6850275993347168,0.5036481618881226,0.6228696703910828,0.5603500008583069,0.74017333984375,0.5159335732460022,0.7005088925361633,0.6269699931144714,0.67794269323349,0.5494836568832397,0.6523581147193909,0.6283186674118042,0.878129243850708,0.5357307195663452,0.8344789743423462,0.0,0.0,0.0,0.0
person_nn_1380.jpg,0.13938182592391968,0.501348614692688,0.14403456449508667,0.4666426181793213,0.11871606856584549,0.4857901930809021,0.15987610816955566,0.432022362947464,0.09291378408670425,0.47857019305229187,0.22557848691940308,0.5450334548950195,0.09422338753938675,0.5692474246025085,0.2589593529701233,0.7491511702537537,0.09448952972888947,0.7376633286476135,0.0,0.0,0.08753151446580887,0.838202178478241,0.2269638627767563,0.816224992275238,0.14521488547325134,0.8211702704429626,0.0,0.0,0.0,0.0,0.0,0.0,0.0,0.0
person_nn_1381.jpg,0.0,0.0,0.0,0.0,0.0,0.0,0.0,0.0,0.29554080963134766,0.7462046146392822,0.1941552758216858,0.8517702221870422,0.31276726722717285,0.9264488816261292,0.0,0.0,0.0,0.0,0.0,0.0,0.0,0.0,0.0,0.0,0.0,0.0,0.0,0.0,0.0,0.0,0.0,0.0,0.0,0.0
person_nn_1382.jpg,0.0,0.0,0.0,0.0,0.0,0.0,0.0,0.0,0.3006815016269684,0.7214526534080505,0.19663122296333313,0.8124998807907104,0.3178865909576416,0.8908789157867432,0.0,0.0,0.0,0.0,0.0,0.0,0.0,0.0,0.0,0.0,0.0,0.0,0.0,0.0,0.0,0.0,0.0,0.0,0.0,0.0
person_nn_1383.jpg,0.5417363047599792,0.5138943195343018,0.5629554390907288,0.501725971698761,0.5365226864814758,0.48480355739593506,0.5990148782730103,0.48798710107803345,0.0,0.0,0.6258165240287781,0.5168808102607727,0.5079498291015625,0.47038328647613525,0.6196909546852112,0.6736490726470947,0.4890008568763733,0.6226388812065125,0.5528285503387451,0.7288251519203186,0.5111556053161621,0.7144982814788818,0.6132253408432007,0.6670374274253845,0.5342109203338623,0.6409748792648315,0.6092534065246582,0.8214567303657532,0.52231365442276,0.7718633413314819,0.0,0.0,0.0,0.0
person_nn_1384.jpg,0.13783517479896545,0.5119123458862305,0.14170560240745544,0.4768141806125641,0.11655343323945999,0.4992804527282715,0.15404459834098816,0.44980570673942566,0.08878552168607712,0.5024314522743225,0.198853000998497,0.5380297303199768,0.08642777800559998,0.5964508652687073,0.2547628581523895,0.6792982816696167,0.08257735520601273,0.7482054233551025,0.0,0.0,0.09235059469938278,0.8391843438148499,0.2115866094827652,0.8013535141944885,0.14104385673999786,0.8320237994194031,0.0,0.0,0.1561911702156067,0.9461055397987366,0.0,0.0,0.0,0.0
person_nn_1385.jpg,0.5318936109542847,0.5064150094985962,0.5525593757629395,0.4925616383552551,0.5272303819656372,0.47772008180618286,0.5884506702423096,0.4860456883907318,0.0,0.0,0.6164273619651794,0.5250356793403625,0.49328890442848206,0.4970753490924835,0.622338593006134,0.6924993991851807,0.4708523154258728,0.667923629283905,0.5586661100387573,0.7379286885261536,0.49783849716186523,0.7246001362800598,0.6080242991447449,0.74700528383255,0.5244079828262329,0.7332995533943176,0.61567622423172,0.9345134496688843,0.5272344350814819,0.9080774188041687,0.0,0.0,0.0,0.0
person_nn_1386.jpg,0.0,0.0,0.0,0.0,0.0,0.0,0.0,0.0,0.29702839255332947,0.706131637096405,0.21588203310966492,0.7842866778373718,0.3001212477684021,0.8772213459014893,0.0,0.0,0.0,0.0,0.0,0.0,0.0,0.0,0.0,0.0,0.0,0.0,0.0,0.0,0.0,0.0,0.0,0.0,0.0,0.0
person_nn_1387.jpg,0.13801780343055725,0.5289145708084106,0.14004626870155334,0.49419358372688293,0.1144140437245369,0.5192763209342957,0.0,0.0,0.08018100261688232,0.5247380137443542,0.18064427375793457,0.5451509952545166,0.07261505722999573,0.6003684401512146,0.0,0.0,0.06854335963726044,0.7440201044082642,0.0,0.0,0.06427495926618576,0.8517171740531921,0.18381594121456146,0.7887730598449707,0.1139836236834526,0.8197529911994934,0.0,0.0,0.0,0.0,0.0,0.0,0.0,0.0
person_nn_1388.jpg,0.5228956937789917,0.510422945022583,0.5461050271987915,0.4982873499393463,0.5194753408432007,0.4802016317844391,0.584551215171814,0.5012690424919128,0.0,0.0,0.6120938658714294,0.5607742071151733,0.4882008731365204,0.5000109076499939,0.6213048100471497,0.7249993085861206,0.45534375309944153,0.6319016218185425,0.5542564392089844,0.7519744038581848,0.47084474563598633,0.6894978880882263,0.6026923656463623,0.7785995006561279,0.5183774828910828,0.7484518885612488,0.6131236553192139,0.9413597583770752,0.5144612193107605,0.8870949149131775,0.0,0.0,0.0,0.0
person_nn_1389.jpg,0.5228956937789917,0.510422945022583,0.5461050271987915,0.4982873499393463,0.5194753408432007,0.4802016317844391,0.584551215171814,0.5012690424919128,0.0,0.0,0.6120938658714294,0.5607742071151733,0.4882008731365204,0.5000109076499939,0.6213048100471497,0.7249993085861206,0.45534375309944153,0.6319016218185425,0.5542564392089844,0.7519744038581848,0.47084474563598633,0.6894978880882263,0.6026923656463623,0.7785995006561279,0.5183774828910828,0.7484518885612488,0.6131236553192139,0.9413597583770752,0.5144612193107605,0.8870949149131775,0.0,0.0,0.0,0.0
person_nn_1390.jpg,0.5257483720779419,0.5295595526695251,0.5476166009902954,0.5153608322143555,0.5195978879928589,0.5006049275398254,0.584528923034668,0.5130172967910767,0.0,0.0,0.6094745993614197,0.5741540193557739,0.4816412925720215,0.5166857242584229,0.6181080341339111,0.7417319416999817,0.4432046711444855,0.6360306143760681,0.5444495677947998,0.7581272125244141,0.45339617133140564,0.6968469619750977,0.5899201035499573,0.7868692278862,0.5019849538803101,0.7600017189979553,0.6050833463668823,0.9597346186637878,0.4926607310771942,0.9190747141838074,0.0,0.0,0.0,0.0
person_nn_1391.jpg,0.0,0.0,0.0,0.0,0.0,0.0,0.0,0.0,0.29298484325408936,0.6246703863143921,0.2569422125816345,0.7320123910903931,0.28114020824432373,0.7712900638580322,0.0,0.0,0.0,0.0,0.0,0.0,0.0,0.0,0.0,0.0,0.0,0.0,0.0,0.0,0.0,0.0,0.0,0.0,0.0,0.0
person_nn_1392.jpg,0.12088415026664734,0.5778126120567322,0.12373567372560501,0.5393241047859192,0.09597346931695938,0.5628476738929749,0.13285931944847107,0.5119344592094421,0.06103154644370079,0.569118082523346,0.19605283439159393,0.6244244575500488,0.056987445801496506,0.6795285940170288,0.0,0.0,0.04482334479689598,0.853865385055542,0.0,0.0,0.0,0.0,0.0,0.0,0.0,0.0,0.0,0.0,0.0,0.0,0.0,0.0,0.0,0.0
person_nn_1393.jpg,0.525894820690155,0.562828779220581,0.5487809777259827,0.5456871390342712,0.5159521102905273,0.5310423970222473,0.5832310914993286,0.5348048210144043,0.5020436644554138,0.4992954432964325,0.6040605902671814,0.5976446866989136,0.4703105092048645,0.5504180788993835,0.6063780784606934,0.76566481590271,0.43342775106430054,0.693270742893219,0.5395637154579163,0.7829045057296753,0.4556824564933777,0.7438429594039917,0.5795862674713135,0.8731021881103516,0.4886137545108795,0.8494470119476318,0.0,0.0,0.0,0.0,0.0,0.0,0.0,0.0
person_nn_1394.jpg,0.11638776957988739,0.599983274936676,0.11661909520626068,0.5573300123214722,0.08786852657794952,0.5877834558486938,0.0,0.0,0.044835809618234634,0.5893548727035522,0.18690448999404907,0.6225022077560425,0.03539078310132027,0.6856105327606201,0.0,0.0,0.0354570709168911,0.8871153593063354,0.0,0.0,0.0,0.0,0.0,0.0,0.0,0.0,0.0,0.0,0.0,0.0,0.0,0.0,0.0,0.0
person_nn_1395.jpg,0.0,0.0,0.0,0.0,0.0,0.0,0.0,0.0,0.29583683609962463,0.5914523601531982,0.27430710196495056,0.7071337699890137,0.28331997990608215,0.7309749126434326,0.0,0.0,0.0,0.0,0.0,0.0,0.0,0.0,0.0,0.0,0.0,0.0,0.0,0.0,0.0,0.0,0.0,0.0,0.0,0.0
person_nn_1396.jpg,0.5249747037887573,0.5989137291908264,0.5453439950942993,0.5821659564971924,0.512864887714386,0.5695300698280334,0.5761598944664001,0.5606603622436523,0.4947563111782074,0.5323312878608704,0.60086590051651,0.612124502658844,0.46143606305122375,0.576133131980896,0.6086041331291199,0.7915272116661072,0.4265689551830292,0.7418162822723389,0.5393884181976318,0.8111118674278259,0.4701850116252899,0.7868421673774719,0.5762613415718079,0.8732350468635559,0.48424699902534485,0.854703962802887,0.0,0.0,0.0,0.0,0.0,0.0,0.0,0.0
person_nn_1397.jpg,0.0,0.0,0.0,0.0,0.0,0.0,0.0,0.0,0.2935122549533844,0.5657176375389099,0.26180386543273926,0.6900525093078613,0.2821648418903351,0.7087008357048035,0.0,0.0,0.31913697719573975,0.8937323093414307,0.0,0.0,0.0,0.0,0.0,0.0,0.0,0.0,0.0,0.0,0.0,0.0,0.0,0.0,0.0,0.0
person_nn_1398.jpg,0.10808800160884857,0.6109305620193481,0.10337880253791809,0.572295606136322,0.08139612525701523,0.6027655005455017,0.0,0.0,0.035985372960567474,0.621425211429596,0.1782180815935135,0.6460891366004944,0.026312312111258507,0.7202309966087341,0.0,0.0,0.0,0.0,0.0,0.0,0.0,0.0,0.0,0.0,0.0,0.0,0.0,0.0,0.0,0.0,0.0,0.0,0.0,0.0
person_nn_1399.jpg,0.5211272239685059,0.6428017020225525,0.5399308800697327,0.6258450746536255,0.5092211365699768,0.6163118481636047,0.5709064602851868,0.5954734086990356,0.49044740200042725,0.5732020139694214,0.5981888175010681,0.645144522190094,0.4614648222923279,0.5972693562507629,0.6027641892433167,0.8360350728034973,0.42825010418891907,0.7530202865600586,0.5393887758255005,0.8660459518432617,0.4675903022289276,0.8385422825813293,0.5665905475616455,0.8621023297309875,0.47597014904022217,0.8367496728897095,0.0,0.0,0.0,0.0,0.0,0.0,0.0,0.0
person_nn_1400.jpg,0.0,0.0,0.0,0.0,0.0,0.0,0.0,0.0,0.29348352551460266,0.5460811257362366,0.2521519958972931,0.6729846596717834,0.28795456886291504,0.6887205839157104,0.0,0.0,0.3370889723300934,0.8770645260810852,0.0,0.0,0.0,0.0,0.0,0.0,0.0,0.0,0.0,0.0,0.0,0.0,0.0,0.0,0.0,0.0
person_nn_1401.jpg,0.10248973220586777,0.6089608669281006,0.09278438240289688,0.579074501991272,0.07796267420053482,0.6065821051597595,0.0,0.0,0.03177861496806145,0.6532965302467346,0.15041933953762054,0.6870281100273132,0.039190907031297684,0.7587137222290039,0.0,0.0,0.0,0.0,0.0,0.0,0.0,0.0,0.0,0.0,0.0,0.0,0.0,0.0,0.0,0.0,0.0,0.0,0.0,0.0
person_nn_1402.jpg,0.5211272239685059,0.6428017020225525,0.5399308800697327,0.6258450746536255,0.5092211365699768,0.6163118481636047,0.5709064602851868,0.5954734086990356,0.49044740200042725,0.5732020139694214,0.5981888175010681,0.645144522190094,0.4614648222923279,0.5972693562507629,0.6027641892433167,0.8360350728034973,0.42825010418891907,0.7530202865600586,0.5393887758255005,0.8660459518432617,0.4675903022289276,0.8385422825813293,0.5665905475616455,0.8621023297309875,0.47597014904022217,0.8367496728897095,0.0,0.0,0.0,0.0,0.0,0.0,0.0,0.0
person_nn_1403.jpg,0.0,0.0,0.0,0.0,0.0,0.0,0.0,0.0,0.29348352551460266,0.5460811257362366,0.2521519958972931,0.6729846596717834,0.28795456886291504,0.6887205839157104,0.0,0.0,0.3370889723300934,0.8770645260810852,0.0,0.0,0.0,0.0,0.0,0.0,0.0,0.0,0.0,0.0,0.0,0.0,0.0,0.0,0.0,0.0
person_nn_1404.jpg,0.10248973220586777,0.6089608669281006,0.09278438240289688,0.579074501991272,0.07796267420053482,0.6065821051597595,0.0,0.0,0.03177861496806145,0.6532965302467346,0.15041933953762054,0.6870281100273132,0.039190907031297684,0.7587137222290039,0.0,0.0,0.0,0.0,0.0,0.0,0.0,0.0,0.0,0.0,0.0,0.0,0.0,0.0,0.0,0.0,0.0,0.0,0.0,0.0
person_nn_1405.jpg,0.0,0.0,0.0,0.0,0.0,0.0,0.0,0.0,0.3032445013523102,0.5329524874687195,0.25560998916625977,0.6395508050918579,0.28972601890563965,0.6949878334999084,0.0,0.0,0.31415805220603943,0.9120001196861267,0.0,0.0,0.0,0.0,0.0,0.0,0.0,0.0,0.0,0.0,0.0,0.0,0.0,0.0,0.0,0.0
person_nn_1406.jpg,0.09141092002391815,0.6112661957740784,0.07792329043149948,0.5868179798126221,0.07177700102329254,0.6105263233184814,0.0,0.0,0.02835254557430744,0.6686203479766846,0.11371420323848724,0.6776677966117859,0.03522487357258797,0.7899008393287659,0.0,0.0,0.0,0.0,0.0,0.0,0.0,0.0,0.0,0.0,0.0,0.0,0.0,0.0,0.0,0.0,0.0,0.0,0.0,0.0
person_nn_1407.jpg,0.507763683795929,0.6875796318054199,0.5283359289169312,0.6726484894752502,0.49503082036972046,0.6607468724250793,0.5674151182174683,0.6260787844657898,0.0,0.0,0.5965715646743774,0.65288245677948,0.45121997594833374,0.6030424237251282,0.5997529625892639,0.858157753944397,0.42476433515548706,0.780082643032074,0.5228938460350037,0.8879113793373108,0.4703318774700165,0.8571823239326477,0.5689722895622253,0.8672803640365601,0.4726411998271942,0.8411028981208801,0.0,0.0,0.0,0.0,0.0,0.0,0.0,0.0
person_nn_1408.jpg,0.0,0.0,0.0,0.0,0.0,0.0,0.0,0.0,0.31128522753715515,0.5252749919891357,0.25444531440734863,0.6262593865394592,0.30037230253219604,0.6823657751083374,0.0,0.0,0.32995980978012085,0.8784913420677185,0.0,0.0,0.0,0.0,0.0,0.0,0.31479644775390625,0.9808192849159241,0.0,0.0,0.0,0.0,0.0,0.0,0.0,0.0
person_nn_1409.jpg,0.49835288524627686,0.714856743812561,0.5193236470222473,0.7011422514915466,0.4851941168308258,0.6870311498641968,0.5596866607666016,0.6486523151397705,0.0,0.0,0.5943096876144409,0.6742824912071228,0.44002988934516907,0.6138629913330078,0.593440592288971,0.892225980758667,0.4141312539577484,0.7977616786956787,0.5097463726997375,0.9140472412109375,0.45606592297554016,0.8866339921951294,0.5611124038696289,0.8875958323478699,0.45883649587631226,0.85409015417099,0.0,0.0,0.0,0.0,0.0,0.0,0.0,0.0
person_nn_1410.jpg,0.07559913396835327,0.6103781461715698,0.06507361680269241,0.5890290141105652,0.05669431388378143,0.609204888343811,0.0,0.0,0.026486223563551903,0.6590887308120728,0.10639902204275131,0.699590802192688,0.07147520780563354,0.756183385848999,0.0,0.0,0.0,0.0,0.0,0.0,0.0,0.0,0.0,0.0,0.0,0.0,0.0,0.0,0.0,0.0,0.0,0.0,0.0,0.0
person_nn_1411.jpg,0.0,0.0,0.0,0.0,0.0,0.0,0.0,0.0,0.31926363706588745,0.5116281509399414,0.2600022554397583,0.6029210686683655,0.30564749240875244,0.6793684959411621,0.0,0.0,0.3292511999607086,0.8846238255500793,0.0,0.0,0.0,0.0,0.0,0.0,0.0,0.0,0.0,0.0,0.0,0.0,0.0,0.0,0.0,0.0
person_nn_1412.jpg,0.06734493374824524,0.6194067001342773,0.0,0.0,0.048250239342451096,0.616908073425293,0.0,0.0,0.012177687138319016,0.6660210490226746,0.09437081217765808,0.6868689656257629,0.0,0.0,0.15942256152629852,0.8245809674263,0.0,0.0,0.0,0.0,0.0,0.0,0.0,0.0,0.0,0.0,0.0,0.0,0.0,0.0,0.0,0.0,0.0,0.0
person_nn_1413.jpg,0.48620912432670593,0.7439234256744385,0.5092605352401733,0.7275888919830322,0.4741470515727997,0.7129772305488586,0.5524799227714539,0.6871505975723267,0.0,0.0,0.5828242301940918,0.7170330286026001,0.4326290190219879,0.6542705297470093,0.5770456194877625,0.9274051785469055,0.4184788465499878,0.8315351009368896,0.5000682473182678,0.9507822394371033,0.4307159185409546,0.9115228056907654,0.549872636795044,0.9182815551757812,0.448170930147171,0.8847658038139343,0.0,0.0,0.0,0.0,0.0,0.0,0.0,0.0
person_nn_1414.jpg,0.0,0.0,0.0,0.0,0.0,0.0,0.0,0.0,0.3267909288406372,0.4958966076374054,0.2611704468727112,0.5857483744621277,0.3138112425804138,0.6604359149932861,0.0,0.0,0.3281387984752655,0.8692471385002136,0.0,0.0,0.0,0.0,0.0,0.0,0.0,0.0,0.0,0.0,0.0,0.0,0.0,0.0,0.0,0.0
person_nn_1415.jpg,0.4774349331855774,0.7723016142845154,0.5002320408821106,0.7521559000015259,0.46225160360336304,0.7425910234451294,0.5418596863746643,0.7130722403526306,0.0,0.0,0.5759581327438354,0.7693171501159668,0.4181962013244629,0.7197265028953552,0.5798379778862,0.9682937860488892,0.39703577756881714,0.8826901316642761,0.0,0.0,0.4056265950202942,0.9477877616882324,0.0,0.0,0.0,0.0,0.0,0.0,0.0,0.0,0.0,0.0,0.0,0.0
person_nn_1416.jpg,0.0518714115023613,0.6177001595497131,0.0,0.0,0.0,0.0,0.0,0.0,0.0,0.0,0.09162119030952454,0.7104889154434204,0.0,0.0,0.0,0.0,0.0,0.0,0.0,0.0,0.0,0.0,0.0,0.0,0.0,0.0,0.0,0.0,0.0,0.0,0.0,0.0,0.0,0.0
person_nn_1417.jpg,0.4564177393913269,0.8012170195579529,0.4766318202018738,0.7816987037658691,0.44334566593170166,0.7724284529685974,0.518225371837616,0.747496485710144,0.0,0.0,0.5612916946411133,0.8094342350959778,0.4105915427207947,0.7591111063957214,0.0,0.0,0.0,0.0,0.0,0.0,0.0,0.0,0.0,0.0,0.0,0.0,0.0,0.0,0.0,0.0,0.0,0.0,0.0,0.0
person_nn_1418.jpg,0.0,0.0,0.0,0.0,0.0,0.0,0.0,0.0,0.3337000608444214,0.4703325927257538,0.26298394799232483,0.5692812204360962,0.32320496439933777,0.5941805243492126,0.0,0.0,0.0,0.0,0.0,0.0,0.0,0.0,0.29400548338890076,0.8664723634719849,0.33334264159202576,0.8857505321502686,0.0,0.0,0.0,0.0,0.0,0.0,0.0,0.0
person_nn_1419.jpg,0.04013475030660629,0.5960517525672913,0.0,0.0,0.0,0.0,0.0,0.0,0.0,0.0,0.0837283805012703,0.7041447758674622,0.0,0.0,0.14580082893371582,0.8839737176895142,0.0,0.0,0.0,0.0,0.0,0.0,0.0,0.0,0.0,0.0,0.0,0.0,0.0,0.0,0.0,0.0,0.0,0.0
person_nn_1420.jpg,0.4564177393913269,0.8012170195579529,0.4766318202018738,0.7816987037658691,0.44334566593170166,0.7724284529685974,0.518225371837616,0.747496485710144,0.0,0.0,0.5612916946411133,0.8094342350959778,0.4105915427207947,0.7591111063957214,0.0,0.0,0.0,0.0,0.0,0.0,0.0,0.0,0.0,0.0,0.0,0.0,0.0,0.0,0.0,0.0,0.0,0.0,0.0,0.0
person_nn_1421.jpg,0.0,0.0,0.0,0.0,0.0,0.0,0.0,0.0,0.3337000608444214,0.4703325927257538,0.26298394799232483,0.5692812204360962,0.32320496439933777,0.5941805243492126,0.0,0.0,0.0,0.0,0.0,0.0,0.0,0.0,0.29400548338890076,0.8664723634719849,0.33334264159202576,0.8857505321502686,0.0,0.0,0.0,0.0,0.0,0.0,0.0,0.0
person_nn_1422.jpg,0.04013475030660629,0.5960517525672913,0.0,0.0,0.0,0.0,0.0,0.0,0.0,0.0,0.0837283805012703,0.7041447758674622,0.0,0.0,0.14580082893371582,0.8839737176895142,0.0,0.0,0.0,0.0,0.0,0.0,0.0,0.0,0.0,0.0,0.0,0.0,0.0,0.0,0.0,0.0,0.0,0.0
person_nn_1423.jpg,0.42292773723602295,0.848771333694458,0.4470328390598297,0.8243265748023987,0.4107455909252167,0.8159061074256897,0.4963366389274597,0.8043341040611267,0.0,0.0,0.5457543730735779,0.8701318502426147,0.3767315149307251,0.8243518471717834,0.0,0.0,0.0,0.0,0.0,0.0,0.0,0.0,0.0,0.0,0.0,0.0,0.0,0.0,0.0,0.0,0.0,0.0,0.0,0.0
person_nn_1424.jpg,0.0,0.0,0.0,0.0,0.0,0.0,0.0,0.0,0.34014052152633667,0.45467111468315125,0.25876158475875854,0.5412476658821106,0.341982364654541,0.5659077167510986,0.0,0.0,0.0,0.0,0.0,0.0,0.0,0.0,0.2758912444114685,0.8409755229949951,0.3311491906642914,0.857109785079956,0.0,0.0,0.0,0.0,0.0,0.0,0.0,0.0
person_nn_1425.jpg,0.0,0.0,0.0,0.0,0.0,0.0,0.0,0.0,0.3392314910888672,0.43255630135536194,0.25497886538505554,0.5243998765945435,0.3435441255569458,0.5585705637931824,0.0,0.0,0.37514248490333557,0.7166144251823425,0.0,0.0,0.0,0.0,0.27205565571784973,0.8294368982315063,0.33264511823654175,0.8514499664306641,0.0,0.0,0.0,0.0,0.0,0.0,0.0,0.0
person_nn_1426.jpg,0.0,0.0,0.0,0.0,0.0,0.0,0.0,0.0,0.3323146402835846,0.41629141569137573,0.24276666343212128,0.5236605405807495,0.35567614436149597,0.5379731059074402,0.0,0.0,0.3794628381729126,0.7086681723594666,0.0,0.0,0.0,0.0,0.0,0.0,0.0,0.0,0.0,0.0,0.0,0.0,0.0,0.0,0.0,0.0
person_nn_1427.jpg,0.0,0.0,0.0,0.0,0.0,0.0,0.2660794258117676,0.39502158761024475,0.3240901827812195,0.39592695236206055,0.23674854636192322,0.5119724273681641,0.36091098189353943,0.5243306756019592,0.0,0.0,0.3790086507797241,0.7040391564369202,0.0,0.0,0.0,0.0,0.2612675726413727,0.804053544998169,0.34831714630126953,0.8100489974021912,0.0,0.0,0.0,0.0,0.0,0.0,0.0,0.0
person_nn_1428.jpg,0.0,0.0,0.0,0.0,0.0,0.0,0.2660794258117676,0.39502158761024475,0.3240901827812195,0.39592695236206055,0.23674854636192322,0.5119724273681641,0.36091098189353943,0.5243306756019592,0.0,0.0,0.3790086507797241,0.7040391564369202,0.0,0.0,0.0,0.0,0.2612675726413727,0.804053544998169,0.34831714630126953,0.8100489974021912,0.0,0.0,0.0,0.0,0.0,0.0,0.0,0.0
person_nn_1429.jpg,0.0,0.0,0.0,0.0,0.0,0.0,0.2571219801902771,0.39290758967399597,0.31387749314308167,0.38988104462623596,0.23004713654518127,0.516079306602478,0.3491426408290863,0.5125955939292908,0.22518543899059296,0.6858328580856323,0.38134437799453735,0.6929271221160889,0.0,0.0,0.39341455698013306,0.8147311210632324,0.25882837176322937,0.815361738204956,0.3431532382965088,0.816286027431488,0.0,0.0,0.0,0.0,0.0,0.0,0.0,0.0
person_nn_1430.jpg,0.0,0.0,0.0,0.0,0.0,0.0,0.24504396319389343,0.39282330870628357,0.2995152473449707,0.38367968797683716,0.22925271093845367,0.5092289447784424,0.33410242199897766,0.49343499541282654,0.2244766652584076,0.6687361598014832,0.37590929865837097,0.6505992412567139,0.25290900468826294,0.7152395844459534,0.406272828578949,0.7578173875808716,0.2774186134338379,0.7743903994560242,0.3452059030532837,0.7768457531929016,0.0,0.0,0.0,0.0,0.0,0.0,0.0,0.0
person_nn_1431.jpg,0.0,0.0,0.0,0.0,0.0,0.0,0.2317166030406952,0.38847315311431885,0.2825435698032379,0.3807612955570221,0.21869195997714996,0.502826988697052,0.322724312543869,0.4889822006225586,0.21237991750240326,0.6467695832252502,0.3698594570159912,0.6337212920188904,0.23815147578716278,0.7119366526603699,0.4081370234489441,0.7272889614105225,0.26986125111579895,0.7457891702651978,0.33814170956611633,0.7445933818817139,0.29466140270233154,0.8843896389007568,0.3570667803287506,0.8788896799087524,0.0,0.0,0.0,0.0
person_nn_1432.jpg,0.0,0.0,0.0,0.0,0.0,0.0,0.21424292027950287,0.38679036498069763,0.2659335732460022,0.37703973054885864,0.20890921354293823,0.4978961646556854,0.30398398637771606,0.47479376196861267,0.20519651472568512,0.644486665725708,0.35689494013786316,0.6102267503738403,0.21639521420001984,0.7076549530029297,0.4006888270378113,0.7053399682044983,0.2662891149520874,0.7238549590110779,0.3284536898136139,0.7197218537330627,0.2917248606681824,0.8650646805763245,0.3483997583389282,0.858337938785553,0.3242023289203644,0.9619083404541016,0.37048786878585815,0.9728215336799622
person_nn_1433.jpg,0.0,0.0,0.0,0.0,0.0,0.0,0.21424292027950287,0.38679036498069763,0.2659335732460022,0.37703973054885864,0.20890921354293823,0.4978961646556854,0.30398398637771606,0.47479376196861267,0.20519651472568512,0.644486665725708,0.35689494013786316,0.6102267503738403,0.21639521420001984,0.7076549530029297,0.4006888270378113,0.7053399682044983,0.2662891149520874,0.7238549590110779,0.3284536898136139,0.7197218537330627,0.2917248606681824,0.8650646805763245,0.3483997583389282,0.858337938785553,0.3242023289203644,0.9619083404541016,0.37048786878585815,0.9728215336799622
person_nn_1434.jpg,0.0,0.0,0.0,0.0,0.0,0.0,0.202859029173851,0.39575430750846863,0.25467684864997864,0.3837055563926697,0.20028796792030334,0.5049841403961182,0.29579442739486694,0.472732812166214,0.19881531596183777,0.6532176733016968,0.348916232585907,0.5978171229362488,0.20820116996765137,0.7139237523078918,0.39296862483024597,0.6875866055488586,0.2566756308078766,0.7268213629722595,0.319954514503479,0.7184163928031921,0.2845076024532318,0.866149365901947,0.34839677810668945,0.8531121611595154,0.3159946799278259,0.9600493311882019,0.37208858132362366,0.9655512571334839
person_nn_1435.jpg,0.0,0.0,0.0,0.0,0.0,0.0,0.18939761817455292,0.4009656608104706,0.24431756138801575,0.3897438049316406,0.19246046245098114,0.5119783282279968,0.2859320044517517,0.47919198870658875,0.1936892420053482,0.6585657596588135,0.3402511179447174,0.5997024774551392,0.20972388982772827,0.7184759378433228,0.3826604187488556,0.6882461309432983,0.25431469082832336,0.7263792753219604,0.31698310375213623,0.7161815762519836,0.2809430658817291,0.8616478443145752,0.33960801362991333,0.8383597135543823,0.30880802869796753,0.9723436236381531,0.3687700927257538,0.9599753618240356
person_nn_1436.jpg,0.0,0.0,0.0,0.0,0.0,0.0,0.17767268419265747,0.4081061780452728,0.0,0.0,0.1807927042245865,0.5179198980331421,0.27730393409729004,0.47008082270622253,0.19090186059474945,0.6751731634140015,0.3333143889904022,0.5943092107772827,0.20595349371433258,0.7241504788398743,0.3776092231273651,0.6795082688331604,0.24324554204940796,0.7404904961585999,0.3063715696334839,0.7218061685562134,0.27657178044319153,0.872004508972168,0.33420366048812866,0.8318449854850769,0.31098049879074097,0.981113612651825,0.35536783933639526,0.9523155689239502
person_nn_1437.jpg,0.0,0.0,0.0,0.0,0.0,0.0,0.17828461527824402,0.4186639189720154,0.0,0.0,0.18046338856220245,0.517069935798645,0.2733689248561859,0.4650692641735077,0.18822255730628967,0.6705521941184998,0.3310687839984894,0.5923020243644714,0.2010522335767746,0.7268293499946594,0.372646301984787,0.6774188876152039,0.2453109622001648,0.740965723991394,0.3053644299507141,0.7179666757583618,0.26787224411964417,0.8780601024627686,0.3260147273540497,0.829689621925354,0.3072323203086853,0.9950603246688843,0.35007166862487793,0.9536433815956116
person_nn_1438.jpg,0.0,0.0,0.0,0.0,0.0,0.0,0.1724143922328949,0.42228561639785767,0.0,0.0,0.17776371538639069,0.5197224617004395,0.27147936820983887,0.47061702609062195,0.17655672132968903,0.6731172204017639,0.32754161953926086,0.5894779562950134,0.0,0.0,0.36682164669036865,0.675238847732544,0.24145253002643585,0.7412778735160828,0.3027753233909607,0.7221996784210205,0.2670193612575531,0.8821955323219299,0.3214246332645416,0.8432339429855347,0.3088141083717346,0.9831817746162415,0.35286226868629456,0.9517980217933655
person_nn_1439.jpg,0.0,0.0,0.0,0.0,0.0,0.0,0.1724143922328949,0.42228561639785767,0.0,0.0,0.17776371538639069,0.5197224617004395,0.27147936820983887,0.47061702609062195,0.17655672132968903,0.6731172204017639,0.32754161953926086,0.5894779562950134,0.0,0.0,0.36682164669036865,0.675238847732544,0.24145253002643585,0.7412778735160828,0.3027753233909607,0.7221996784210205,0.2670193612575531,0.8821955323219299,0.3214246332645416,0.8432339429855347,0.3088141083717346,0.9831817746162415,0.35286226868629456,0.9517980217933655
person_nn_1440.jpg,0.0,0.0,0.0,0.0,0.0,0.0,0.16703537106513977,0.42630520462989807,0.0,0.0,0.17525030672550201,0.5203311443328857,0.266563355922699,0.46106573939323425,0.0,0.0,0.3247138559818268,0.5803704261779785,0.0,0.0,0.36277228593826294,0.6730496287345886,0.23896269500255585,0.7439914345741272,0.29796600341796875,0.7188323140144348,0.2694271206855774,0.8938407301902771,0.32113826274871826,0.8390018343925476,0.31151124835014343,0.9929919242858887,0.35577917098999023,0.945522665977478
person_nn_1441.jpg,0.08054231852293015,0.674341082572937,0.0,0.0,0.05876452848315239,0.6748723983764648,0.0,0.0,0.016456764191389084,0.7396656274795532,0.10406467318534851,0.7424608469009399,0.0,0.0,0.0,0.0,0.0,0.0,0.0,0.0,0.0,0.0,0.0,0.0,0.0,0.0,0.0,0.0,0.0,0.0,0.0,0.0,0.0,0.0
person_nn_1442.jpg,0.0,0.0,0.0,0.0,0.0,0.0,0.0,0.0,0.0,0.0,0.1688213050365448,0.5303755402565002,0.2684832215309143,0.46435627341270447,0.0,0.0,0.3283673822879791,0.5868704319000244,0.0,0.0,0.3636879622936249,0.6704686284065247,0.23845534026622772,0.7642958164215088,0.30448010563850403,0.7322899103164673,0.2562597990036011,0.8956208229064941,0.3239792287349701,0.8260402679443359,0.0,0.0,0.3527977764606476,0.932905912399292
person_nn_1443.jpg,0.0,0.0,0.0,0.0,0.0,0.0,0.1618896871805191,0.4331962466239929,0.0,0.0,0.17273879051208496,0.5273688435554504,0.26523324847221375,0.46824926137924194,0.1771210879087448,0.687089741230011,0.3242435157299042,0.5930963158607483,0.0,0.0,0.3588019013404846,0.673291027545929,0.2381405085325241,0.7607820630073547,0.2978226840496063,0.7343237400054932,0.2674931287765503,0.9235311150550842,0.3208945095539093,0.8636510968208313,0.0,0.0,0.3543233871459961,0.9427916407585144
person_nn_1444.jpg,0.0,0.0,0.0,0.0,0.0,0.0,0.15884341299533844,0.43685129284858704,0.0,0.0,0.1684754192829132,0.5299965143203735,0.2636604607105255,0.46553918719291687,0.17771479487419128,0.6900990009307861,0.32231876254081726,0.5847654938697815,0.0,0.0,0.3583085834980011,0.6739724278450012,0.23413480818271637,0.7558581829071045,0.2954171597957611,0.7278475165367126,0.26842474937438965,0.9168769121170044,0.32089123129844666,0.8550643920898438,0.0,0.0,0.3498269021511078,0.9427707195281982
person_nn_1445.jpg,0.0,0.0,0.0,0.0,0.0,0.0,0.15884341299533844,0.43685129284858704,0.0,0.0,0.1684754192829132,0.5299965143203735,0.2636604607105255,0.46553918719291687,0.17771479487419128,0.6900990009307861,0.32231876254081726,0.5847654938697815,0.0,0.0,0.3583085834980011,0.6739724278450012,0.23413480818271637,0.7558581829071045,0.2954171597957611,0.7278475165367126,0.26842474937438965,0.9168769121170044,0.32089123129844666,0.8550643920898438,0.0,0.0,0.3498269021511078,0.9427707195281982
person_nn_1446.jpg,0.0,0.0,0.0,0.0,0.0,0.0,0.1567925363779068,0.43688562512397766,0.0,0.0,0.1679711490869522,0.5303642749786377,0.26249533891677856,0.4645864963531494,0.0,0.0,0.3245325982570648,0.5824963450431824,0.0,0.0,0.3571782112121582,0.6713327765464783,0.23883594572544098,0.7564924359321594,0.29969507455825806,0.7266963124275208,0.26266199350357056,0.9096738696098328,0.31433025002479553,0.847182035446167,0.0,0.0,0.3528449237346649,0.9468470215797424
person_nn_1447.jpg,0.0,0.0,0.0,0.0,0.0,0.0,0.15829098224639893,0.43696457147598267,0.0,0.0,0.1684843748807907,0.5310183167457581,0.2656928598880768,0.4673885107040405,0.1800885796546936,0.6821557879447937,0.3256629407405853,0.5876656174659729,0.19117778539657593,0.7300143837928772,0.358364075422287,0.6670493483543396,0.23897899687290192,0.7690826058387756,0.30152246356010437,0.7389250993728638,0.2583419978618622,0.9153197407722473,0.32078635692596436,0.8534914255142212,0.0,0.0,0.0,0.0
person_nn_1448.jpg,0.12341977655887604,0.7471269965171814,0.10921268165111542,0.7059118747711182,0.09726063907146454,0.7395902276039124,0.0,0.0,0.03447357192635536,0.7853781580924988,0.15222370624542236,0.7789042592048645,0.018389450386166573,0.8934690356254578,0.0,0.0,0.0,0.0,0.0,0.0,0.0,0.0,0.0,0.0,0.0,0.0,0.0,0.0,0.0,0.0,0.0,0.0,0.0,0.0
person_nn_1449.jpg,0.0,0.0,0.0,0.0,0.0,0.0,0.0,0.0,0.0,0.0,0.16757924854755402,0.540026068687439,0.2635955810546875,0.4728468358516693,0.17528367042541504,0.6897271275520325,0.3266708254814148,0.5984078645706177,0.0,0.0,0.35691288113594055,0.6732212901115417,0.23519432544708252,0.7867100834846497,0.2970665991306305,0.7508692145347595,0.2510348856449127,0.945741593837738,0.31245917081832886,0.8593636155128479,0.0,0.0,0.0,0.0
person_nn_1450.jpg,0.0,0.0,0.0,0.0,0.0,0.0,0.0,0.0,0.0,0.0,0.16789095103740692,0.5323824286460876,0.2614913582801819,0.48472192883491516,0.17150796949863434,0.6818700432777405,0.3271695673465729,0.6114355325698853,0.17239750921726227,0.7366910576820374,0.35935527086257935,0.6762241721153259,0.24528543651103973,0.7887719869613647,0.30291643738746643,0.7674105167388916,0.0,0.0,0.32428449392318726,0.9330897927284241,0.0,0.0,0.0,0.0
person_nn_1451.jpg,0.0,0.0,0.0,0.0,0.0,0.0,0.0,0.0,0.0,0.0,0.16789095103740692,0.5323824286460876,0.2614913582801819,0.48472192883491516,0.17150796949863434,0.6818700432777405,0.3271695673465729,0.6114355325698853,0.17239750921726227,0.7366910576820374,0.35935527086257935,0.6762241721153259,0.24528543651103973,0.7887719869613647,0.30291643738746643,0.7674105167388916,0.0,0.0,0.32428449392318726,0.9330897927284241,0.0,0.0,0.0,0.0
person_nn_1452.jpg,0.0,0.0,0.0,0.0,0.0,0.0,0.16076597571372986,0.4595315158367157,0.0,0.0,0.1696610152721405,0.5569133758544922,0.2701776623725891,0.4833296239376068,0.18335798382759094,0.7190751433372498,0.3319624960422516,0.6061758995056152,0.18208613991737366,0.8028382658958435,0.3632025122642517,0.6826810240745544,0.23778949677944183,0.7928116321563721,0.3036414086818695,0.757476270198822,0.2470751404762268,0.9333505034446716,0.31081917881965637,0.8658219575881958,0.0,0.0,0.0,0.0
person_nn_1453.jpg,0.0,0.0,0.0,0.0,0.0,0.0,0.16386643052101135,0.4635811746120453,0.0,0.0,0.17453189194202423,0.5677446722984314,0.27192580699920654,0.4872238039970398,0.18986760079860687,0.7511301040649414,0.33631861209869385,0.604798436164856,0.18823499977588654,0.8012222051620483,0.36473411321640015,0.6951949596405029,0.24576105177402496,0.7974663376808167,0.30818822979927063,0.7664551138877869,0.0,0.0,0.32004719972610474,0.9107016921043396,0.0,0.0,0.0,0.0
person_nn_1454.jpg,0.08942826092243195,0.8972128033638,0.06843309104442596,0.8475376963615417,0.0,0.0,0.0,0.0,0.0,0.0,0.16238869726657867,0.8485379815101624,0.0,0.0,0.0,0.0,0.0,0.0,0.0,0.0,0.0,0.0,0.0,0.0,0.0,0.0,0.0,0.0,0.0,0.0,0.0,0.0,0.0,0.0
person_nn_1455.jpg,0.0,0.0,0.0,0.0,0.0,0.0,0.0,0.0,0.0,0.0,0.18473997712135315,0.5636150240898132,0.2847762405872345,0.5002360939979553,0.17807313799858093,0.7333438992500305,0.3356916904449463,0.6115297675132751,0.19189247488975525,0.7808941602706909,0.365570604801178,0.6991352438926697,0.24527224898338318,0.7737498879432678,0.306589275598526,0.752459704875946,0.28092092275619507,0.9296911358833313,0.31507134437561035,0.9032173752784729,0.0,0.0,0.0,0.0
person_nn_1456.jpg,0.0,0.0,0.0,0.0,0.0,0.0,0.18697766959667206,0.46069782972335815,0.0,0.0,0.18317601084709167,0.5654432773590088,0.2865588963031769,0.5025181174278259,0.1807839721441269,0.7500030994415283,0.3430408835411072,0.6315956711769104,0.1930088996887207,0.804416298866272,0.36656081676483154,0.7091129422187805,0.25010913610458374,0.8052743077278137,0.31303948163986206,0.7820909023284912,0.0,0.0,0.3237120509147644,0.9348082542419434,0.0,0.0,0.0,0.0
person_nn_1457.jpg,0.0,0.0,0.0,0.0,0.0,0.0,0.18708820641040802,0.4600051939487457,0.0,0.0,0.18289266526699066,0.5711506009101868,0.29173046350479126,0.5137158632278442,0.17895501852035522,0.7482489347457886,0.3440980613231659,0.6462036967277527,0.19617126882076263,0.7883777022361755,0.36850282549858093,0.7158716917037964,0.2500796318054199,0.8254324793815613,0.31709912419319153,0.8039571642875671,0.0,0.0,0.0,0.0,0.0,0.0,0.0,0.0
person_nn_1458.jpg,0.0,0.0,0.0,0.0,0.0,0.0,0.18708820641040802,0.4600051939487457,0.0,0.0,0.18289266526699066,0.5711506009101868,0.29173046350479126,0.5137158632278442,0.17895501852035522,0.7482489347457886,0.3440980613231659,0.6462036967277527,0.19617126882076263,0.7883777022361755,0.36850282549858093,0.7158716917037964,0.2500796318054199,0.8254324793815613,0.31709912419319153,0.8039571642875671,0.0,0.0,0.0,0.0,0.0,0.0,0.0,0.0
person_nn_1459.jpg,0.0,0.0,0.0,0.0,0.0,0.0,0.1881418526172638,0.46341466903686523,0.2359992414712906,0.4398174583911896,0.1834225058555603,0.586772620677948,0.29519855976104736,0.5206108689308167,0.18333233892917633,0.7770047783851624,0.3450830280780792,0.6585195660591125,0.19916002452373505,0.8129848837852478,0.3726929724216461,0.7468360662460327,0.2511124014854431,0.8325585722923279,0.32034432888031006,0.8095585703849792,0.0,0.0,0.0,0.0,0.0,0.0,0.0,0.0
person_nn_1460.jpg,0.0,0.0,0.0,0.0,0.0,0.0,0.18812933564186096,0.46844354271888733,0.23696310818195343,0.44631892442703247,0.1813257932662964,0.595639705657959,0.29575294256210327,0.5321143269538879,0.18224824965000153,0.7895646691322327,0.3450964093208313,0.6732065081596375,0.19734908640384674,0.8224591016769409,0.3727854788303375,0.7545915842056274,0.2427046000957489,0.8472933769226074,0.31657421588897705,0.8250006437301636,0.0,0.0,0.0,0.0,0.0,0.0,0.0,0.0
person_nn_1461.jpg,0.0,0.0,0.0,0.0,0.0,0.0,0.18741583824157715,0.47622445225715637,0.23478750884532928,0.45639169216156006,0.18244948983192444,0.5871616005897522,0.2912481129169464,0.5344909429550171,0.17491699755191803,0.7638280987739563,0.34383460879325867,0.6736583113670349,0.19064320623874664,0.8101651668548584,0.37160906195640564,0.7614918351173401,0.2372259497642517,0.8280411958694458,0.30837497115135193,0.8087905049324036,0.0,0.0,0.3173282742500305,0.9428237676620483,0.0,0.0,0.0,0.0
person_nn_1462.jpg,0.0,0.0,0.0,0.0,0.0,0.0,0.17926250398159027,0.4798338711261749,0.22622288763523102,0.4535241723060608,0.17150065302848816,0.6037847399711609,0.2852446436882019,0.5344932079315186,0.17149093747138977,0.7956975102424622,0.34090104699134827,0.671043336391449,0.19066476821899414,0.8139708638191223,0.36564093828201294,0.7603580355644226,0.2322651594877243,0.8286554217338562,0.3100774884223938,0.8058944940567017,0.0,0.0,0.3197920620441437,0.9463377594947815,0.0,0.0,0.0,0.0
person_nn_1463.jpg,0.0,0.0,0.0,0.0,0.0,0.0,0.17926250398159027,0.4798338711261749,0.22622288763523102,0.4535241723060608,0.17150065302848816,0.6037847399711609,0.2852446436882019,0.5344932079315186,0.17149093747138977,0.7956975102424622,0.34090104699134827,0.671043336391449,0.19066476821899414,0.8139708638191223,0.36564093828201294,0.7603580355644226,0.2322651594877243,0.8286554217338562,0.3100774884223938,0.8058944940567017,0.0,0.0,0.3197920620441437,0.9463377594947815,0.0,0.0,0.0,0.0
person_nn_1464.jpg,0.0,0.0,0.0,0.0,0.0,0.0,0.16075780987739563,0.4822540879249573,0.21740137040615082,0.45158976316452026,0.15782922506332397,0.6052645444869995,0.2731251120567322,0.5347340106964111,0.16781024634838104,0.7830913066864014,0.3329717516899109,0.6713958978652954,0.0,0.0,0.36486807465553284,0.7776331305503845,0.22442378103733063,0.8253442645072937,0.3052407205104828,0.7988061904907227,0.0,0.0,0.3191869556903839,0.9436026811599731,0.0,0.0,0.0,0.0
person_nn_1465.jpg,0.0,0.0,0.0,0.0,0.0,0.0,0.15195582807064056,0.49426859617233276,0.0,0.0,0.15426595509052277,0.6181883811950684,0.25674745440483093,0.542168140411377,0.1543046087026596,0.811176061630249,0.3189297020435333,0.6727700233459473,0.17310830950737,0.8323883414268494,0.3570498824119568,0.7751608490943909,0.22949697077274323,0.8381510972976685,0.3005770146846771,0.813951313495636,0.0,0.0,0.31340014934539795,0.9659894704818726,0.0,0.0,0.0,0.0
person_nn_1466.jpg,0.0,0.0,0.0,0.0,0.0,0.0,0.13586053252220154,0.49959325790405273,0.17988117039203644,0.47559019923210144,0.13433034718036652,0.6106260418891907,0.24538058042526245,0.5468211770057678,0.14139018952846527,0.7862721681594849,0.3057030439376831,0.6740569472312927,0.16629227995872498,0.8218179941177368,0.34416913986206055,0.771683931350708,0.20646454393863678,0.8432887196540833,0.2855721116065979,0.8203392624855042,0.0,0.0,0.0,0.0,0.0,0.0,0.0,0.0
person_nn_1467.jpg,0.0,0.0,0.0,0.0,0.0,0.0,0.1167173758149147,0.5098680853843689,0.0,0.0,0.11631786078214645,0.6083278656005859,0.22530560195446014,0.5497063994407654,0.12375587970018387,0.7746299505233765,0.2853480875492096,0.6717554926872253,0.14580275118350983,0.8226348757743835,0.32981473207473755,0.7608657479286194,0.18477872014045715,0.8244655132293701,0.261559396982193,0.8023494482040405,0.0,0.0,0.30392107367515564,0.9411577582359314,0.0,0.0,0.0,0.0
person_nn_1468.jpg,0.0,0.0,0.0,0.0,0.0,0.0,0.1167173758149147,0.5098680853843689,0.0,0.0,0.11631786078214645,0.6083278656005859,0.22530560195446014,0.5497063994407654,0.12375587970018387,0.7746299505233765,0.2853480875492096,0.6717554926872253,0.14580275118350983,0.8226348757743835,0.32981473207473755,0.7608657479286194,0.18477872014045715,0.8244655132293701,0.261559396982193,0.8023494482040405,0.0,0.0,0.30392107367515564,0.9411577582359314,0.0,0.0,0.0,0.0
person_nn_1469.jpg,0.0,0.0,0.0,0.0,0.0,0.0,0.09501759707927704,0.5307439565658569,0.15019389986991882,0.4947642982006073,0.10048861056566238,0.6249446868896484,0.20840296149253845,0.5488813519477844,0.11386821419000626,0.7967474460601807,0.273628294467926,0.6701884269714355,0.13283422589302063,0.8658340573310852,0.3132302761077881,0.7653847932815552,0.17637410759925842,0.8438534140586853,0.2522928714752197,0.812564492225647,0.0,0.0,0.2945484220981598,0.9343056082725525,0.0,0.0,0.0,0.0
person_nn_1470.jpg,0.0,0.0,0.0,0.0,0.0,0.0,0.09008529037237167,0.5300142168998718,0.0,0.0,0.09641198068857193,0.6294963359832764,0.19502253830432892,0.57149738073349,0.10281767696142197,0.7878589630126953,0.2569911777973175,0.6744914650917053,0.11663638055324554,0.8522712588310242,0.30169031023979187,0.7633116245269775,0.16871391236782074,0.829761803150177,0.23695506155490875,0.8109707236289978,0.18986204266548157,0.9804161787033081,0.2795727252960205,0.9468239545822144,0.0,0.0,0.0,0.0
person_nn_1471.jpg,0.0,0.0,0.0,0.0,0.0,0.0,0.0,0.0,0.15738725662231445,0.48069366812705994,0.08133260160684586,0.60619056224823,0.1871434450149536,0.5688013434410095,0.08166879415512085,0.7719149589538574,0.2446274310350418,0.6831312775611877,0.1005696952342987,0.8544501662254333,0.28948974609375,0.7623373866081238,0.1414736658334732,0.8423675298690796,0.2141488790512085,0.8305520415306091,0.17677371203899384,0.9783784747123718,0.27743256092071533,0.9381205439567566,0.0,0.0,0.0,0.0
person_nn_1472.jpg,0.0,0.0,0.0,0.0,0.0,0.0,0.0,0.0,0.15016885101795197,0.4860507845878601,0.06768199056386948,0.609161913394928,0.17873889207839966,0.5716546773910522,0.06819985806941986,0.7753188610076904,0.24323241412639618,0.6871359944343567,0.09437481313943863,0.8454825282096863,0.2816104292869568,0.7618443965911865,0.13090798258781433,0.8499671220779419,0.20690195262432098,0.8388455510139465,0.1704096794128418,0.963056743144989,0.2690045237541199,0.925188422203064,0.0,0.0,0.0,0.0
person_nn_1473.jpg,0.0,0.0,0.0,0.0,0.0,0.0,0.0,0.0,0.1452847272157669,0.48516830801963806,0.06280545890331268,0.6113576292991638,0.17099758982658386,0.5711073279380798,0.06067303195595741,0.7789404392242432,0.23509734869003296,0.6798194050788879,0.08853223919868469,0.8546077609062195,0.27622583508491516,0.7518412470817566,0.1287684589624405,0.8538360595703125,0.2005283236503601,0.8411436676979065,0.17356838285923004,0.9730257987976074,0.25402015447616577,0.9303942918777466,0.0,0.0,0.0,0.0
person_nn_1474.jpg,0.0,0.0,0.0,0.0,0.0,0.0,0.0,0.0,0.1452847272157669,0.48516830801963806,0.06280545890331268,0.6113576292991638,0.17099758982658386,0.5711073279380798,0.06067303195595741,0.7789404392242432,0.23509734869003296,0.6798194050788879,0.08853223919868469,0.8546077609062195,0.27622583508491516,0.7518412470817566,0.1287684589624405,0.8538360595703125,0.2005283236503601,0.8411436676979065,0.17356838285923004,0.9730257987976074,0.25402015447616577,0.9303942918777466,0.0,0.0,0.0,0.0
person_nn_1475.jpg,0.0,0.0,0.0,0.0,0.0,0.0,0.0,0.0,0.1473543345928192,0.49614623188972473,0.06696655601263046,0.6149335503578186,0.16936442255973816,0.579322874546051,0.06286495178937912,0.7771905660629272,0.22628143429756165,0.6774466037750244,0.09037049859762192,0.8569996356964111,0.26426249742507935,0.738362193107605,0.1273012012243271,0.8561481833457947,0.1952648013830185,0.8458753228187561,0.16963915526866913,0.9699479937553406,0.24363400042057037,0.9341716766357422,0.0,0.0,0.0,0.0
person_nn_1476.jpg,0.0,0.0,0.0,0.0,0.0,0.0,0.0,0.0,0.14280259609222412,0.4960974156856537,0.06436941027641296,0.6122944355010986,0.16735485196113586,0.5749111771583557,0.06041427701711655,0.7785465717315674,0.22276093065738678,0.6698315143585205,0.08546081185340881,0.8665797114372253,0.2609105110168457,0.7333422899246216,0.12455467134714127,0.8586958646774292,0.19330891966819763,0.8483334183692932,0.0,0.0,0.24893687665462494,0.929343044757843,0.0,0.0,0.0,0.0
person_nn_1477.jpg,0.0,0.0,0.0,0.0,0.0,0.0,0.0,0.0,0.14620205760002136,0.5050508379936218,0.06257972121238708,0.6177096366882324,0.16521523892879486,0.5695778131484985,0.060834214091300964,0.7938913702964783,0.21983198821544647,0.6651865839958191,0.08192554861307144,0.8795559406280518,0.2594093680381775,0.7420915365219116,0.12353508174419403,0.8719496726989746,0.19172365963459015,0.8576805591583252,0.0,0.0,0.24533912539482117,0.941638708114624,0.0,0.0,0.0,0.0
person_nn_1478.jpg,0.0,0.0,0.0,0.0,0.0,0.0,0.0,0.0,0.14496268332004547,0.5090427994728088,0.06073245778679848,0.6198282837867737,0.16407230496406555,0.5751868486404419,0.05922398343682289,0.8066762089729309,0.22313666343688965,0.679186224937439,0.0803975984454155,0.8946622610092163,0.25741127133369446,0.7322263121604919,0.12332423031330109,0.8770487308502197,0.19119392335414886,0.8644347190856934,0.0,0.0,0.24248100817203522,0.9502796530723572,0.0,0.0,0.0,0.0
person_nn_1479.jpg,0.0,0.0,0.0,0.0,0.0,0.0,0.0,0.0,0.14496268332004547,0.5090427994728088,0.06073245778679848,0.6198282837867737,0.16407230496406555,0.5751868486404419,0.05922398343682289,0.8066762089729309,0.22313666343688965,0.679186224937439,0.0803975984454155,0.8946622610092163,0.25741127133369446,0.7322263121604919,0.12332423031330109,0.8770487308502197,0.19119392335414886,0.8644347190856934,0.0,0.0,0.24248100817203522,0.9502796530723572,0.0,0.0,0.0,0.0
person_nn_1480.jpg,0.0,0.0,0.0,0.0,0.0,0.0,0.0,0.0,0.13720473647117615,0.505546510219574,0.04893319308757782,0.6458537578582764,0.15807396173477173,0.5630706548690796,0.06289397925138474,0.8568807244300842,0.21987885236740112,0.6659682989120483,0.09799835085868835,0.9149791598320007,0.2548011541366577,0.7348644733428955,0.12591366469860077,0.8917466998100281,0.19855810701847076,0.8666147589683533,0.0,0.0,0.24891702830791473,0.963980495929718,0.0,0.0,0.0,0.0
person_nn_1481.jpg,0.0,0.0,0.0,0.0,0.0,0.0,0.0,0.0,0.0,0.0,0.04346051067113876,0.6525217294692993,0.15479187667369843,0.558093786239624,0.06623516976833344,0.8633037209510803,0.2180449366569519,0.6654176712036133,0.09198971092700958,0.916968584060669,0.2519363760948181,0.7340551614761353,0.12426188588142395,0.8950529098510742,0.1989469826221466,0.8664238452911377,0.0,0.0,0.0,0.0,0.0,0.0,0.0,0.0
person_nn_1482.jpg,0.0,0.0,0.0,0.0,0.0,0.0,0.0,0.0,0.13873028755187988,0.488679438829422,0.052790697664022446,0.6452829241752625,0.1580134779214859,0.5814868807792664,0.06800872832536697,0.8531415462493896,0.21828240156173706,0.6793956160545349,0.09175974875688553,0.9111214280128479,0.25010356307029724,0.7390191555023193,0.11954133957624435,0.9034344553947449,0.19008855521678925,0.8880007863044739,0.168461412191391,1.0,0.23877736926078796,0.9700868725776672,0.0,0.0,0.0,0.0
person_nn_1483.jpg,0.0,0.0,0.0,0.0,0.0,0.0,0.0,0.0,0.1405470371246338,0.4836014211177826,0.050487253814935684,0.6387118101119995,0.1592719405889511,0.5766736268997192,0.05927885323762894,0.8464382290840149,0.2199007272720337,0.6925060749053955,0.09797963500022888,0.9150465130805969,0.260354220867157,0.7516970038414001,0.1160459965467453,0.8933300971984863,0.1891593337059021,0.8776572942733765,0.0,0.0,0.24243532121181488,0.9645221829414368,0.0,0.0,0.0,0.0
person_nn_1484.jpg,0.0,0.0,0.0,0.0,0.0,0.0,0.0,0.0,0.1405470371246338,0.4836014211177826,0.050487253814935684,0.6387118101119995,0.1592719405889511,0.5766736268997192,0.05927885323762894,0.8464382290840149,0.2199007272720337,0.6925060749053955,0.09797963500022888,0.9150465130805969,0.260354220867157,0.7516970038414001,0.1160459965467453,0.8933300971984863,0.1891593337059021,0.8776572942733765,0.0,0.0,0.24243532121181488,0.9645221829414368,0.0,0.0,0.0,0.0
person_nn_1485.jpg,0.0,0.0,0.0,0.0,0.0,0.0,0.0,0.0,0.14089883863925934,0.4819154441356659,0.04949426278471947,0.6416599750518799,0.15895403921604156,0.5756648182868958,0.060669589787721634,0.8529217839241028,0.21874970197677612,0.6926229596138,0.09874014556407928,0.9174254536628723,0.2563943862915039,0.7464959621429443,0.11807548999786377,0.8959404230117798,0.1917254626750946,0.8780083060264587,0.0,0.0,0.24272969365119934,0.9661068916320801,0.0,0.0,0.0,0.0
person_nn_1486.jpg,0.0,0.0,0.0,0.0,0.0,0.0,0.0,0.0,0.1389155238866806,0.48113566637039185,0.050793979316949844,0.6406606435775757,0.15794602036476135,0.5764443278312683,0.058908555656671524,0.8488546013832092,0.21779344975948334,0.6917030811309814,0.09653685986995697,0.9186930060386658,0.25761663913726807,0.7520449757575989,0.11603107303380966,0.8962411284446716,0.18824267387390137,0.8790614008903503,0.0,0.0,0.24388490617275238,0.9717997312545776,0.0,0.0,0.0,0.0
person_nn_1487.jpg,0.0,0.0,0.0,0.0,0.0,0.0,0.0,0.0,0.13971292972564697,0.4839692711830139,0.049555692821741104,0.6423678398132324,0.15811742842197418,0.5761362910270691,0.059720225632190704,0.8518891334533691,0.2172456979751587,0.691145658493042,0.10008849948644638,0.9158902764320374,0.25438258051872253,0.7422193288803101,0.11797461658716202,0.8954207301139832,0.19118176400661469,0.876695454120636,0.0,0.0,0.24041543900966644,0.9671524167060852,0.0,0.0,0.0,0.0
person_nn_1488.jpg,0.0,0.0,0.0,0.0,0.0,0.0,0.0,0.0,0.13813909888267517,0.4946610927581787,0.053458139300346375,0.6379904747009277,0.1612756848335266,0.5923698544502258,0.05736060068011284,0.8291285037994385,0.22249826788902283,0.699202299118042,0.09277302771806717,0.9031973481178284,0.2537997364997864,0.7450602650642395,0.11613095551729202,0.8912756443023682,0.18960735201835632,0.8782969117164612,0.15476183593273163,0.9818338751792908,0.23901225626468658,0.9510412812232971,0.0,0.0,0.0,0.0
person_nn_1489.jpg,0.0,0.0,0.0,0.0,0.0,0.0,0.0,0.0,0.13673368096351624,0.504040539264679,0.047947391867637634,0.6212549805641174,0.1615564525127411,0.5934196710586548,0.04934389516711235,0.7976705431938171,0.2217211127281189,0.7120514512062073,0.08400160819292068,0.8871042728424072,0.25767114758491516,0.7596974968910217,0.10609478503465652,0.8866344094276428,0.183854877948761,0.8810790181159973,0.0,0.0,0.24305731058120728,0.9344066381454468,0.0,0.0,0.0,0.0
person_nn_1490.jpg,0.0,0.0,0.0,0.0,0.0,0.0,0.0,0.0,0.13673368096351624,0.504040539264679,0.047947391867637634,0.6212549805641174,0.1615564525127411,0.5934196710586548,0.04934389516711235,0.7976705431938171,0.2217211127281189,0.7120514512062073,0.08400160819292068,0.8871042728424072,0.25767114758491516,0.7596974968910217,0.10609478503465652,0.8866344094276428,0.183854877948761,0.8810790181159973,0.0,0.0,0.24305731058120728,0.9344066381454468,0.0,0.0,0.0,0.0
person_nn_1491.jpg,0.0,0.0,0.0,0.0,0.0,0.0,0.0,0.0,0.13654278218746185,0.49933597445487976,0.04457724094390869,0.62301105260849,0.15217618644237518,0.593045711517334,0.04992486163973808,0.8111521005630493,0.21309499442577362,0.7156041264533997,0.08365049213171005,0.8890854716300964,0.25824597477912903,0.7806364893913269,0.11238135397434235,0.8789328932762146,0.18477913737297058,0.8768939971923828,0.15475322306156158,0.9441872239112854,0.2296646684408188,0.9266752004623413,0.0,0.0,0.0,0.0
person_nn_1492.jpg,0.0,0.0,0.0,0.0,0.0,0.0,0.0,0.0,0.0,0.0,0.05356854200363159,0.6290382146835327,0.15810509026050568,0.6085796356201172,0.0423128716647625,0.7813611626625061,0.2063961923122406,0.7296030521392822,0.07164204120635986,0.82928866147995,0.26049911975860596,0.794194221496582,0.12057403475046158,0.8672678470611572,0.18817263841629028,0.866533637046814,0.16545531153678894,0.9418477416038513,0.23671454191207886,0.9255843162536621,0.0,0.0,0.0,0.0
person_nn_1493.jpg,0.11821996420621872,0.48104339838027954,0.0,0.0,0.1070561558008194,0.46869146823883057,0.0,0.0,0.08311706781387329,0.5094851851463318,0.03539751470088959,0.6498157978057861,0.13022442162036896,0.631992518901825,0.05256674066185951,0.8256255984306335,0.20498709380626678,0.7711289525032043,0.0,0.0,0.25835978984832764,0.8186198472976685,0.12430078536272049,0.9069097638130188,0.1853770613670349,0.9118875861167908,0.0,0.0,0.2498624175786972,0.9335358738899231,0.0,0.0,0.0,0.0
person_nn_1494.jpg,0.1290145367383957,0.4925406277179718,0.0,0.0,0.11936242133378983,0.48130208253860474,0.0,0.0,0.08876777440309525,0.5239026546478271,0.037193723022937775,0.6406629681587219,0.12726421654224396,0.6620221734046936,0.0,0.0,0.20340822637081146,0.8095892071723938,0.0,0.0,0.25145143270492554,0.8591210842132568,0.0,0.0,0.17599497735500336,0.9303208589553833,0.0,0.0,0.0,0.0,0.0,0.0,0.0,0.0
person_nn_1495.jpg,0.1290145367383957,0.4925406277179718,0.0,0.0,0.11936242133378983,0.48130208253860474,0.0,0.0,0.08876777440309525,0.5239026546478271,0.037193723022937775,0.6406629681587219,0.12726421654224396,0.6620221734046936,0.0,0.0,0.20340822637081146,0.8095892071723938,0.0,0.0,0.25145143270492554,0.8591210842132568,0.0,0.0,0.17599497735500336,0.9303208589553833,0.0,0.0,0.0,0.0,0.0,0.0,0.0,0.0
person_nn_1496.jpg,0.13107895851135254,0.5020260810852051,0.0,0.0,0.11752142757177353,0.49700918793678284,0.0,0.0,0.08360632508993149,0.5405558347702026,0.06875225901603699,0.6094922423362732,0.1034465804696083,0.646397590637207,0.0,0.0,0.15229211747646332,0.7472478151321411,0.0,0.0,0.15728820860385895,0.6475818753242493,0.14553512632846832,0.8685486912727356,0.1702013462781906,0.8991832733154297,0.0,0.0,0.23417828977108002,0.8843090534210205,0.0,0.0,0.0,0.0
person_nn_1497.jpg,0.1396961510181427,0.5097419619560242,0.0,0.0,0.12299042195081711,0.5056321024894714,0.0,0.0,0.08023728430271149,0.5472576022148132,0.06675523519515991,0.5831224322319031,0.10547769069671631,0.675666868686676,0.0,0.0,0.15264229476451874,0.831897497177124,0.0,0.0,0.21299628913402557,0.9232543706893921,0.13323211669921875,0.8671755194664001,0.16119959950447083,0.9219526052474976,0.0,0.0,0.24885496497154236,0.9516300559043884,0.0,0.0,0.0,0.0
person_nn_1498.jpg,0.13960537314414978,0.5276893973350525,0.0,0.0,0.12372049689292908,0.5211159586906433,0.0,0.0,0.08322778344154358,0.5535790920257568,0.08918659389019012,0.587216854095459,0.10558225959539413,0.6943483352661133,0.1433066725730896,0.5960417985916138,0.14667710661888123,0.8492449522018433,0.1712525486946106,0.6117041707038879,0.18885783851146698,0.9496874213218689,0.14874321222305298,0.8488340973854065,0.16528038680553436,0.9050055742263794,0.0,0.0,0.0,0.0,0.0,0.0,0.0,0.0
person_nn_1499.jpg,0.14130434393882751,0.5384020805358887,0.0,0.0,0.1242222860455513,0.5324015617370605,0.0,0.0,0.08350681513547897,0.5692067742347717,0.09268035739660263,0.6110710501670837,0.10302211344242096,0.7150349617004395,0.0,0.0,0.1382046490907669,0.8665333986282349,0.0,0.0,0.17514601349830627,0.9752129912376404,0.0,0.0,0.16613662242889404,0.9620875120162964,0.0,0.0,0.0,0.0,0.0,0.0,0.0,0.0
person_nn_1500.jpg,0.14130434393882751,0.5384020805358887,0.0,0.0,0.1242222860455513,0.5324015617370605,0.0,0.0,0.08350681513547897,0.5692067742347717,0.09268035739660263,0.6110710501670837,0.10302211344242096,0.7150349617004395,0.0,0.0,0.1382046490907669,0.8665333986282349,0.0,0.0,0.17514601349830627,0.9752129912376404,0.0,0.0,0.16613662242889404,0.9620875120162964,0.0,0.0,0.0,0.0,0.0,0.0,0.0,0.0
person_nn_1501.jpg,0.1416052281856537,0.552657425403595,0.0,0.0,0.12281710654497147,0.5478277206420898,0.0,0.0,0.08136822283267975,0.5879901647567749,0.11397475004196167,0.6443885564804077,0.09958070516586304,0.7453359365463257,0.0,0.0,0.13580988347530365,0.9086482524871826,0.0,0.0,0.16041415929794312,0.9573440551757812,0.0,0.0,0.0,0.0,0.0,0.0,0.0,0.0,0.0,0.0,0.0,0.0
person_nn_1502.jpg,0.14117030799388885,0.5702802538871765,0.13259711861610413,0.5410718321800232,0.11951757222414017,0.5613869428634644,0.0,0.0,0.0746423602104187,0.6018105149269104,0.1223636344075203,0.6715338230133057,0.0887058675289154,0.7759969830513,0.0,0.0,0.0,0.0,0.0,0.0,0.0,0.0,0.0,0.0,0.0,0.0,0.0,0.0,0.0,0.0,0.0,0.0,0.0,0.0
person_nn_1503.jpg,0.13260579109191895,0.5801487565040588,0.12505166232585907,0.5536268353462219,0.11250130832195282,0.5710732936859131,0.0,0.0,0.06914684921503067,0.6108086109161377,0.14197681844234467,0.7103328704833984,0.06428614258766174,0.7858871817588806,0.0,0.0,0.12453169375658035,0.9769269824028015,0.0,0.0,0.14240023493766785,0.7407965660095215,0.0,0.0,0.0,0.0,0.0,0.0,0.0,0.0,0.0,0.0,0.0,0.0
person_nn_1504.jpg,0.13233737647533417,0.5911052227020264,0.12012206017971039,0.5621002912521362,0.10903533548116684,0.5851388573646545,0.0,0.0,0.06189732253551483,0.6396434307098389,0.11963744461536407,0.7139172554016113,0.09559665620326996,0.8215221166610718,0.0,0.0,0.1733585000038147,0.9978927373886108,0.0,0.0,0.18034617602825165,0.8798360228538513,0.0,0.0,0.0,0.0,0.0,0.0,0.0,0.0,0.0,0.0,0.0,0.0
person_nn_1505.jpg,0.12147797644138336,0.5899295806884766,0.11145851016044617,0.5652466416358948,0.10130513459444046,0.5872659087181091,0.0,0.0,0.0592505969107151,0.634061336517334,0.1165534108877182,0.6667117476463318,0.07113216817378998,0.7900688052177429,0.17344900965690613,0.7210701107978821,0.09862004220485687,0.973351240158081,0.1994662880897522,0.7704145312309265,0.14357265830039978,0.9980893731117249,0.21598291397094727,0.9284464716911316,0.0,0.0,0.0,0.0,0.0,0.0,0.0,0.0,0.0,0.0
person_nn_1506.jpg,0.12147797644138336,0.5899295806884766,0.11145851016044617,0.5652466416358948,0.10130513459444046,0.5872659087181091,0.0,0.0,0.0592505969107151,0.634061336517334,0.1165534108877182,0.6667117476463318,0.07113216817378998,0.7900688052177429,0.17344900965690613,0.7210701107978821,0.09862004220485687,0.973351240158081,0.1994662880897522,0.7704145312309265,0.14357265830039978,0.9980893731117249,0.21598291397094727,0.9284464716911316,0.0,0.0,0.0,0.0,0.0,0.0,0.0,0.0,0.0,0.0
person_nn_1507.jpg,0.10721287131309509,0.6022398471832275,0.0,0.0,0.08718237280845642,0.5957266688346863,0.0,0.0,0.05057326331734657,0.6348008513450623,0.08163750171661377,0.6523427367210388,0.0833473727107048,0.7278973460197449,0.0,0.0,0.1556161642074585,0.7706636786460876,0.0,0.0,0.20907257497310638,0.7747445702552795,0.14275170862674713,0.8538063764572144,0.14227087795734406,0.8987128734588623,0.0,0.0,0.0,0.0,0.0,0.0,0.0,0.0
person_nn_1508.jpg,0.099639892578125,0.6016342639923096,0.0,0.0,0.07918719202280045,0.5980666279792786,0.0,0.0,0.04706001281738281,0.6378042697906494,0.1006614938378334,0.6550882458686829,0.08124363422393799,0.7329010963439941,0.17165644466876984,0.7155395150184631,0.16378015279769897,0.8141539692878723,0.19510334730148315,0.7760486602783203,0.2141140252351761,0.7863392233848572,0.16287577152252197,0.8507397174835205,0.14738517999649048,0.8937055468559265,0.0,0.0,0.0,0.0,0.0,0.0,0.0,0.0
person_nn_1509.jpg,0.0996798649430275,0.5989689826965332,0.0,0.0,0.0760972797870636,0.5964336395263672,0.0,0.0,0.0432082861661911,0.6412261128425598,0.08507461845874786,0.6529321670532227,0.0899241492152214,0.7117211222648621,0.0,0.0,0.15738017857074738,0.7496402263641357,0.0,0.0,0.21761411428451538,0.7792099714279175,0.13233345746994019,0.8478535413742065,0.1409020870923996,0.8840555548667908,0.0,0.0,0.0,0.0,0.0,0.0,0.0,0.0
person_nn_1510.jpg,0.0996798649430275,0.5989689826965332,0.0,0.0,0.0760972797870636,0.5964336395263672,0.0,0.0,0.0432082861661911,0.6412261128425598,0.08507461845874786,0.6529321670532227,0.0899241492152214,0.7117211222648621,0.0,0.0,0.15738017857074738,0.7496402263641357,0.0,0.0,0.21761411428451538,0.7792099714279175,0.13233345746994019,0.8478535413742065,0.1409020870923996,0.8840555548667908,0.0,0.0,0.0,0.0,0.0,0.0,0.0,0.0
person_nn_1511.jpg,0.10036568343639374,0.6045199632644653,0.0,0.0,0.0806371420621872,0.6001671552658081,0.0,0.0,0.048394206911325455,0.6375876069068909,0.08836644142866135,0.653999388217926,0.08483535796403885,0.7274355292320251,0.1634238064289093,0.709719717502594,0.16184525191783905,0.8053315877914429,0.19496558606624603,0.7846839427947998,0.2137746512889862,0.7912744879722595,0.14381365478038788,0.8493109345436096,0.1407136172056198,0.8906670212745667,0.0,0.0,0.0,0.0,0.0,0.0,0.0,0.0
person_nn_1512.jpg,0.09573972225189209,0.5952146649360657,0.0,0.0,0.07427157461643219,0.5944344997406006,0.0,0.0,0.03930821269750595,0.6336123943328857,0.10500408709049225,0.6429802775382996,0.06419157236814499,0.7238500714302063,0.16471904516220093,0.6977395415306091,0.1491386443376541,0.8012416958808899,0.2088465690612793,0.776262104511261,0.21726176142692566,0.7764753103256226,0.18277782201766968,0.9156753420829773,0.15009966492652893,0.9650949239730835,0.0,0.0,0.0,0.0,0.0,0.0,0.0,0.0
person_nn_1513.jpg,0.09579209238290787,0.6016698479652405,0.08883293718099594,0.5741095542907715,0.07557660341262817,0.5951817035675049,0.0,0.0,0.03761471435427666,0.6289933919906616,0.0970386266708374,0.6290932893753052,0.054579850286245346,0.6912186145782471,0.1550602912902832,0.6822893023490906,0.1319108009338379,0.7533490657806396,0.20212845504283905,0.7681387662887573,0.20315112173557281,0.7641704678535461,0.13854572176933289,0.7995660901069641,0.10058242827653885,0.8362996578216553,0.19717834889888763,0.9493417143821716,0.12693673372268677,0.9988276958465576,0.0,0.0,0.0,0.0
person_nn_1514.jpg,0.09797877073287964,0.6049519181251526,0.0,0.0,0.07743174582719803,0.5971499681472778,0.0,0.0,0.0431864932179451,0.6309736371040344,0.0782255157828331,0.6414603590965271,0.0765218660235405,0.70245361328125,0.0,0.0,0.1320672184228897,0.7424273490905762,0.0,0.0,0.1844681352376938,0.7612869739532471,0.11412480473518372,0.8016989231109619,0.11531474441289902,0.8376947045326233,0.0,0.0,0.18691635131835938,0.9875001311302185,0.0,0.0,0.0,0.0
person_nn_1515.jpg,0.09797877073287964,0.6049519181251526,0.0,0.0,0.07743174582719803,0.5971499681472778,0.0,0.0,0.0431864932179451,0.6309736371040344,0.0782255157828331,0.6414603590965271,0.0765218660235405,0.70245361328125,0.0,0.0,0.1320672184228897,0.7424273490905762,0.0,0.0,0.1844681352376938,0.7612869739532471,0.11412480473518372,0.8016989231109619,0.11531474441289902,0.8376947045326233,0.0,0.0,0.18691635131835938,0.9875001311302185,0.0,0.0,0.0,0.0
person_nn_1516.jpg,0.1054842546582222,0.5991783142089844,0.09777483344078064,0.5763652324676514,0.08463705331087112,0.5894624590873718,0.0,0.0,0.05036888271570206,0.6337217092514038,0.06677377223968506,0.7099505662918091,0.11849884688854218,0.8049706220626831,0.0,0.0,0.18779900670051575,0.9127365350723267,0.0,0.0,0.18503639101982117,0.7728229761123657,0.0,0.0,0.19129879772663116,1.0,0.0,0.0,0.0,0.0,0.0,0.0,0.0,0.0
person_nn_1517.jpg,0.10692507028579712,0.5933501124382019,0.0,0.0,0.0866570845246315,0.5842582583427429,0.0,0.0,0.0506260022521019,0.6333510279655457,0.05591651052236557,0.7040821313858032,0.11538754403591156,0.795326828956604,0.0,0.0,0.1911250501871109,0.9009791016578674,0.0,0.0,0.1545787900686264,0.7257777452468872,0.0,0.0,0.17337793111801147,0.9891610741615295,0.0,0.0,0.0,0.0,0.0,0.0,0.0,0.0
person_nn_1518.jpg,0.11133699119091034,0.589888870716095,0.0,0.0,0.09046521037817001,0.5866385102272034,0.0,0.0,0.053125012665987015,0.6461725831031799,0.10471317172050476,0.6924980878829956,0.08777638524770737,0.8165019154548645,0.0,0.0,0.1657235026359558,0.9342120289802551,0.0,0.0,0.1396586298942566,0.7277132868766785,0.0,0.0,0.0,0.0,0.0,0.0,0.0,0.0,0.0,0.0,0.0,0.0
person_nn_1519.jpg,0.1112336590886116,0.5914186835289001,0.0,0.0,0.0897553563117981,0.5905540585517883,0.0,0.0,0.054601553827524185,0.6517582535743713,0.10423032939434052,0.6914291977882385,0.08959101885557175,0.8174929022789001,0.0,0.0,0.16038747131824493,0.9375263452529907,0.0,0.0,0.1381436139345169,0.7417753338813782,0.0,0.0,0.0,0.0,0.0,0.0,0.0,0.0,0.0,0.0,0.0,0.0
person_nn_1520.jpg,0.1112336590886116,0.5914186835289001,0.0,0.0,0.0897553563117981,0.5905540585517883,0.0,0.0,0.054601553827524185,0.6517582535743713,0.10423032939434052,0.6914291977882385,0.08959101885557175,0.8174929022789001,0.0,0.0,0.16038747131824493,0.9375263452529907,0.0,0.0,0.1381436139345169,0.7417753338813782,0.0,0.0,0.0,0.0,0.0,0.0,0.0,0.0,0.0,0.0,0.0,0.0
person_nn_1521.jpg,0.11311864852905273,0.5940906405448914,0.0,0.0,0.09097427129745483,0.5927385687828064,0.0,0.0,0.05456094443798065,0.652979850769043,0.10610494762659073,0.7027512788772583,0.09170634299516678,0.8054419159889221,0.0,0.0,0.17292116582393646,0.9023591876029968,0.0,0.0,0.1425071656703949,0.7221294045448303,0.0,0.0,0.0,0.0,0.0,0.0,0.0,0.0,0.0,0.0,0.0,0.0
person_nn_1522.jpg,0.11361196637153625,0.5994042158126831,0.10440028458833694,0.5812116265296936,0.09078538417816162,0.5987793207168579,0.0,0.0,0.05477346107363701,0.6610267758369446,0.08876217901706696,0.7117990255355835,0.10613773763179779,0.8085179924964905,0.0,0.0,0.17569075524806976,0.9027157425880432,0.0,0.0,0.1518792361021042,0.7160642147064209,0.0,0.0,0.0,0.0,0.0,0.0,0.0,0.0,0.0,0.0,0.0,0.0
person_nn_1523.jpg,0.11361196637153625,0.5994042158126831,0.10440028458833694,0.5812116265296936,0.09078538417816162,0.5987793207168579,0.0,0.0,0.05477346107363701,0.6610267758369446,0.08876217901706696,0.7117990255355835,0.10613773763179779,0.8085179924964905,0.0,0.0,0.17569075524806976,0.9027157425880432,0.0,0.0,0.1518792361021042,0.7160642147064209,0.0,0.0,0.0,0.0,0.0,0.0,0.0,0.0,0.0,0.0,0.0,0.0
person_nn_1524.jpg,0.1141301617026329,0.6016907095909119,0.10382088273763657,0.5821624994277954,0.09213490039110184,0.5999922156333923,0.0,0.0,0.055373627692461014,0.6622635126113892,0.0907900258898735,0.7177821397781372,0.10524382442235947,0.826653778553009,0.0,0.0,0.16981889307498932,0.9370455741882324,0.0,0.0,0.151550754904747,0.7575255036354065,0.0,0.0,0.0,0.0,0.0,0.0,0.0,0.0,0.0,0.0,0.0,0.0
person_nn_1525.jpg,0.11545740067958832,0.6000913381576538,0.0,0.0,0.09385012835264206,0.5967342853546143,0.0,0.0,0.05755225941538811,0.6557220816612244,0.09784791618585587,0.7381637096405029,0.11261201649904251,0.808241605758667,0.0,0.0,0.2043377310037613,0.934980034828186,0.0,0.0,0.1523505002260208,0.729065477848053,0.0,0.0,0.0,0.0,0.0,0.0,0.0,0.0,0.0,0.0,0.0,0.0
person_nn_1526.jpg,0.12658771872520447,0.5992974638938904,0.11657880246639252,0.5749192237854004,0.10426384955644608,0.5986288785934448,0.0,0.0,0.0651315301656723,0.6559538841247559,0.13762906193733215,0.7158064246177673,0.08581456542015076,0.7937321066856384,0.20757627487182617,0.896001398563385,0.18569467961788177,0.9630045294761658,0.16224536299705505,0.7315904498100281,0.15640611946582794,0.723114013671875,0.0,0.0,0.0,0.0,0.0,0.0,0.0,0.0,0.0,0.0,0.0,0.0
person_nn_1527.jpg,0.12658771872520447,0.5992974638938904,0.11657880246639252,0.5749192237854004,0.10426384955644608,0.5986288785934448,0.0,0.0,0.0651315301656723,0.6559538841247559,0.13762906193733215,0.7158064246177673,0.08581456542015076,0.7937321066856384,0.20757627487182617,0.896001398563385,0.18569467961788177,0.9630045294761658,0.16224536299705505,0.7315904498100281,0.15640611946582794,0.723114013671875,0.0,0.0,0.0,0.0,0.0,0.0,0.0,0.0,0.0,0.0,0.0,0.0
person_nn_1528.jpg,0.13661445677280426,0.603317379951477,0.0,0.0,0.11395049840211868,0.5989916920661926,0.0,0.0,0.07309230417013168,0.6481493711471558,0.08082125335931778,0.7070626616477966,0.1289779245853424,0.7847097516059875,0.0,0.0,0.20467928051948547,0.8845053315162659,0.0,0.0,0.1635269820690155,0.7145148515701294,0.0,0.0,0.0,0.0,0.0,0.0,0.0,0.0,0.0,0.0,0.0,0.0
person_nn_1529.jpg,0.1494857370853424,0.5870378613471985,0.0,0.0,0.12958797812461853,0.5829955339431763,0.0,0.0,0.0823964923620224,0.6376659870147705,0.13167567551136017,0.6917721629142761,0.10152030736207962,0.8298559188842773,0.0,0.0,0.17044231295585632,0.9864842891693115,0.0,0.0,0.16686540842056274,0.7367536425590515,0.0,0.0,0.0,0.0,0.0,0.0,0.0,0.0,0.0,0.0,0.0,0.0
person_nn_1530.jpg,0.16010811924934387,0.5774338841438293,0.14789524674415588,0.5592455267906189,0.13899248838424683,0.5750710964202881,0.0,0.0,0.09454657137393951,0.6363337635993958,0.11707599461078644,0.6916536092758179,0.1278432458639145,0.8055704236030579,0.0,0.0,0.15406644344329834,0.9734406471252441,0.0,0.0,0.15957477688789368,0.9876788258552551,0.0,0.0,0.0,0.0,0.0,0.0,0.0,0.0,0.0,0.0,0.0,0.0
person_nn_1543.jpg,0.0,0.0,0.0,0.0,0.0,0.0,0.0,0.0,0.3095618784427643,0.6269172430038452,0.20820479094982147,0.7471113204956055,0.3427918553352356,0.7604109644889832,0.0,0.0,0.40897879004478455,0.9193138480186462,0.0,0.0,0.0,0.0,0.0,0.0,0.0,0.0,0.0,0.0,0.0,0.0,0.0,0.0,0.0,0.0
person_nn_1544.jpg,0.0,0.0,0.0,0.0,0.0,0.0,0.0,0.0,0.3095618784427643,0.6269172430038452,0.20820479094982147,0.7471113204956055,0.3427918553352356,0.7604109644889832,0.0,0.0,0.40897879004478455,0.9193138480186462,0.0,0.0,0.0,0.0,0.0,0.0,0.0,0.0,0.0,0.0,0.0,0.0,0.0,0.0,0.0,0.0
person_nn_1545.jpg,0.0,0.0,0.0,0.0,0.0,0.0,0.0,0.0,0.3095618784427643,0.6269172430038452,0.20820479094982147,0.7471113204956055,0.3427918553352356,0.7604109644889832,0.0,0.0,0.40897879004478455,0.9193138480186462,0.0,0.0,0.0,0.0,0.0,0.0,0.0,0.0,0.0,0.0,0.0,0.0,0.0,0.0,0.0,0.0
person_nn_1546.jpg,0.0,0.0,0.0,0.0,0.0,0.0,0.0,0.0,0.33357855677604675,0.5099074244499207,0.25807633996009827,0.6323720812797546,0.3612232506275177,0.6260892152786255,0.24642762541770935,0.7829921245574951,0.41705387830734253,0.7646223902702332,0.0,0.0,0.4518990218639374,0.8618415594100952,0.28627070784568787,0.9255723357200623,0.35489019751548767,0.9232036471366882,0.0,0.0,0.0,0.0,0.0,0.0,0.0,0.0
person_nn_1547.jpg,0.0,0.0,0.0,0.0,0.0,0.0,0.0,0.0,0.33357855677604675,0.5099074244499207,0.25807633996009827,0.6323720812797546,0.3612232506275177,0.6260892152786255,0.24642762541770935,0.7829921245574951,0.41705387830734253,0.7646223902702332,0.0,0.0,0.4518990218639374,0.8618415594100952,0.28627070784568787,0.9255723357200623,0.35489019751548767,0.9232036471366882,0.0,0.0,0.0,0.0,0.0,0.0,0.0,0.0
person_nn_1548.jpg,0.0,0.0,0.0,0.0,0.0,0.0,0.0,0.0,0.34673526883125305,0.4845893383026123,0.26766452193260193,0.6011718511581421,0.3691321313381195,0.5979465842247009,0.2484455555677414,0.7373634576797485,0.4176296591758728,0.7279855608940125,0.0,0.0,0.4493750333786011,0.8239169120788574,0.2961776852607727,0.9005659818649292,0.3632552921772003,0.9006907939910889,0.0,0.0,0.0,0.0,0.0,0.0,0.0,0.0
person_nn_1549.jpg,0.0,0.0,0.0,0.0,0.0,0.0,0.0,0.0,0.34673526883125305,0.4845893383026123,0.26766452193260193,0.6011718511581421,0.3691321313381195,0.5979465842247009,0.2484455555677414,0.7373634576797485,0.4176296591758728,0.7279855608940125,0.0,0.0,0.4493750333786011,0.8239169120788574,0.2961776852607727,0.9005659818649292,0.3632552921772003,0.9006907939910889,0.0,0.0,0.0,0.0,0.0,0.0,0.0,0.0
person_nn_1550.jpg,0.0,0.0,0.0,0.0,0.0,0.0,0.0,0.0,0.34673526883125305,0.4845893383026123,0.26766452193260193,0.6011718511581421,0.3691321313381195,0.5979465842247009,0.2484455555677414,0.7373634576797485,0.4176296591758728,0.7279855608940125,0.0,0.0,0.4493750333786011,0.8239169120788574,0.2961776852607727,0.9005659818649292,0.3632552921772003,0.9006907939910889,0.0,0.0,0.0,0.0,0.0,0.0,0.0,0.0
person_nn_1551.jpg,0.0,0.0,0.0,0.0,0.0,0.0,0.0,0.0,0.3569832444190979,0.4615223705768585,0.2875787317752838,0.5692656636238098,0.3733516335487366,0.5689467787742615,0.2622414529323578,0.6955095529556274,0.42022281885147095,0.6931172013282776,0.0,0.0,0.44860994815826416,0.8031048774719238,0.31866127252578735,0.8689693212509155,0.37445202469825745,0.8712139129638672,0.0,0.0,0.0,0.0,0.0,0.0,0.0,0.0
person_nn_1552.jpg,0.0,0.0,0.0,0.0,0.0,0.0,0.0,0.0,0.3569832444190979,0.4615223705768585,0.2875787317752838,0.5692656636238098,0.3733516335487366,0.5689467787742615,0.2622414529323578,0.6955095529556274,0.42022281885147095,0.6931172013282776,0.0,0.0,0.44860994815826416,0.8031048774719238,0.31866127252578735,0.8689693212509155,0.37445202469825745,0.8712139129638672,0.0,0.0,0.0,0.0,0.0,0.0,0.0,0.0
person_nn_1553.jpg,0.0,0.0,0.0,0.0,0.0,0.0,0.0,0.0,0.37187111377716064,0.4484361708164215,0.3179645240306854,0.5436136722564697,0.3791476786136627,0.5482007265090942,0.3327358067035675,0.6813425421714783,0.41476869583129883,0.6813765168190002,0.0,0.0,0.44898727536201477,0.787213921546936,0.33470505475997925,0.8381912112236023,0.3741716146469116,0.8420756459236145,0.0,0.0,0.0,0.0,0.0,0.0,0.0,0.0
person_nn_1554.jpg,0.0,0.0,0.0,0.0,0.0,0.0,0.0,0.0,0.37187111377716064,0.4484361708164215,0.3179645240306854,0.5436136722564697,0.3791476786136627,0.5482007265090942,0.3327358067035675,0.6813425421714783,0.41476869583129883,0.6813765168190002,0.0,0.0,0.44898727536201477,0.787213921546936,0.33470505475997925,0.8381912112236023,0.3741716146469116,0.8420756459236145,0.0,0.0,0.0,0.0,0.0,0.0,0.0,0.0
person_nn_1555.jpg,0.0,0.0,0.0,0.0,0.0,0.0,0.0,0.0,0.37187111377716064,0.4484361708164215,0.3179645240306854,0.5436136722564697,0.3791476786136627,0.5482007265090942,0.3327358067035675,0.6813425421714783,0.41476869583129883,0.6813765168190002,0.0,0.0,0.44898727536201477,0.787213921546936,0.33470505475997925,0.8381912112236023,0.3741716146469116,0.8420756459236145,0.0,0.0,0.0,0.0,0.0,0.0,0.0,0.0
person_nn_1556.jpg,0.5069404244422913,0.40484485030174255,0.0,0.0,0.49611708521842957,0.3906548023223877,0.0,0.0,0.46096915006637573,0.40359896421432495,0.4976751208305359,0.5044941902160645,0.4219188094139099,0.5001267790794373,0.5142538547515869,0.6455647945404053,0.3973548114299774,0.6310974359512329,0.5153692960739136,0.7631281018257141,0.40098676085472107,0.7589288949966431,0.4764041602611542,0.7619518041610718,0.4283718168735504,0.7649707794189453,0.0,0.0,0.0,0.0,0.0,0.0,0.0,0.0
person_nn_1557.jpg,0.5069404244422913,0.40484485030174255,0.0,0.0,0.49611708521842957,0.3906548023223877,0.0,0.0,0.46096915006637573,0.40359896421432495,0.4976751208305359,0.5044941902160645,0.4219188094139099,0.5001267790794373,0.5142538547515869,0.6455647945404053,0.3973548114299774,0.6310974359512329,0.5153692960739136,0.7631281018257141,0.40098676085472107,0.7589288949966431,0.4764041602611542,0.7619518041610718,0.4283718168735504,0.7649707794189453,0.0,0.0,0.0,0.0,0.0,0.0,0.0,0.0
person_nn_1558.jpg,0.8060150742530823,0.07838733494281769,0.8150901794433594,0.067064568400383,0.8040732145309448,0.06353680044412613,0.8364207148551941,0.06781446188688278,0.0,0.0,0.8547410368919373,0.14091485738754272,0.7906525135040283,0.11176960915327072,0.8483002185821533,0.24825459718704224,0.7664825320243835,0.18456915020942688,0.7974456548690796,0.21973587572574615,0.770614743232727,0.18036504089832306,0.8231984972953796,0.32347339391708374,0.7802037000656128,0.30606913566589355,0.0,0.0,0.0,0.0,0.0,0.0,0.0,0.0
person_nn_1559.jpg,0.8060150742530823,0.07838733494281769,0.8150901794433594,0.067064568400383,0.8040732145309448,0.06353680044412613,0.8364207148551941,0.06781446188688278,0.0,0.0,0.8547410368919373,0.14091485738754272,0.7906525135040283,0.11176960915327072,0.8483002185821533,0.24825459718704224,0.7664825320243835,0.18456915020942688,0.7974456548690796,0.21973587572574615,0.770614743232727,0.18036504089832306,0.8231984972953796,0.32347339391708374,0.7802037000656128,0.30606913566589355,0.0,0.0,0.0,0.0,0.0,0.0,0.0,0.0
person_nn_1560.jpg,0.8060150742530823,0.07838733494281769,0.8150901794433594,0.067064568400383,0.8040732145309448,0.06353680044412613,0.8364207148551941,0.06781446188688278,0.0,0.0,0.8547410368919373,0.14091485738754272,0.7906525135040283,0.11176960915327072,0.8483002185821533,0.24825459718704224,0.7664825320243835,0.18456915020942688,0.7974456548690796,0.21973587572574615,0.770614743232727,0.18036504089832306,0.8231984972953796,0.32347339391708374,0.7802037000656128,0.30606913566589355,0.0,0.0,0.0,0.0,0.0,0.0,0.0,0.0
person_nn_1561.jpg,0.8056635856628418,0.07814183086156845,0.8142247796058655,0.06671307981014252,0.8031541109085083,0.06412669271230698,0.835680365562439,0.06661541014909744,0.0,0.0,0.8572722673416138,0.13824860751628876,0.7929609417915344,0.11011593043804169,0.8477685451507568,0.24480728805065155,0.7679464221000671,0.17493486404418945,0.7963023781776428,0.22328124940395355,0.7675516605377197,0.17437399923801422,0.8254052996635437,0.32332566380500793,0.7818509340286255,0.30460071563720703,0.0,0.0,0.0,0.0,0.0,0.0,0.0,0.0
person_nn_1562.jpg,0.8056635856628418,0.07814183086156845,0.8142247796058655,0.06671307981014252,0.8031541109085083,0.06412669271230698,0.835680365562439,0.06661541014909744,0.0,0.0,0.8572722673416138,0.13824860751628876,0.7929609417915344,0.11011593043804169,0.8477685451507568,0.24480728805065155,0.7679464221000671,0.17493486404418945,0.7963023781776428,0.22328124940395355,0.7675516605377197,0.17437399923801422,0.8254052996635437,0.32332566380500793,0.7818509340286255,0.30460071563720703,0.0,0.0,0.0,0.0,0.0,0.0,0.0,0.0
person_nn_1563.jpg,0.8054258823394775,0.07879727333784103,0.8139896988868713,0.06732060015201569,0.8029377460479736,0.0647338479757309,0.8354542255401611,0.06721571832895279,0.0,0.0,0.856899082660675,0.13917557895183563,0.7933831810951233,0.11102410405874252,0.8483648896217346,0.24402345716953278,0.7695290446281433,0.17515164613723755,0.7970744967460632,0.22355443239212036,0.7682874202728271,0.18058474361896515,0.8259052038192749,0.3282957673072815,0.7828095555305481,0.30948954820632935,0.0,0.0,0.0,0.0,0.0,0.0,0.0,0.0
person_nn_1564.jpg,0.8054258823394775,0.07879727333784103,0.8139896988868713,0.06732060015201569,0.8029377460479736,0.0647338479757309,0.8354542255401611,0.06721571832895279,0.0,0.0,0.856899082660675,0.13917557895183563,0.7933831810951233,0.11102410405874252,0.8483648896217346,0.24402345716953278,0.7695290446281433,0.17515164613723755,0.7970744967460632,0.22355443239212036,0.7682874202728271,0.18058474361896515,0.8259052038192749,0.3282957673072815,0.7828095555305481,0.30948954820632935,0.0,0.0,0.0,0.0,0.0,0.0,0.0,0.0
person_nn_1565.jpg,0.805505096912384,0.081411212682724,0.8148136734962463,0.06908564269542694,0.8029424548149109,0.06585308909416199,0.8370383977890015,0.06728348135948181,0.0,0.0,0.8563191294670105,0.13626286387443542,0.7928916215896606,0.10911262780427933,0.8481437563896179,0.24443726241588593,0.7714824676513672,0.18094214797019958,0.7944389581680298,0.23049239814281464,0.7700079679489136,0.1900787651538849,0.8289080858230591,0.3362549841403961,0.7852502465248108,0.31901317834854126,0.0,0.0,0.0,0.0,0.0,0.0,0.0,0.0
person_nn_1566.jpg,0.805505096912384,0.081411212682724,0.8148136734962463,0.06908564269542694,0.8029424548149109,0.06585308909416199,0.8370383977890015,0.06728348135948181,0.0,0.0,0.8563191294670105,0.13626286387443542,0.7928916215896606,0.10911262780427933,0.8481437563896179,0.24443726241588593,0.7714824676513672,0.18094214797019958,0.7944389581680298,0.23049239814281464,0.7700079679489136,0.1900787651538849,0.8289080858230591,0.3362549841403961,0.7852502465248108,0.31901317834854126,0.0,0.0,0.0,0.0,0.0,0.0,0.0,0.0
person_nn_1567.jpg,0.805505096912384,0.081411212682724,0.8148136734962463,0.06908564269542694,0.8029424548149109,0.06585308909416199,0.8370383977890015,0.06728348135948181,0.0,0.0,0.8563191294670105,0.13626286387443542,0.7928916215896606,0.10911262780427933,0.8481437563896179,0.24443726241588593,0.7714824676513672,0.18094214797019958,0.7944389581680298,0.23049239814281464,0.7700079679489136,0.1900787651538849,0.8289080858230591,0.3362549841403961,0.7852502465248108,0.31901317834854126,0.0,0.0,0.0,0.0,0.0,0.0,0.0,0.0
person_nn_1568.jpg,0.8074596524238586,0.08115966618061066,0.8158976435661316,0.06865861266851425,0.8038179278373718,0.06668999046087265,0.8362421989440918,0.06646007299423218,0.0,0.0,0.8576523661613464,0.13928493857383728,0.7916961908340454,0.11256089806556702,0.8498384952545166,0.2457607537508011,0.7681748867034912,0.17975389957427979,0.7973493933677673,0.2281462848186493,0.7693300843238831,0.1918836236000061,0.8253349661827087,0.3331611752510071,0.7807648777961731,0.31481242179870605,0.0,0.0,0.0,0.0,0.0,0.0,0.0,0.0
person_nn_1569.jpg,0.8074596524238586,0.08115966618061066,0.8158976435661316,0.06865861266851425,0.8038179278373718,0.06668999046087265,0.8362421989440918,0.06646007299423218,0.0,0.0,0.8576523661613464,0.13928493857383728,0.7916961908340454,0.11256089806556702,0.8498384952545166,0.2457607537508011,0.7681748867034912,0.17975389957427979,0.7973493933677673,0.2281462848186493,0.7693300843238831,0.1918836236000061,0.8253349661827087,0.3331611752510071,0.7807648777961731,0.31481242179870605,0.0,0.0,0.0,0.0,0.0,0.0,0.0,0.0
person_nn_1570.jpg,0.8075043559074402,0.08161281049251556,0.8160468339920044,0.06892766803503036,0.8035545349121094,0.06678296625614166,0.8361236453056335,0.06630682945251465,0.0,0.0,0.856282651424408,0.134876549243927,0.7912144660949707,0.107257179915905,0.848224401473999,0.24101552367210388,0.767439067363739,0.17273762822151184,0.794522762298584,0.233645960688591,0.7684521079063416,0.19035235047340393,0.8272057175636292,0.32533586025238037,0.7826398611068726,0.30714043974876404,0.0,0.0,0.0,0.0,0.0,0.0,0.0,0.0
person_nn_1571.jpg,0.8075043559074402,0.08161281049251556,0.8160468339920044,0.06892766803503036,0.8035545349121094,0.06678296625614166,0.8361236453056335,0.06630682945251465,0.0,0.0,0.856282651424408,0.134876549243927,0.7912144660949707,0.107257179915905,0.848224401473999,0.24101552367210388,0.767439067363739,0.17273762822151184,0.794522762298584,0.233645960688591,0.7684521079063416,0.19035235047340393,0.8272057175636292,0.32533586025238037,0.7826398611068726,0.30714043974876404,0.0,0.0,0.0,0.0,0.0,0.0,0.0,0.0
person_nn_1572.jpg,0.8075043559074402,0.08161281049251556,0.8160468339920044,0.06892766803503036,0.8035545349121094,0.06678296625614166,0.8361236453056335,0.06630682945251465,0.0,0.0,0.856282651424408,0.134876549243927,0.7912144660949707,0.107257179915905,0.848224401473999,0.24101552367210388,0.767439067363739,0.17273762822151184,0.794522762298584,0.233645960688591,0.7684521079063416,0.19035235047340393,0.8272057175636292,0.32533586025238037,0.7826398611068726,0.30714043974876404,0.0,0.0,0.0,0.0,0.0,0.0,0.0,0.0
person_nn_1573.jpg,0.8070160150527954,0.08245294541120529,0.8155071139335632,0.06943042576313019,0.8028787970542908,0.06744171679019928,0.8351958990097046,0.0659385696053505,0.0,0.0,0.8553467392921448,0.1346619725227356,0.7903754115104675,0.10853943228721619,0.8488900065422058,0.24380925297737122,0.7684088349342346,0.17613187432289124,0.7942125201225281,0.23711372911930084,0.7680684924125671,0.18596382439136505,0.8274756669998169,0.32867130637168884,0.7830437421798706,0.3113875389099121,0.0,0.0,0.0,0.0,0.0,0.0,0.0,0.0
person_nn_1574.jpg,0.8070160150527954,0.08245294541120529,0.8155071139335632,0.06943042576313019,0.8028787970542908,0.06744171679019928,0.8351958990097046,0.0659385696053505,0.0,0.0,0.8553467392921448,0.1346619725227356,0.7903754115104675,0.10853943228721619,0.8488900065422058,0.24380925297737122,0.7684088349342346,0.17613187432289124,0.7942125201225281,0.23711372911930084,0.7680684924125671,0.18596382439136505,0.8274756669998169,0.32867130637168884,0.7830437421798706,0.3113875389099121,0.0,0.0,0.0,0.0,0.0,0.0,0.0,0.0
person_nn_1575.jpg,0.8061600923538208,0.08375626802444458,0.8147997856140137,0.0707254707813263,0.802410900592804,0.06846948713064194,0.8344537615776062,0.06684663891792297,0.0,0.0,0.8536167144775391,0.13478194177150726,0.7894041538238525,0.11033934354782104,0.8491125702857971,0.24314476549625397,0.7686933875083923,0.17856083810329437,0.7949933409690857,0.2365337610244751,0.7667303681373596,0.1819063127040863,0.827522873878479,0.3289625942707062,0.7835642695426941,0.31323155760765076,0.0,0.0,0.0,0.0,0.0,0.0,0.0,0.0
person_nn_1576.jpg,0.8061600923538208,0.08375626802444458,0.8147997856140137,0.0707254707813263,0.802410900592804,0.06846948713064194,0.8344537615776062,0.06684663891792297,0.0,0.0,0.8536167144775391,0.13478194177150726,0.7894041538238525,0.11033934354782104,0.8491125702857971,0.24314476549625397,0.7686933875083923,0.17856083810329437,0.7949933409690857,0.2365337610244751,0.7667303681373596,0.1819063127040863,0.827522873878479,0.3289625942707062,0.7835642695426941,0.31323155760765076,0.0,0.0,0.0,0.0,0.0,0.0,0.0,0.0
person_nn_1577.jpg,0.8061600923538208,0.08375626802444458,0.8147997856140137,0.0707254707813263,0.802410900592804,0.06846948713064194,0.8344537615776062,0.06684663891792297,0.0,0.0,0.8536167144775391,0.13478194177150726,0.7894041538238525,0.11033934354782104,0.8491125702857971,0.24314476549625397,0.7686933875083923,0.17856083810329437,0.7949933409690857,0.2365337610244751,0.7667303681373596,0.1819063127040863,0.827522873878479,0.3289625942707062,0.7835642695426941,0.31323155760765076,0.0,0.0,0.0,0.0,0.0,0.0,0.0,0.0
person_nn_1578.jpg,0.8047851920127869,0.08642888814210892,0.8137117624282837,0.0740274116396904,0.8017359972000122,0.07114212214946747,0.8343008160591125,0.06911405920982361,0.0,0.0,0.8550190925598145,0.1349366307258606,0.7879040241241455,0.1092655211687088,0.8495534658432007,0.24329814314842224,0.7651020884513855,0.17813564836978912,0.7969897985458374,0.23407994210720062,0.7661333084106445,0.18051955103874207,0.8262525200843811,0.32830265164375305,0.7809917330741882,0.3119478225708008,0.0,0.0,0.0,0.0,0.0,0.0,0.0,0.0
person_nn_1579.jpg,0.8047851920127869,0.08642888814210892,0.8137117624282837,0.0740274116396904,0.8017359972000122,0.07114212214946747,0.8343008160591125,0.06911405920982361,0.0,0.0,0.8550190925598145,0.1349366307258606,0.7879040241241455,0.1092655211687088,0.8495534658432007,0.24329814314842224,0.7651020884513855,0.17813564836978912,0.7969897985458374,0.23407994210720062,0.7661333084106445,0.18051955103874207,0.8262525200843811,0.32830265164375305,0.7809917330741882,0.3119478225708008,0.0,0.0,0.0,0.0,0.0,0.0,0.0,0.0
person_nn_1580.jpg,0.8024160861968994,0.09030663222074509,0.8117194771766663,0.07796420156955719,0.7999840378761292,0.07450372725725174,0.8332865238189697,0.07359668612480164,0.0,0.0,0.8530357480049133,0.13725747168064117,0.7879086136817932,0.11205702275037766,0.8488017916679382,0.2453010231256485,0.7676703333854675,0.1814703792333603,0.7939167022705078,0.2379673570394516,0.7658765316009521,0.17873792350292206,0.8284808397293091,0.33247482776641846,0.7837808132171631,0.31723958253860474,0.0,0.0,0.0,0.0,0.0,0.0,0.0,0.0
person_nn_1581.jpg,0.8024160861968994,0.09030663222074509,0.8117194771766663,0.07796420156955719,0.7999840378761292,0.07450372725725174,0.8332865238189697,0.07359668612480164,0.0,0.0,0.8530357480049133,0.13725747168064117,0.7879086136817932,0.11205702275037766,0.8488017916679382,0.2453010231256485,0.7676703333854675,0.1814703792333603,0.7939167022705078,0.2379673570394516,0.7658765316009521,0.17873792350292206,0.8284808397293091,0.33247482776641846,0.7837808132171631,0.31723958253860474,0.0,0.0,0.0,0.0,0.0,0.0,0.0,0.0
person_nn_1582.jpg,0.8024160861968994,0.09030663222074509,0.8117194771766663,0.07796420156955719,0.7999840378761292,0.07450372725725174,0.8332865238189697,0.07359668612480164,0.0,0.0,0.8530357480049133,0.13725747168064117,0.7879086136817932,0.11205702275037766,0.8488017916679382,0.2453010231256485,0.7676703333854675,0.1814703792333603,0.7939167022705078,0.2379673570394516,0.7658765316009521,0.17873792350292206,0.8284808397293091,0.33247482776641846,0.7837808132171631,0.31723958253860474,0.0,0.0,0.0,0.0,0.0,0.0,0.0,0.0
person_nn_1583.jpg,0.7992194890975952,0.08748260885477066,0.8080888390541077,0.07522537559270859,0.7973343729972839,0.07276904582977295,0.8308298587799072,0.07322488725185394,0.0,0.0,0.8522273898124695,0.14116117358207703,0.7898700833320618,0.11840511113405228,0.8467724323272705,0.2477746307849884,0.769197404384613,0.1865006536245346,0.7920445799827576,0.23897771537303925,0.7665560245513916,0.1813363879919052,0.8279954791069031,0.3343448340892792,0.7852197289466858,0.3197682499885559,0.0,0.0,0.0,0.0,0.0,0.0,0.0,0.0
person_nn_1584.jpg,0.7992194890975952,0.08748260885477066,0.8080888390541077,0.07522537559270859,0.7973343729972839,0.07276904582977295,0.8308298587799072,0.07322488725185394,0.0,0.0,0.8522273898124695,0.14116117358207703,0.7898700833320618,0.11840511113405228,0.8467724323272705,0.2477746307849884,0.769197404384613,0.1865006536245346,0.7920445799827576,0.23897771537303925,0.7665560245513916,0.1813363879919052,0.8279954791069031,0.3343448340892792,0.7852197289466858,0.3197682499885559,0.0,0.0,0.0,0.0,0.0,0.0,0.0,0.0
person_nn_1585.jpg,0.7988843321800232,0.08656314015388489,0.8079479932785034,0.07445579767227173,0.7970914244651794,0.07176606357097626,0.8313037157058716,0.0735272616147995,0.0,0.0,0.8529945015907288,0.1418776512145996,0.7897902727127075,0.12092696875333786,0.846305787563324,0.2493135780096054,0.7703030109405518,0.1991465985774994,0.7920947670936584,0.2358310967683792,0.7710630893707275,0.20051951706409454,0.8281353712081909,0.33318743109703064,0.7848935127258301,0.31955304741859436,0.0,0.0,0.0,0.0,0.0,0.0,0.0,0.0
person_nn_1586.jpg,0.7988843321800232,0.08656314015388489,0.8079479932785034,0.07445579767227173,0.7970914244651794,0.07176606357097626,0.8313037157058716,0.0735272616147995,0.0,0.0,0.8529945015907288,0.1418776512145996,0.7897902727127075,0.12092696875333786,0.846305787563324,0.2493135780096054,0.7703030109405518,0.1991465985774994,0.7920947670936584,0.2358310967683792,0.7710630893707275,0.20051951706409454,0.8281353712081909,0.33318743109703064,0.7848935127258301,0.31955304741859436,0.0,0.0,0.0,0.0,0.0,0.0,0.0,0.0
person_nn_1587.jpg,0.7988843321800232,0.08656314015388489,0.8079479932785034,0.07445579767227173,0.7970914244651794,0.07176606357097626,0.8313037157058716,0.0735272616147995,0.0,0.0,0.8529945015907288,0.1418776512145996,0.7897902727127075,0.12092696875333786,0.846305787563324,0.2493135780096054,0.7703030109405518,0.1991465985774994,0.7920947670936584,0.2358310967683792,0.7710630893707275,0.20051951706409454,0.8281353712081909,0.33318743109703064,0.7848935127258301,0.31955304741859436,0.0,0.0,0.0,0.0,0.0,0.0,0.0,0.0
person_nn_1588.jpg,0.7977851629257202,0.08571548759937286,0.8069004416465759,0.0737563893198967,0.796229362487793,0.07110380381345749,0.830489993095398,0.07328005880117416,0.0,0.0,0.8531770706176758,0.1418074071407318,0.7883396744728088,0.12243593484163284,0.846820592880249,0.2520922124385834,0.7657325267791748,0.20483271777629852,0.7925026416778564,0.23450815677642822,0.7637169361114502,0.19741033017635345,0.8267291784286499,0.3412187993526459,0.7828167080879211,0.32826077938079834,0.0,0.0,0.0,0.0,0.0,0.0,0.0,0.0
person_nn_1589.jpg,0.7977851629257202,0.08571548759937286,0.8069004416465759,0.0737563893198967,0.796229362487793,0.07110380381345749,0.830489993095398,0.07328005880117416,0.0,0.0,0.8531770706176758,0.1418074071407318,0.7883396744728088,0.12243593484163284,0.846820592880249,0.2520922124385834,0.7657325267791748,0.20483271777629852,0.7925026416778564,0.23450815677642822,0.7637169361114502,0.19741033017635345,0.8267291784286499,0.3412187993526459,0.7828167080879211,0.32826077938079834,0.0,0.0,0.0,0.0,0.0,0.0,0.0,0.0
person_nn_1590.jpg,0.7967981100082397,0.0846390575170517,0.8060797452926636,0.07245173305273056,0.7954196333885193,0.0697716549038887,0.8301125168800354,0.07199617475271225,0.0,0.0,0.8521817326545715,0.14135321974754333,0.7889131903648376,0.11921478062868118,0.8462413549423218,0.24916788935661316,0.7655869722366333,0.18961721658706665,0.7890773415565491,0.24005068838596344,0.7597343921661377,0.1797047257423401,0.8248391151428223,0.3364601731300354,0.7819784283638,0.32185572385787964,0.0,0.0,0.0,0.0,0.0,0.0,0.0,0.0
person_nn_1591.jpg,0.7967981100082397,0.0846390575170517,0.8060797452926636,0.07245173305273056,0.7954196333885193,0.0697716549038887,0.8301125168800354,0.07199617475271225,0.0,0.0,0.8521817326545715,0.14135321974754333,0.7889131903648376,0.11921478062868118,0.8462413549423218,0.24916788935661316,0.7655869722366333,0.18961721658706665,0.7890773415565491,0.24005068838596344,0.7597343921661377,0.1797047257423401,0.8248391151428223,0.3364601731300354,0.7819784283638,0.32185572385787964,0.0,0.0,0.0,0.0,0.0,0.0,0.0,0.0
person_nn_1592.jpg,0.7967981100082397,0.0846390575170517,0.8060797452926636,0.07245173305273056,0.7954196333885193,0.0697716549038887,0.8301125168800354,0.07199617475271225,0.0,0.0,0.8521817326545715,0.14135321974754333,0.7889131903648376,0.11921478062868118,0.8462413549423218,0.24916788935661316,0.7655869722366333,0.18961721658706665,0.7890773415565491,0.24005068838596344,0.7597343921661377,0.1797047257423401,0.8248391151428223,0.3364601731300354,0.7819784283638,0.32185572385787964,0.0,0.0,0.0,0.0,0.0,0.0,0.0,0.0
person_nn_1593.jpg,0.7986823916435242,0.0817679911851883,0.8078619837760925,0.07041950523853302,0.7967730760574341,0.06678842753171921,0.8308166861534119,0.0720447301864624,0.0,0.0,0.852129340171814,0.14371246099472046,0.7847145199775696,0.11495649814605713,0.8446598649024963,0.24365447461605072,0.7565628886222839,0.18059082329273224,0.7920672297477722,0.23562881350517273,0.7628084421157837,0.20220947265625,0.8230952620506287,0.33512458205223083,0.7778938412666321,0.31771546602249146,0.0,0.0,0.0,0.0,0.0,0.0,0.0,0.0
person_nn_1594.jpg,0.7986823916435242,0.0817679911851883,0.8078619837760925,0.07041950523853302,0.7967730760574341,0.06678842753171921,0.8308166861534119,0.0720447301864624,0.0,0.0,0.852129340171814,0.14371246099472046,0.7847145199775696,0.11495649814605713,0.8446598649024963,0.24365447461605072,0.7565628886222839,0.18059082329273224,0.7920672297477722,0.23562881350517273,0.7628084421157837,0.20220947265625,0.8230952620506287,0.33512458205223083,0.7778938412666321,0.31771546602249146,0.0,0.0,0.0,0.0,0.0,0.0,0.0,0.0
person_nn_1595.jpg,0.8016202449798584,0.08264712244272232,0.8109527826309204,0.07017729431390762,0.7977844476699829,0.0671587884426117,0.8320443630218506,0.0700380802154541,0.0,0.0,0.8529694080352783,0.13947126269340515,0.780940055847168,0.11550172418355942,0.8483120799064636,0.23982882499694824,0.755188524723053,0.19068612158298492,0.7963093519210815,0.23601503670215607,0.7668079733848572,0.22057972848415375,0.8229497671127319,0.32764896750450134,0.7747414708137512,0.31233322620391846,0.0,0.0,0.0,0.0,0.0,0.0,0.0,0.0
person_nn_1596.jpg,0.8016202449798584,0.08264712244272232,0.8109527826309204,0.07017729431390762,0.7977844476699829,0.0671587884426117,0.8320443630218506,0.0700380802154541,0.0,0.0,0.8529694080352783,0.13947126269340515,0.780940055847168,0.11550172418355942,0.8483120799064636,0.23982882499694824,0.755188524723053,0.19068612158298492,0.7963093519210815,0.23601503670215607,0.7668079733848572,0.22057972848415375,0.8229497671127319,0.32764896750450134,0.7747414708137512,0.31233322620391846,0.0,0.0,0.0,0.0,0.0,0.0,0.0,0.0
person_nn_1597.jpg,0.8041494488716125,0.08256518095731735,0.8133794665336609,0.06962013244628906,0.799856960773468,0.0666036531329155,0.8319913148880005,0.06875959038734436,0.0,0.0,0.8509747982025146,0.14215175807476044,0.7776225805282593,0.1157696396112442,0.8545759320259094,0.241827592253685,0.7515701055526733,0.18305325508117676,0.8054061532020569,0.23722079396247864,0.7619258165359497,0.2079097181558609,0.8228468298912048,0.32899245619773865,0.7751330137252808,0.31331562995910645,0.0,0.0,0.0,0.0,0.0,0.0,0.0,0.0
person_nn_1598.jpg,0.8041494488716125,0.08256518095731735,0.8133794665336609,0.06962013244628906,0.799856960773468,0.0666036531329155,0.8319913148880005,0.06875959038734436,0.0,0.0,0.8509747982025146,0.14215175807476044,0.7776225805282593,0.1157696396112442,0.8545759320259094,0.241827592253685,0.7515701055526733,0.18305325508117676,0.8054061532020569,0.23722079396247864,0.7619258165359497,0.2079097181558609,0.8228468298912048,0.32899245619773865,0.7751330137252808,0.31331562995910645,0.0,0.0,0.0,0.0,0.0,0.0,0.0,0.0
person_nn_1599.jpg,0.8041494488716125,0.08256518095731735,0.8133794665336609,0.06962013244628906,0.799856960773468,0.0666036531329155,0.8319913148880005,0.06875959038734436,0.0,0.0,0.8509747982025146,0.14215175807476044,0.7776225805282593,0.1157696396112442,0.8545759320259094,0.241827592253685,0.7515701055526733,0.18305325508117676,0.8054061532020569,0.23722079396247864,0.7619258165359497,0.2079097181558609,0.8228468298912048,0.32899245619773865,0.7751330137252808,0.31331562995910645,0.0,0.0,0.0,0.0,0.0,0.0,0.0,0.0
person_nn_1600.jpg,0.8054357171058655,0.08309879899024963,0.8145056366920471,0.07040974497795105,0.8004403114318848,0.06800942867994308,0.8317798376083374,0.0702601820230484,0.0,0.0,0.8494976758956909,0.1354750245809555,0.7826021909713745,0.11967387050390244,0.8573342561721802,0.2398209571838379,0.7710570096969604,0.20063376426696777,0.8036686182022095,0.2428574562072754,0.7684759497642517,0.21764007210731506,0.8278873562812805,0.32677850127220154,0.7821477651596069,0.3156765103340149,0.0,0.0,0.0,0.0,0.0,0.0,0.0,0.0
person_nn_1601.jpg,0.8054357171058655,0.08309879899024963,0.8145056366920471,0.07040974497795105,0.8004403114318848,0.06800942867994308,0.8317798376083374,0.0702601820230484,0.0,0.0,0.8494976758956909,0.1354750245809555,0.7826021909713745,0.11967387050390244,0.8573342561721802,0.2398209571838379,0.7710570096969604,0.20063376426696777,0.8036686182022095,0.2428574562072754,0.7684759497642517,0.21764007210731506,0.8278873562812805,0.32677850127220154,0.7821477651596069,0.3156765103340149,0.0,0.0,0.0,0.0,0.0,0.0,0.0,0.0
person_nn_1602.jpg,0.8068819642066956,0.08472184836864471,0.8159658908843994,0.07147514075040817,0.8011800646781921,0.0696529969573021,0.8321592807769775,0.07043348252773285,0.0,0.0,0.8502922058105469,0.13877896964550018,0.7772365212440491,0.12148995697498322,0.861396074295044,0.24257908761501312,0.759486198425293,0.19514572620391846,0.8107989430427551,0.23890803754329681,0.7607417106628418,0.19928449392318726,0.825719952583313,0.32884541153907776,0.7773858904838562,0.3173447549343109,0.0,0.0,0.0,0.0,0.0,0.0,0.0,0.0
person_nn_1603.jpg,0.8068819642066956,0.08472184836864471,0.8159658908843994,0.07147514075040817,0.8011800646781921,0.0696529969573021,0.8321592807769775,0.07043348252773285,0.0,0.0,0.8502922058105469,0.13877896964550018,0.7772365212440491,0.12148995697498322,0.861396074295044,0.24257908761501312,0.759486198425293,0.19514572620391846,0.8107989430427551,0.23890803754329681,0.7607417106628418,0.19928449392318726,0.825719952583313,0.32884541153907776,0.7773858904838562,0.3173447549343109,0.0,0.0,0.0,0.0,0.0,0.0,0.0,0.0
person_nn_1604.jpg,0.8068819642066956,0.08472184836864471,0.8159658908843994,0.07147514075040817,0.8011800646781921,0.0696529969573021,0.8321592807769775,0.07043348252773285,0.0,0.0,0.8502922058105469,0.13877896964550018,0.7772365212440491,0.12148995697498322,0.861396074295044,0.24257908761501312,0.759486198425293,0.19514572620391846,0.8107989430427551,0.23890803754329681,0.7607417106628418,0.19928449392318726,0.825719952583313,0.32884541153907776,0.7773858904838562,0.3173447549343109,0.0,0.0,0.0,0.0,0.0,0.0,0.0,0.0
person_nn_1605.jpg,0.8067284226417542,0.085655078291893,0.8157172799110413,0.07198796421289444,0.8012760281562805,0.07011837512254715,0.8333202600479126,0.06939838826656342,0.0,0.0,0.8532168865203857,0.13367371261119843,0.7797262072563171,0.12187381833791733,0.8618004322052002,0.24116285145282745,0.7653055787086487,0.2125435322523117,0.8099310994148254,0.22962753474712372,0.7729758620262146,0.20776225626468658,0.8289409875869751,0.335001677274704,0.7788937091827393,0.32591062784194946,0.0,0.0,0.0,0.0,0.0,0.0,0.0,0.0
person_nn_1606.jpg,0.8067284226417542,0.085655078291893,0.8157172799110413,0.07198796421289444,0.8012760281562805,0.07011837512254715,0.8333202600479126,0.06939838826656342,0.0,0.0,0.8532168865203857,0.13367371261119843,0.7797262072563171,0.12187381833791733,0.8618004322052002,0.24116285145282745,0.7653055787086487,0.2125435322523117,0.8099310994148254,0.22962753474712372,0.7729758620262146,0.20776225626468658,0.8289409875869751,0.335001677274704,0.7788937091827393,0.32591062784194946,0.0,0.0,0.0,0.0,0.0,0.0,0.0,0.0
person_nn_1607.jpg,0.8063152432441711,0.08394692838191986,0.8143148422241211,0.07213906943798065,0.801550030708313,0.06988821923732758,0.8307410478591919,0.07284227013587952,0.7946664094924927,0.06731113791465759,0.8504555225372314,0.14122119545936584,0.7765479683876038,0.12052785605192184,0.8626145124435425,0.22976064682006836,0.7518113851547241,0.18447263538837433,0.8199175596237183,0.22559967637062073,0.772983968257904,0.20350070297718048,0.8286152482032776,0.32727575302124023,0.7799252271652222,0.31595566868782043,0.0,0.0,0.0,0.0,0.0,0.0,0.0,0.0
person_nn_1608.jpg,0.8063152432441711,0.08394692838191986,0.8143148422241211,0.07213906943798065,0.801550030708313,0.06988821923732758,0.8307410478591919,0.07284227013587952,0.7946664094924927,0.06731113791465759,0.8504555225372314,0.14122119545936584,0.7765479683876038,0.12052785605192184,0.8626145124435425,0.22976064682006836,0.7518113851547241,0.18447263538837433,0.8199175596237183,0.22559967637062073,0.772983968257904,0.20350070297718048,0.8286152482032776,0.32727575302124023,0.7799252271652222,0.31595566868782043,0.0,0.0,0.0,0.0,0.0,0.0,0.0,0.0
person_nn_1609.jpg,0.8063152432441711,0.08394692838191986,0.8143148422241211,0.07213906943798065,0.801550030708313,0.06988821923732758,0.8307410478591919,0.07284227013587952,0.7946664094924927,0.06731113791465759,0.8504555225372314,0.14122119545936584,0.7765479683876038,0.12052785605192184,0.8626145124435425,0.22976064682006836,0.7518113851547241,0.18447263538837433,0.8199175596237183,0.22559967637062073,0.772983968257904,0.20350070297718048,0.8286152482032776,0.32727575302124023,0.7799252271652222,0.31595566868782043,0.0,0.0,0.0,0.0,0.0,0.0,0.0,0.0
person_nn_1610.jpg,0.8041917681694031,0.08519338071346283,0.8138749003410339,0.07221468538045883,0.7991724610328674,0.07027644664049149,0.8303879499435425,0.07029838860034943,0.7927384376525879,0.06350073963403702,0.8464435338973999,0.14530450105667114,0.7773504853248596,0.1230306476354599,0.8666261434555054,0.24690182507038116,0.7481741905212402,0.1896071881055832,0.8155077695846558,0.23165784776210785,0.7774661183357239,0.19376598298549652,0.8235870599746704,0.34241631627082825,0.7779954075813293,0.33113038539886475,0.0,0.0,0.0,0.0,0.0,0.0,0.0,0.0
person_nn_1611.jpg,0.8041917681694031,0.08519338071346283,0.8138749003410339,0.07221468538045883,0.7991724610328674,0.07027644664049149,0.8303879499435425,0.07029838860034943,0.7927384376525879,0.06350073963403702,0.8464435338973999,0.14530450105667114,0.7773504853248596,0.1230306476354599,0.8666261434555054,0.24690182507038116,0.7481741905212402,0.1896071881055832,0.8155077695846558,0.23165784776210785,0.7774661183357239,0.19376598298549652,0.8235870599746704,0.34241631627082825,0.7779954075813293,0.33113038539886475,0.0,0.0,0.0,0.0,0.0,0.0,0.0,0.0
person_nn_1612.jpg,0.8021253347396851,0.08350862562656403,0.8108328580856323,0.0708577036857605,0.7976630330085754,0.06841530650854111,0.8300026655197144,0.07225138694047928,0.0,0.0,0.8490625023841858,0.14759047329425812,0.776447057723999,0.12194263190031052,0.8507196307182312,0.2423650622367859,0.752669095993042,0.18592320382595062,0.8079291582107544,0.22802597284317017,0.7841945886611938,0.19135837256908417,0.8273201584815979,0.33383527398109436,0.7799347639083862,0.320408433675766,0.0,0.0,0.0,0.0,0.0,0.0,0.0,0.0
person_nn_1613.jpg,0.8021253347396851,0.08350862562656403,0.8108328580856323,0.0708577036857605,0.7976630330085754,0.06841530650854111,0.8300026655197144,0.07225138694047928,0.0,0.0,0.8490625023841858,0.14759047329425812,0.776447057723999,0.12194263190031052,0.8507196307182312,0.2423650622367859,0.752669095993042,0.18592320382595062,0.8079291582107544,0.22802597284317017,0.7841945886611938,0.19135837256908417,0.8273201584815979,0.33383527398109436,0.7799347639083862,0.320408433675766,0.0,0.0,0.0,0.0,0.0,0.0,0.0,0.0
person_nn_1614.jpg,0.8021253347396851,0.08350862562656403,0.8108328580856323,0.0708577036857605,0.7976630330085754,0.06841530650854111,0.8300026655197144,0.07225138694047928,0.0,0.0,0.8490625023841858,0.14759047329425812,0.776447057723999,0.12194263190031052,0.8507196307182312,0.2423650622367859,0.752669095993042,0.18592320382595062,0.8079291582107544,0.22802597284317017,0.7841945886611938,0.19135837256908417,0.8273201584815979,0.33383527398109436,0.7799347639083862,0.320408433675766,0.0,0.0,0.0,0.0,0.0,0.0,0.0,0.0
person_nn_1615.jpg,0.7898090481758118,0.07444511353969574,0.798029899597168,0.06406838446855545,0.7909398078918457,0.06356111168861389,0.8209584951400757,0.07277964055538177,0.0,0.0,0.8344667553901672,0.15010234713554382,0.7963202595710754,0.12587879598140717,0.8190682530403137,0.2526639699935913,0.7739855647087097,0.19390869140625,0.7676602602005005,0.22074846923351288,0.7617421746253967,0.1994718611240387,0.8080779910087585,0.33413198590278625,0.780328631401062,0.31968390941619873,0.0,0.0,0.0,0.0,0.0,0.0,0.0,0.0
person_nn_1616.jpg,0.7898090481758118,0.07444511353969574,0.798029899597168,0.06406838446855545,0.7909398078918457,0.06356111168861389,0.8209584951400757,0.07277964055538177,0.0,0.0,0.8344667553901672,0.15010234713554382,0.7963202595710754,0.12587879598140717,0.8190682530403137,0.2526639699935913,0.7739855647087097,0.19390869140625,0.7676602602005005,0.22074846923351288,0.7617421746253967,0.1994718611240387,0.8080779910087585,0.33413198590278625,0.780328631401062,0.31968390941619873,0.0,0.0,0.0,0.0,0.0,0.0,0.0,0.0
person_nn_1617.jpg,0.7902818322181702,0.07099741697311401,0.7976348400115967,0.06161146238446236,0.0,0.0,0.8187636733055115,0.07338655740022659,0.0,0.0,0.829282283782959,0.14858053624629974,0.8103792071342468,0.12416263669729233,0.8005009293556213,0.24855361878871918,0.7876497507095337,0.19545121490955353,0.7596981525421143,0.2183898687362671,0.7653011679649353,0.19865548610687256,0.8104032278060913,0.3255712687969208,0.7949967384338379,0.3092730641365051,0.0,0.0,0.0,0.0,0.0,0.0,0.0,0.0
person_nn_1618.jpg,0.7902818322181702,0.07099741697311401,0.7976348400115967,0.06161146238446236,0.0,0.0,0.8187636733055115,0.07338655740022659,0.0,0.0,0.829282283782959,0.14858053624629974,0.8103792071342468,0.12416263669729233,0.8005009293556213,0.24855361878871918,0.7876497507095337,0.19545121490955353,0.7596981525421143,0.2183898687362671,0.7653011679649353,0.19865548610687256,0.8104032278060913,0.3255712687969208,0.7949967384338379,0.3092730641365051,0.0,0.0,0.0,0.0,0.0,0.0,0.0,0.0
person_nn_1619.jpg,0.7911038398742676,0.07367274910211563,0.7970702052116394,0.06334344297647476,0.0,0.0,0.8151336908340454,0.07549761980772018,0.0,0.0,0.8144606947898865,0.15095321834087372,0.8376206159591675,0.13499407470226288,0.7815560698509216,0.24317049980163574,0.0,0.0,0.7538855075836182,0.21475011110305786,0.0,0.0,0.8000661730766296,0.3381901681423187,0.0,0.0,0.0,0.0,0.0,0.0,0.0,0.0,0.0,0.0
person_nn_1620.jpg,0.7911038398742676,0.07367274910211563,0.7970702052116394,0.06334344297647476,0.0,0.0,0.8151336908340454,0.07549761980772018,0.0,0.0,0.8144606947898865,0.15095321834087372,0.8376206159591675,0.13499407470226288,0.7815560698509216,0.24317049980163574,0.0,0.0,0.7538855075836182,0.21475011110305786,0.0,0.0,0.8000661730766296,0.3381901681423187,0.0,0.0,0.0,0.0,0.0,0.0,0.0,0.0,0.0,0.0
person_nn_1621.jpg,0.7911038398742676,0.07367274910211563,0.7970702052116394,0.06334344297647476,0.0,0.0,0.8151336908340454,0.07549761980772018,0.0,0.0,0.8144606947898865,0.15095321834087372,0.8376206159591675,0.13499407470226288,0.7815560698509216,0.24317049980163574,0.0,0.0,0.7538855075836182,0.21475011110305786,0.0,0.0,0.8000661730766296,0.3381901681423187,0.0,0.0,0.0,0.0,0.0,0.0,0.0,0.0,0.0,0.0
person_nn_1622.jpg,0.7929566502571106,0.07562226057052612,0.797639787197113,0.06436814367771149,0.0,0.0,0.8121124505996704,0.0736682265996933,0.0,0.0,0.8037288188934326,0.154552161693573,0.8479441404342651,0.13886763155460358,0.7694129943847656,0.25376951694488525,0.0,0.0,0.7503791451454163,0.20848055183887482,0.0,0.0,0.7994539737701416,0.3371809720993042,0.830161988735199,0.3247840702533722,0.0,0.0,0.0,0.0,0.0,0.0,0.0,0.0
person_nn_1623.jpg,0.7929566502571106,0.07562226057052612,0.797639787197113,0.06436814367771149,0.0,0.0,0.8121124505996704,0.0736682265996933,0.0,0.0,0.8037288188934326,0.154552161693573,0.8479441404342651,0.13886763155460358,0.7694129943847656,0.25376951694488525,0.0,0.0,0.7503791451454163,0.20848055183887482,0.0,0.0,0.7994539737701416,0.3371809720993042,0.830161988735199,0.3247840702533722,0.0,0.0,0.0,0.0,0.0,0.0,0.0,0.0
person_nn_1624.jpg,0.7969242930412292,0.07619316875934601,0.7993565201759338,0.06502930074930191,0.0,0.0,0.8105533719062805,0.07533527910709381,0.0,0.0,0.797622561454773,0.1650332510471344,0.853855550289154,0.1475294530391693,0.7580148577690125,0.2548843324184418,0.0,0.0,0.7561107277870178,0.19448783993721008,0.0,0.0,0.7970174551010132,0.36643555760383606,0.0,0.0,0.0,0.0,0.0,0.0,0.0,0.0,0.0,0.0
person_nn_1625.jpg,0.7969242930412292,0.07619316875934601,0.7993565201759338,0.06502930074930191,0.0,0.0,0.8105533719062805,0.07533527910709381,0.0,0.0,0.797622561454773,0.1650332510471344,0.853855550289154,0.1475294530391693,0.7580148577690125,0.2548843324184418,0.0,0.0,0.7561107277870178,0.19448783993721008,0.0,0.0,0.7970174551010132,0.36643555760383606,0.0,0.0,0.0,0.0,0.0,0.0,0.0,0.0,0.0,0.0
person_nn_1626.jpg,0.7969242930412292,0.07619316875934601,0.7993565201759338,0.06502930074930191,0.0,0.0,0.8105533719062805,0.07533527910709381,0.0,0.0,0.797622561454773,0.1650332510471344,0.853855550289154,0.1475294530391693,0.7580148577690125,0.2548843324184418,0.0,0.0,0.7561107277870178,0.19448783993721008,0.0,0.0,0.7970174551010132,0.36643555760383606,0.0,0.0,0.0,0.0,0.0,0.0,0.0,0.0,0.0,0.0
person_nn_1627.jpg,0.0,0.0,0.0,0.0,0.0,0.0,0.8116517663002014,0.07263541966676712,0.0,0.0,0.795472264289856,0.16124215722084045,0.8620295524597168,0.13947664201259613,0.7518909573554993,0.23705756664276123,0.0,0.0,0.770133912563324,0.13868741691112518,0.0,0.0,0.7959654331207275,0.3429318070411682,0.0,0.0,0.0,0.0,0.0,0.0,0.0,0.0,0.0,0.0
person_nn_1628.jpg,0.0,0.0,0.0,0.0,0.0,0.0,0.8116517663002014,0.07263541966676712,0.0,0.0,0.795472264289856,0.16124215722084045,0.8620295524597168,0.13947664201259613,0.7518909573554993,0.23705756664276123,0.0,0.0,0.770133912563324,0.13868741691112518,0.0,0.0,0.7959654331207275,0.3429318070411682,0.0,0.0,0.0,0.0,0.0,0.0,0.0,0.0,0.0,0.0
person_nn_1629.jpg,0.0,0.0,0.0,0.0,0.0,0.0,0.8164269924163818,0.06411014497280121,0.0,0.0,0.8032084107398987,0.14060498774051666,0.8678261637687683,0.12531541287899017,0.7565931677818298,0.21478243172168732,0.0,0.0,0.7713250517845154,0.13548272848129272,0.0,0.0,0.7979703545570374,0.33022263646125793,0.0,0.0,0.0,0.0,0.0,0.0,0.0,0.0,0.0,0.0
person_nn_1630.jpg,0.0,0.0,0.0,0.0,0.0,0.0,0.8164269924163818,0.06411014497280121,0.0,0.0,0.8032084107398987,0.14060498774051666,0.8678261637687683,0.12531541287899017,0.7565931677818298,0.21478243172168732,0.0,0.0,0.7713250517845154,0.13548272848129272,0.0,0.0,0.7979703545570374,0.33022263646125793,0.0,0.0,0.0,0.0,0.0,0.0,0.0,0.0,0.0,0.0
person_nn_1631.jpg,0.0,0.0,0.0,0.0,0.0,0.0,0.8164269924163818,0.06411014497280121,0.0,0.0,0.8032084107398987,0.14060498774051666,0.8678261637687683,0.12531541287899017,0.7565931677818298,0.21478243172168732,0.0,0.0,0.7713250517845154,0.13548272848129272,0.0,0.0,0.7979703545570374,0.33022263646125793,0.0,0.0,0.0,0.0,0.0,0.0,0.0,0.0,0.0,0.0
person_nn_1632.jpg,0.0,0.0,0.8128387331962585,0.0531141571700573,0.0,0.0,0.8236240148544312,0.06331580132246017,0.0,0.0,0.8057394623756409,0.14039026200771332,0.8704750537872314,0.1209011822938919,0.7546014785766602,0.20793086290359497,0.0,0.0,0.7830736041069031,0.12212397158145905,0.0,0.0,0.8021676540374756,0.33657562732696533,0.0,0.0,0.0,0.0,0.0,0.0,0.0,0.0,0.0,0.0
person_nn_1633.jpg,0.0,0.0,0.8128387331962585,0.0531141571700573,0.0,0.0,0.8236240148544312,0.06331580132246017,0.0,0.0,0.8057394623756409,0.14039026200771332,0.8704750537872314,0.1209011822938919,0.7546014785766602,0.20793086290359497,0.0,0.0,0.7830736041069031,0.12212397158145905,0.0,0.0,0.8021676540374756,0.33657562732696533,0.0,0.0,0.0,0.0,0.0,0.0,0.0,0.0,0.0,0.0
person_nn_1634.jpg,0.0,0.0,0.8149999380111694,0.05292925238609314,0.0,0.0,0.8281152248382568,0.06163258105516434,0.0,0.0,0.8116918206214905,0.13881413638591766,0.8721747994422913,0.12212494015693665,0.7573111057281494,0.20789064466953278,0.0,0.0,0.7860363125801086,0.1281072050333023,0.0,0.0,0.8019539713859558,0.3403699994087219,0.0,0.0,0.0,0.0,0.0,0.0,0.0,0.0,0.0,0.0
person_nn_1635.jpg,0.0,0.0,0.8149999380111694,0.05292925238609314,0.0,0.0,0.8281152248382568,0.06163258105516434,0.0,0.0,0.8116918206214905,0.13881413638591766,0.8721747994422913,0.12212494015693665,0.7573111057281494,0.20789064466953278,0.0,0.0,0.7860363125801086,0.1281072050333023,0.0,0.0,0.8019539713859558,0.3403699994087219,0.0,0.0,0.0,0.0,0.0,0.0,0.0,0.0,0.0,0.0
person_nn_1636.jpg,0.0,0.0,0.8149999380111694,0.05292925238609314,0.0,0.0,0.8281152248382568,0.06163258105516434,0.0,0.0,0.8116918206214905,0.13881413638591766,0.8721747994422913,0.12212494015693665,0.7573111057281494,0.20789064466953278,0.0,0.0,0.7860363125801086,0.1281072050333023,0.0,0.0,0.8019539713859558,0.3403699994087219,0.0,0.0,0.0,0.0,0.0,0.0,0.0,0.0,0.0,0.0
person_nn_1637.jpg,0.8163902163505554,0.0575898177921772,0.8201469779014587,0.04764552041888237,0.0,0.0,0.8343949913978577,0.05964977294206619,0.0,0.0,0.8282902240753174,0.13711409270763397,0.8693768978118896,0.12745685875415802,0.7970778942108154,0.2082030177116394,0.0,0.0,0.7755200862884521,0.17750798165798187,0.0,0.0,0.817387044429779,0.32795676589012146,0.8471753597259521,0.31891360878944397,0.0,0.0,0.0,0.0,0.0,0.0,0.0,0.0
person_nn_1638.jpg,0.8163902163505554,0.0575898177921772,0.8201469779014587,0.04764552041888237,0.0,0.0,0.8343949913978577,0.05964977294206619,0.0,0.0,0.8282902240753174,0.13711409270763397,0.8693768978118896,0.12745685875415802,0.7970778942108154,0.2082030177116394,0.0,0.0,0.7755200862884521,0.17750798165798187,0.0,0.0,0.817387044429779,0.32795676589012146,0.8471753597259521,0.31891360878944397,0.0,0.0,0.0,0.0,0.0,0.0,0.0,0.0
person_nn_1639.jpg,0.8163902163505554,0.0575898177921772,0.8201469779014587,0.04764552041888237,0.0,0.0,0.8343949913978577,0.05964977294206619,0.0,0.0,0.8282902240753174,0.13711409270763397,0.8693768978118896,0.12745685875415802,0.7970778942108154,0.2082030177116394,0.0,0.0,0.7755200862884521,0.17750798165798187,0.0,0.0,0.817387044429779,0.32795676589012146,0.8471753597259521,0.31891360878944397,0.0,0.0,0.0,0.0,0.0,0.0,0.0,0.0
person_nn_1640.jpg,0.8133267164230347,0.05823160335421562,0.8171883225440979,0.04905346408486366,0.0,0.0,0.8312174677848816,0.06326381862163544,0.0,0.0,0.8255292773246765,0.14226774871349335,0.8659880757331848,0.12928251922130585,0.7978813648223877,0.21889431774616241,0.0,0.0,0.7761199474334717,0.1842314600944519,0.0,0.0,0.8180955648422241,0.32952582836151123,0.0,0.0,0.0,0.0,0.0,0.0,0.0,0.0,0.0,0.0
person_nn_1641.jpg,0.8133267164230347,0.05823160335421562,0.8171883225440979,0.04905346408486366,0.0,0.0,0.8312174677848816,0.06326381862163544,0.0,0.0,0.8255292773246765,0.14226774871349335,0.8659880757331848,0.12928251922130585,0.7978813648223877,0.21889431774616241,0.0,0.0,0.7761199474334717,0.1842314600944519,0.0,0.0,0.8180955648422241,0.32952582836151123,0.0,0.0,0.0,0.0,0.0,0.0,0.0,0.0,0.0,0.0
person_nn_1642.jpg,0.8090609312057495,0.05797557160258293,0.8140552043914795,0.04959584027528763,0.0,0.0,0.830420732498169,0.06685710698366165,0.0,0.0,0.8271885514259338,0.1475478708744049,0.8625046610832214,0.13176697492599487,0.8034785389900208,0.23243924975395203,0.0,0.0,0.7750154733657837,0.19382689893245697,0.0,0.0,0.8160980939865112,0.3342641592025757,0.0,0.0,0.0,0.0,0.0,0.0,0.0,0.0,0.0,0.0
person_nn_1643.jpg,0.8090609312057495,0.05797557160258293,0.8140552043914795,0.04959584027528763,0.0,0.0,0.830420732498169,0.06685710698366165,0.0,0.0,0.8271885514259338,0.1475478708744049,0.8625046610832214,0.13176697492599487,0.8034785389900208,0.23243924975395203,0.0,0.0,0.7750154733657837,0.19382689893245697,0.0,0.0,0.8160980939865112,0.3342641592025757,0.0,0.0,0.0,0.0,0.0,0.0,0.0,0.0,0.0,0.0
person_nn_1644.jpg,0.8090609312057495,0.05797557160258293,0.8140552043914795,0.04959584027528763,0.0,0.0,0.830420732498169,0.06685710698366165,0.0,0.0,0.8271885514259338,0.1475478708744049,0.8625046610832214,0.13176697492599487,0.8034785389900208,0.23243924975395203,0.0,0.0,0.7750154733657837,0.19382689893245697,0.0,0.0,0.8160980939865112,0.3342641592025757,0.0,0.0,0.0,0.0,0.0,0.0,0.0,0.0,0.0,0.0
person_nn_1645.jpg,0.8063027858734131,0.05913583189249039,0.811208963394165,0.05110113322734833,0.0,0.0,0.8282816410064697,0.06668208539485931,0.0,0.0,0.8299279808998108,0.14533083140850067,0.8553769588470459,0.1261042207479477,0.8090001940727234,0.23524723947048187,0.0,0.0,0.7746861577033997,0.19697141647338867,0.0,0.0,0.8166417479515076,0.3309851288795471,0.0,0.0,0.0,0.0,0.0,0.0,0.0,0.0,0.0,0.0
person_nn_1646.jpg,0.8063027858734131,0.05913583189249039,0.811208963394165,0.05110113322734833,0.0,0.0,0.8282816410064697,0.06668208539485931,0.0,0.0,0.8299279808998108,0.14533083140850067,0.8553769588470459,0.1261042207479477,0.8090001940727234,0.23524723947048187,0.0,0.0,0.7746861577033997,0.19697141647338867,0.0,0.0,0.8166417479515076,0.3309851288795471,0.0,0.0,0.0,0.0,0.0,0.0,0.0,0.0,0.0,0.0
person_nn_1647.jpg,0.8018068075180054,0.0658811703324318,0.8079915046691895,0.0576896145939827,0.0,0.0,0.8272613286972046,0.07032621651887894,0.0,0.0,0.8311473727226257,0.1491008996963501,0.8385021090507507,0.12529438734054565,0.8118450045585632,0.2439352422952652,0.0,0.0,0.7765176892280579,0.20641162991523743,0.0,0.0,0.8135519027709961,0.34132254123687744,0.8191443681716919,0.3250184655189514,0.0,0.0,0.0,0.0,0.0,0.0,0.0,0.0
person_nn_1648.jpg,0.8018068075180054,0.0658811703324318,0.8079915046691895,0.0576896145939827,0.0,0.0,0.8272613286972046,0.07032621651887894,0.0,0.0,0.8311473727226257,0.1491008996963501,0.8385021090507507,0.12529438734054565,0.8118450045585632,0.2439352422952652,0.0,0.0,0.7765176892280579,0.20641162991523743,0.0,0.0,0.8135519027709961,0.34132254123687744,0.8191443681716919,0.3250184655189514,0.0,0.0,0.0,0.0,0.0,0.0,0.0,0.0
person_nn_1649.jpg,0.8018068075180054,0.0658811703324318,0.8079915046691895,0.0576896145939827,0.0,0.0,0.8272613286972046,0.07032621651887894,0.0,0.0,0.8311473727226257,0.1491008996963501,0.8385021090507507,0.12529438734054565,0.8118450045585632,0.2439352422952652,0.0,0.0,0.7765176892280579,0.20641162991523743,0.0,0.0,0.8135519027709961,0.34132254123687744,0.8191443681716919,0.3250184655189514,0.0,0.0,0.0,0.0,0.0,0.0,0.0,0.0
person_nn_1650.jpg,0.8004711866378784,0.06960471719503403,0.8069750666618347,0.06179184466600418,0.0,0.0,0.8256558775901794,0.07329461723566055,0.0,0.0,0.8380525708198547,0.15039116144180298,0.8137093186378479,0.12587714195251465,0.8194794058799744,0.24677185714244843,0.0,0.0,0.7782284021377563,0.2123577892780304,0.0,0.0,0.8144875168800354,0.3372962474822998,0.7972243428230286,0.3205481171607971,0.0,0.0,0.0,0.0,0.0,0.0,0.0,0.0
person_nn_1651.jpg,0.8004711866378784,0.06960471719503403,0.8069750666618347,0.06179184466600418,0.0,0.0,0.8256558775901794,0.07329461723566055,0.0,0.0,0.8380525708198547,0.15039116144180298,0.8137093186378479,0.12587714195251465,0.8194794058799744,0.24677185714244843,0.0,0.0,0.7782284021377563,0.2123577892780304,0.0,0.0,0.8144875168800354,0.3372962474822998,0.7972243428230286,0.3205481171607971,0.0,0.0,0.0,0.0,0.0,0.0,0.0,0.0
person_nn_1652.jpg,0.7986327409744263,0.0727691650390625,0.8058632612228394,0.06475871056318283,0.0,0.0,0.8244844079017639,0.0789545476436615,0.0,0.0,0.8365548253059387,0.16170911490917206,0.8042581081390381,0.13501882553100586,0.81828773021698,0.2628561556339264,0.0,0.0,0.7762879729270935,0.2238015979528427,0.0,0.0,0.8101280331611633,0.352789968252182,0.7870808839797974,0.33566632866859436,0.0,0.0,0.0,0.0,0.0,0.0,0.0,0.0
person_nn_1653.jpg,0.7986327409744263,0.0727691650390625,0.8058632612228394,0.06475871056318283,0.0,0.0,0.8244844079017639,0.0789545476436615,0.0,0.0,0.8365548253059387,0.16170911490917206,0.8042581081390381,0.13501882553100586,0.81828773021698,0.2628561556339264,0.0,0.0,0.7762879729270935,0.2238015979528427,0.0,0.0,0.8101280331611633,0.352789968252182,0.7870808839797974,0.33566632866859436,0.0,0.0,0.0,0.0,0.0,0.0,0.0,0.0
person_nn_1654.jpg,0.7986327409744263,0.0727691650390625,0.8058632612228394,0.06475871056318283,0.0,0.0,0.8244844079017639,0.0789545476436615,0.0,0.0,0.8365548253059387,0.16170911490917206,0.8042581081390381,0.13501882553100586,0.81828773021698,0.2628561556339264,0.0,0.0,0.7762879729270935,0.2238015979528427,0.0,0.0,0.8101280331611633,0.352789968252182,0.7870808839797974,0.33566632866859436,0.0,0.0,0.0,0.0,0.0,0.0,0.0,0.0
person_nn_1655.jpg,0.7882907390594482,0.10007531195878983,0.7969432473182678,0.08897724002599716,0.7879937887191772,0.08346764743328094,0.8211793899536133,0.0971859022974968,0.0,0.0,0.8378402590751648,0.18490174412727356,0.7989795207977295,0.1332765519618988,0.8236718773841858,0.2895182967185974,0.7753652334213257,0.18107683956623077,0.784698486328125,0.2507536709308624,0.7753099799156189,0.19250792264938354,0.8176364898681641,0.32950812578201294,0.7927696704864502,0.29826363921165466,0.0,0.0,0.0,0.0,0.0,0.0,0.0,0.0
person_nn_1656.jpg,0.7882907390594482,0.10007531195878983,0.7969432473182678,0.08897724002599716,0.7879937887191772,0.08346764743328094,0.8211793899536133,0.0971859022974968,0.0,0.0,0.8378402590751648,0.18490174412727356,0.7989795207977295,0.1332765519618988,0.8236718773841858,0.2895182967185974,0.7753652334213257,0.18107683956623077,0.784698486328125,0.2507536709308624,0.7753099799156189,0.19250792264938354,0.8176364898681641,0.32950812578201294,0.7927696704864502,0.29826363921165466,0.0,0.0,0.0,0.0,0.0,0.0,0.0,0.0
person_nn_1657.jpg,0.7882907390594482,0.10007531195878983,0.7969432473182678,0.08897724002599716,0.7879937887191772,0.08346764743328094,0.8211793899536133,0.0971859022974968,0.0,0.0,0.8378402590751648,0.18490174412727356,0.7989795207977295,0.1332765519618988,0.8236718773841858,0.2895182967185974,0.7753652334213257,0.18107683956623077,0.784698486328125,0.2507536709308624,0.7753099799156189,0.19250792264938354,0.8176364898681641,0.32950812578201294,0.7927696704864502,0.29826363921165466,0.0,0.0,0.0,0.0,0.0,0.0,0.0,0.0
person_nn_1658.jpg,0.7839815616607666,0.10520372539758682,0.7914981842041016,0.09416038542985916,0.0,0.0,0.8155731558799744,0.10268747061491013,0.0,0.0,0.8354464173316956,0.18999946117401123,0.8037621974945068,0.1521492302417755,0.8206138610839844,0.29583796858787537,0.7833910584449768,0.20675648748874664,0.7757622599601746,0.25634825229644775,0.767562210559845,0.19730474054813385,0.8120649456977844,0.35764530301094055,0.7918645739555359,0.33107298612594604,0.0,0.0,0.0,0.0,0.0,0.0,0.0,0.0
person_nn_1659.jpg,0.7839815616607666,0.10520372539758682,0.7914981842041016,0.09416038542985916,0.0,0.0,0.8155731558799744,0.10268747061491013,0.0,0.0,0.8354464173316956,0.18999946117401123,0.8037621974945068,0.1521492302417755,0.8206138610839844,0.29583796858787537,0.7833910584449768,0.20675648748874664,0.7757622599601746,0.25634825229644775,0.767562210559845,0.19730474054813385,0.8120649456977844,0.35764530301094055,0.7918645739555359,0.33107298612594604,0.0,0.0,0.0,0.0,0.0,0.0,0.0,0.0
person_nn_1660.jpg,0.7823652029037476,0.10804654657840729,0.7897467613220215,0.0980035811662674,0.0,0.0,0.8132966756820679,0.10589677840471268,0.0,0.0,0.8242671489715576,0.18226763606071472,0.8156444430351257,0.15166409313678741,0.8105400800704956,0.286019504070282,0.0,0.0,0.7786659002304077,0.2413279414176941,0.7774295210838318,0.20038765668869019,0.8121732473373413,0.3368263244628906,0.0,0.0,0.0,0.0,0.0,0.0,0.0,0.0,0.0,0.0
person_nn_1661.jpg,0.7823652029037476,0.10804654657840729,0.7897467613220215,0.0980035811662674,0.0,0.0,0.8132966756820679,0.10589677840471268,0.0,0.0,0.8242671489715576,0.18226763606071472,0.8156444430351257,0.15166409313678741,0.8105400800704956,0.286019504070282,0.0,0.0,0.7786659002304077,0.2413279414176941,0.7774295210838318,0.20038765668869019,0.8121732473373413,0.3368263244628906,0.0,0.0,0.0,0.0,0.0,0.0,0.0,0.0,0.0,0.0
person_nn_1662.jpg,0.776439905166626,0.10787077248096466,0.7844712138175964,0.09668517857789993,0.7770861983299255,0.09198428690433502,0.8112653493881226,0.10177222639322281,0.0,0.0,0.8327062129974365,0.18493302166461945,0.7860435843467712,0.1330503523349762,0.813763439655304,0.27589336037635803,0.7495720982551575,0.16707967221736908,0.7754727602005005,0.24842895567417145,0.7619728446006775,0.18922947347164154,0.8134724497795105,0.34603646397590637,0.7834281921386719,0.31563374400138855,0.0,0.0,0.0,0.0,0.0,0.0,0.0,0.0
person_nn_1663.jpg,0.776439905166626,0.10787077248096466,0.7844712138175964,0.09668517857789993,0.7770861983299255,0.09198428690433502,0.8112653493881226,0.10177222639322281,0.0,0.0,0.8327062129974365,0.18493302166461945,0.7860435843467712,0.1330503523349762,0.813763439655304,0.27589336037635803,0.7495720982551575,0.16707967221736908,0.7754727602005005,0.24842895567417145,0.7619728446006775,0.18922947347164154,0.8134724497795105,0.34603646397590637,0.7834281921386719,0.31563374400138855,0.0,0.0,0.0,0.0,0.0,0.0,0.0,0.0
person_nn_1664.jpg,0.7733891606330872,0.10080893337726593,0.782106876373291,0.08999020606279373,0.7741347551345825,0.08496443927288055,0.8087209463119507,0.0929725170135498,0.0,0.0,0.8319405913352966,0.17165865004062653,0.7713523507118225,0.12559956312179565,0.8229140639305115,0.2640947103500366,0.7391517162322998,0.170926034450531,0.7798054218292236,0.24945788085460663,0.7612008452415466,0.2049984633922577,0.805724024772644,0.3413262963294983,0.7668177485466003,0.31502607464790344,0.0,0.0,0.0,0.0,0.0,0.0,0.0,0.0
person_nn_1665.jpg,0.7733891606330872,0.10080893337726593,0.782106876373291,0.08999020606279373,0.7741347551345825,0.08496443927288055,0.8087209463119507,0.0929725170135498,0.0,0.0,0.8319405913352966,0.17165865004062653,0.7713523507118225,0.12559956312179565,0.8229140639305115,0.2640947103500366,0.7391517162322998,0.170926034450531,0.7798054218292236,0.24945788085460663,0.7612008452415466,0.2049984633922577,0.805724024772644,0.3413262963294983,0.7668177485466003,0.31502607464790344,0.0,0.0,0.0,0.0,0.0,0.0,0.0,0.0
person_nn_1666.jpg,0.7733891606330872,0.10080893337726593,0.782106876373291,0.08999020606279373,0.7741347551345825,0.08496443927288055,0.8087209463119507,0.0929725170135498,0.0,0.0,0.8319405913352966,0.17165865004062653,0.7713523507118225,0.12559956312179565,0.8229140639305115,0.2640947103500366,0.7391517162322998,0.170926034450531,0.7798054218292236,0.24945788085460663,0.7612008452415466,0.2049984633922577,0.805724024772644,0.3413262963294983,0.7668177485466003,0.31502607464790344,0.0,0.0,0.0,0.0,0.0,0.0,0.0,0.0
person_nn_1667.jpg,0.7705996036529541,0.09731025248765945,0.7791850566864014,0.08604108542203903,0.7709618210792542,0.08139454573392868,0.8055081963539124,0.08834472298622131,0.0,0.0,0.8292144536972046,0.17070472240447998,0.7638024091720581,0.12508916854858398,0.8227041363716125,0.26147520542144775,0.7308149933815002,0.17048901319503784,0.7802949547767639,0.24657656252384186,0.7613291144371033,0.20917335152626038,0.7985128164291382,0.3475528955459595,0.7566379904747009,0.3219784200191498,0.0,0.0,0.0,0.0,0.0,0.0,0.0,0.0
person_nn_1668.jpg,0.7705996036529541,0.09731025248765945,0.7791850566864014,0.08604108542203903,0.7709618210792542,0.08139454573392868,0.8055081963539124,0.08834472298622131,0.0,0.0,0.8292144536972046,0.17070472240447998,0.7638024091720581,0.12508916854858398,0.8227041363716125,0.26147520542144775,0.7308149933815002,0.17048901319503784,0.7802949547767639,0.24657656252384186,0.7613291144371033,0.20917335152626038,0.7985128164291382,0.3475528955459595,0.7566379904747009,0.3219784200191498,0.0,0.0,0.0,0.0,0.0,0.0,0.0,0.0
person_nn_1669.jpg,0.7678328156471252,0.09634284675121307,0.776197075843811,0.08493119478225708,0.7675291895866394,0.08107279986143112,0.8013535737991333,0.08801371604204178,0.0,0.0,0.825976550579071,0.1730702817440033,0.7609384059906006,0.13110461831092834,0.8217840790748596,0.2637847661972046,0.7317732572555542,0.1765497475862503,0.780627965927124,0.2434839904308319,0.759833574295044,0.20345067977905273,0.7955284714698792,0.3515447974205017,0.7539377808570862,0.32740235328674316,0.0,0.0,0.0,0.0,0.0,0.0,0.0,0.0
person_nn_1670.jpg,0.7678328156471252,0.09634284675121307,0.776197075843811,0.08493119478225708,0.7675291895866394,0.08107279986143112,0.8013535737991333,0.08801371604204178,0.0,0.0,0.825976550579071,0.1730702817440033,0.7609384059906006,0.13110461831092834,0.8217840790748596,0.2637847661972046,0.7317732572555542,0.1765497475862503,0.780627965927124,0.2434839904308319,0.759833574295044,0.20345067977905273,0.7955284714698792,0.3515447974205017,0.7539377808570862,0.32740235328674316,0.0,0.0,0.0,0.0,0.0,0.0,0.0,0.0
person_nn_1671.jpg,0.7678328156471252,0.09634284675121307,0.776197075843811,0.08493119478225708,0.7675291895866394,0.08107279986143112,0.8013535737991333,0.08801371604204178,0.0,0.0,0.825976550579071,0.1730702817440033,0.7609384059906006,0.13110461831092834,0.8217840790748596,0.2637847661972046,0.7317732572555542,0.1765497475862503,0.780627965927124,0.2434839904308319,0.759833574295044,0.20345067977905273,0.7955284714698792,0.3515447974205017,0.7539377808570862,0.32740235328674316,0.0,0.0,0.0,0.0,0.0,0.0,0.0,0.0
person_nn_1672.jpg,0.7656141519546509,0.09591332823038101,0.7742981910705566,0.0853486955165863,0.7648324966430664,0.0802965834736824,0.7978888154029846,0.0848986804485321,0.0,0.0,0.8195329308509827,0.15765923261642456,0.7515930533409119,0.11461593955755234,0.8194156289100647,0.2461559772491455,0.723091721534729,0.15606394410133362,0.7842942476272583,0.24446415901184082,0.7552849054336548,0.18123872578144073,0.7906085252761841,0.3390984833240509,0.7463198304176331,0.3170720040798187,0.0,0.0,0.0,0.0,0.0,0.0,0.0,0.0
person_nn_1673.jpg,0.7656141519546509,0.09591332823038101,0.7742981910705566,0.0853486955165863,0.7648324966430664,0.0802965834736824,0.7978888154029846,0.0848986804485321,0.0,0.0,0.8195329308509827,0.15765923261642456,0.7515930533409119,0.11461593955755234,0.8194156289100647,0.2461559772491455,0.723091721534729,0.15606394410133362,0.7842942476272583,0.24446415901184082,0.7552849054336548,0.18123872578144073,0.7906085252761841,0.3390984833240509,0.7463198304176331,0.3170720040798187,0.0,0.0,0.0,0.0,0.0,0.0,0.0,0.0
person_nn_1674.jpg,0.7629621028900146,0.09025430679321289,0.7714132070541382,0.07980673015117645,0.762174665927887,0.07533828169107437,0.7951089143753052,0.0810275599360466,0.0,0.0,0.8196921944618225,0.15292887389659882,0.7502614259719849,0.11441047489643097,0.8212399482727051,0.24089504778385162,0.7247310876846313,0.16051046550273895,0.7800386548042297,0.24194185435771942,0.7554492354393005,0.18400222063064575,0.787685215473175,0.3232872784137726,0.7421267032623291,0.30193769931793213,0.0,0.0,0.0,0.0,0.0,0.0,0.0,0.0
person_nn_1675.jpg,0.7629621028900146,0.09025430679321289,0.7714132070541382,0.07980673015117645,0.762174665927887,0.07533828169107437,0.7951089143753052,0.0810275599360466,0.0,0.0,0.8196921944618225,0.15292887389659882,0.7502614259719849,0.11441047489643097,0.8212399482727051,0.24089504778385162,0.7247310876846313,0.16051046550273895,0.7800386548042297,0.24194185435771942,0.7554492354393005,0.18400222063064575,0.787685215473175,0.3232872784137726,0.7421267032623291,0.30193769931793213,0.0,0.0,0.0,0.0,0.0,0.0,0.0,0.0
person_nn_1676.jpg,0.7629621028900146,0.09025430679321289,0.7714132070541382,0.07980673015117645,0.762174665927887,0.07533828169107437,0.7951089143753052,0.0810275599360466,0.0,0.0,0.8196921944618225,0.15292887389659882,0.7502614259719849,0.11441047489643097,0.8212399482727051,0.24089504778385162,0.7247310876846313,0.16051046550273895,0.7800386548042297,0.24194185435771942,0.7554492354393005,0.18400222063064575,0.787685215473175,0.3232872784137726,0.7421267032623291,0.30193769931793213,0.0,0.0,0.0,0.0,0.0,0.0,0.0,0.0
person_nn_1677.jpg,0.7608119249343872,0.08644329011440277,0.7699106335639954,0.07644694298505783,0.7604339122772217,0.07102560997009277,0.7938398122787476,0.07950868457555771,0.0,0.0,0.8181213736534119,0.15397794544696808,0.7452494502067566,0.11425770819187164,0.8211653232574463,0.24350591003894806,0.7203997373580933,0.16201333701610565,0.7761549353599548,0.2424851804971695,0.7529762387275696,0.17896927893161774,0.7847450375556946,0.3281538486480713,0.7366933822631836,0.30660945177078247,0.0,0.0,0.0,0.0,0.0,0.0,0.0,0.0
person_nn_1678.jpg,0.7608119249343872,0.08644329011440277,0.7699106335639954,0.07644694298505783,0.7604339122772217,0.07102560997009277,0.7938398122787476,0.07950868457555771,0.0,0.0,0.8181213736534119,0.15397794544696808,0.7452494502067566,0.11425770819187164,0.8211653232574463,0.24350591003894806,0.7203997373580933,0.16201333701610565,0.7761549353599548,0.2424851804971695,0.7529762387275696,0.17896927893161774,0.7847450375556946,0.3281538486480713,0.7366933822631836,0.30660945177078247,0.0,0.0,0.0,0.0,0.0,0.0,0.0,0.0
person_nn_1679.jpg,0.7590887546539307,0.08197227120399475,0.7674618363380432,0.07192908972501755,0.7583631277084351,0.06798750162124634,0.7912755012512207,0.0760570541024208,0.0,0.0,0.8175708055496216,0.15093085169792175,0.7466296553611755,0.11700847744941711,0.8213557004928589,0.24169126152992249,0.7233514189720154,0.16779589653015137,0.7722630500793457,0.2408701330423355,0.7545934319496155,0.1820201426744461,0.7833079695701599,0.3312418758869171,0.736299455165863,0.3110874891281128,0.0,0.0,0.0,0.0,0.0,0.0,0.0,0.0
person_nn_1680.jpg,0.7590887546539307,0.08197227120399475,0.7674618363380432,0.07192908972501755,0.7583631277084351,0.06798750162124634,0.7912755012512207,0.0760570541024208,0.0,0.0,0.8175708055496216,0.15093085169792175,0.7466296553611755,0.11700847744941711,0.8213557004928589,0.24169126152992249,0.7233514189720154,0.16779589653015137,0.7722630500793457,0.2408701330423355,0.7545934319496155,0.1820201426744461,0.7833079695701599,0.3312418758869171,0.736299455165863,0.3110874891281128,0.0,0.0,0.0,0.0,0.0,0.0,0.0,0.0
person_nn_1681.jpg,0.7590887546539307,0.08197227120399475,0.7674618363380432,0.07192908972501755,0.7583631277084351,0.06798750162124634,0.7912755012512207,0.0760570541024208,0.0,0.0,0.8175708055496216,0.15093085169792175,0.7466296553611755,0.11700847744941711,0.8213557004928589,0.24169126152992249,0.7233514189720154,0.16779589653015137,0.7722630500793457,0.2408701330423355,0.7545934319496155,0.1820201426744461,0.7833079695701599,0.3312418758869171,0.736299455165863,0.3110874891281128,0.0,0.0,0.0,0.0,0.0,0.0,0.0,0.0
person_nn_1682.jpg,0.7607608437538147,0.08126275986433029,0.7702668309211731,0.07042786478996277,0.7585088014602661,0.06644096970558167,0.7928969264030457,0.0731796845793724,0.0,0.0,0.8141216039657593,0.14509695768356323,0.7416653037071228,0.11083020269870758,0.8189756870269775,0.24018023908138275,0.7214613556861877,0.1650240570306778,0.7756010293960571,0.236728698015213,0.7515882849693298,0.1768360584974289,0.7815842032432556,0.3288938105106354,0.7339436411857605,0.31025823950767517,0.0,0.0,0.0,0.0,0.0,0.0,0.0,0.0
person_nn_1683.jpg,0.7607608437538147,0.08126275986433029,0.7702668309211731,0.07042786478996277,0.7585088014602661,0.06644096970558167,0.7928969264030457,0.0731796845793724,0.0,0.0,0.8141216039657593,0.14509695768356323,0.7416653037071228,0.11083020269870758,0.8189756870269775,0.24018023908138275,0.7214613556861877,0.1650240570306778,0.7756010293960571,0.236728698015213,0.7515882849693298,0.1768360584974289,0.7815842032432556,0.3288938105106354,0.7339436411857605,0.31025823950767517,0.0,0.0,0.0,0.0,0.0,0.0,0.0,0.0
person_nn_1684.jpg,0.7676919102668762,0.07710443437099457,0.7770181894302368,0.06563566625118256,0.7657744884490967,0.061635568737983704,0.7975202798843384,0.06580289453268051,0.0,0.0,0.816007673740387,0.13665607571601868,0.7465605139732361,0.11397316306829453,0.8196249604225159,0.23303258419036865,0.7293862104415894,0.1895371526479721,0.767128586769104,0.21445347368717194,0.7414723634719849,0.2017381340265274,0.7920273542404175,0.3243030905723572,0.7454795837402344,0.31142017245292664,0.0,0.0,0.0,0.0,0.0,0.0,0.0,0.0
person_nn_1685.jpg,0.7676919102668762,0.07710443437099457,0.7770181894302368,0.06563566625118256,0.7657744884490967,0.061635568737983704,0.7975202798843384,0.06580289453268051,0.0,0.0,0.816007673740387,0.13665607571601868,0.7465605139732361,0.11397316306829453,0.8196249604225159,0.23303258419036865,0.7293862104415894,0.1895371526479721,0.767128586769104,0.21445347368717194,0.7414723634719849,0.2017381340265274,0.7920273542404175,0.3243030905723572,0.7454795837402344,0.31142017245292664,0.0,0.0,0.0,0.0,0.0,0.0,0.0,0.0
person_nn_1686.jpg,0.7676919102668762,0.07710443437099457,0.7770181894302368,0.06563566625118256,0.7657744884490967,0.061635568737983704,0.7975202798843384,0.06580289453268051,0.0,0.0,0.816007673740387,0.13665607571601868,0.7465605139732361,0.11397316306829453,0.8196249604225159,0.23303258419036865,0.7293862104415894,0.1895371526479721,0.767128586769104,0.21445347368717194,0.7414723634719849,0.2017381340265274,0.7920273542404175,0.3243030905723572,0.7454795837402344,0.31142017245292664,0.0,0.0,0.0,0.0,0.0,0.0,0.0,0.0
person_nn_1687.jpg,0.7674060463905334,0.07635714113712311,0.7769902348518372,0.06561616063117981,0.7659813165664673,0.060643576085567474,0.7976238131523132,0.06567458063364029,0.0,0.0,0.8147314786911011,0.13398946821689606,0.7463481426239014,0.1086832657456398,0.815322756767273,0.23199541866779327,0.7265344858169556,0.18353137373924255,0.7592686414718628,0.21500396728515625,0.7329380512237549,0.1958395391702652,0.7925668358802795,0.32583504915237427,0.7466119527816772,0.3122378885746002,0.0,0.0,0.0,0.0,0.0,0.0,0.0,0.0
person_nn_1688.jpg,0.7674060463905334,0.07635714113712311,0.7769902348518372,0.06561616063117981,0.7659813165664673,0.060643576085567474,0.7976238131523132,0.06567458063364029,0.0,0.0,0.8147314786911011,0.13398946821689606,0.7463481426239014,0.1086832657456398,0.815322756767273,0.23199541866779327,0.7265344858169556,0.18353137373924255,0.7592686414718628,0.21500396728515625,0.7329380512237549,0.1958395391702652,0.7925668358802795,0.32583504915237427,0.7466119527816772,0.3122378885746002,0.0,0.0,0.0,0.0,0.0,0.0,0.0,0.0
person_nn_1689.jpg,0.7665300965309143,0.07463029026985168,0.7763509750366211,0.06425344198942184,0.7650607824325562,0.059213701635599136,0.7973533868789673,0.06573041528463364,0.0,0.0,0.8139599561691284,0.13313312828540802,0.7460296154022217,0.10937920957803726,0.8128457069396973,0.22805476188659668,0.7276611328125,0.1856488585472107,0.756505012512207,0.21082492172718048,0.7360326051712036,0.1995478868484497,0.7917468547821045,0.3220512866973877,0.7456789612770081,0.3091738820075989,0.0,0.0,0.0,0.0,0.0,0.0,0.0,0.0
person_nn_1690.jpg,0.7665300965309143,0.07463029026985168,0.7763509750366211,0.06425344198942184,0.7650607824325562,0.059213701635599136,0.7973533868789673,0.06573041528463364,0.0,0.0,0.8139599561691284,0.13313312828540802,0.7460296154022217,0.10937920957803726,0.8128457069396973,0.22805476188659668,0.7276611328125,0.1856488585472107,0.756505012512207,0.21082492172718048,0.7360326051712036,0.1995478868484497,0.7917468547821045,0.3220512866973877,0.7456789612770081,0.3091738820075989,0.0,0.0,0.0,0.0,0.0,0.0,0.0,0.0
person_nn_1691.jpg,0.7665300965309143,0.07463029026985168,0.7763509750366211,0.06425344198942184,0.7650607824325562,0.059213701635599136,0.7973533868789673,0.06573041528463364,0.0,0.0,0.8139599561691284,0.13313312828540802,0.7460296154022217,0.10937920957803726,0.8128457069396973,0.22805476188659668,0.7276611328125,0.1856488585472107,0.756505012512207,0.21082492172718048,0.7360326051712036,0.1995478868484497,0.7917468547821045,0.3220512866973877,0.7456789612770081,0.3091738820075989,0.0,0.0,0.0,0.0,0.0,0.0,0.0,0.0
person_nn_1692.jpg,0.7665443420410156,0.07460623979568481,0.7763733863830566,0.06366629898548126,0.7639958262443542,0.059192556887865067,0.796510636806488,0.06502288579940796,0.0,0.0,0.8125095367431641,0.1323767602443695,0.7429330945014954,0.11226529628038406,0.8110782504081726,0.22127823531627655,0.7232007384300232,0.18644367158412933,0.7551767230033875,0.2065144032239914,0.7320454716682434,0.20034946501255035,0.7918440699577332,0.32326966524124146,0.744415283203125,0.3123936951160431,0.0,0.0,0.0,0.0,0.0,0.0,0.0,0.0
person_nn_1693.jpg,0.7665443420410156,0.07460623979568481,0.7763733863830566,0.06366629898548126,0.7639958262443542,0.059192556887865067,0.796510636806488,0.06502288579940796,0.0,0.0,0.8125095367431641,0.1323767602443695,0.7429330945014954,0.11226529628038406,0.8110782504081726,0.22127823531627655,0.7232007384300232,0.18644367158412933,0.7551767230033875,0.2065144032239914,0.7320454716682434,0.20034946501255035,0.7918440699577332,0.32326966524124146,0.744415283203125,0.3123936951160431,0.0,0.0,0.0,0.0,0.0,0.0,0.0,0.0
person_nn_1694.jpg,0.7671427726745605,0.07164741307497025,0.77642822265625,0.06105830520391464,0.7644394040107727,0.05710830166935921,0.7952665090560913,0.06403204798698425,0.0,0.0,0.8103086948394775,0.13238324224948883,0.7451035380363464,0.11337535828351974,0.8074268102645874,0.21624483168125153,0.7270099520683289,0.1807219237089157,0.7512645721435547,0.1970742791891098,0.7327489256858826,0.1854979693889618,0.789332926273346,0.319212406873703,0.7444524168968201,0.3084322512149811,0.0,0.0,0.0,0.0,0.0,0.0,0.0,0.0
person_nn_1695.jpg,0.7671427726745605,0.07164741307497025,0.77642822265625,0.06105830520391464,0.7644394040107727,0.05710830166935921,0.7952665090560913,0.06403204798698425,0.0,0.0,0.8103086948394775,0.13238324224948883,0.7451035380363464,0.11337535828351974,0.8074268102645874,0.21624483168125153,0.7270099520683289,0.1807219237089157,0.7512645721435547,0.1970742791891098,0.7327489256858826,0.1854979693889618,0.789332926273346,0.319212406873703,0.7444524168968201,0.3084322512149811,0.0,0.0,0.0,0.0,0.0,0.0,0.0,0.0
person_nn_1696.jpg,0.7671427726745605,0.07164741307497025,0.77642822265625,0.06105830520391464,0.7644394040107727,0.05710830166935921,0.7952665090560913,0.06403204798698425,0.0,0.0,0.8103086948394775,0.13238324224948883,0.7451035380363464,0.11337535828351974,0.8074268102645874,0.21624483168125153,0.7270099520683289,0.1807219237089157,0.7512645721435547,0.1970742791891098,0.7327489256858826,0.1854979693889618,0.789332926273346,0.319212406873703,0.7444524168968201,0.3084322512149811,0.0,0.0,0.0,0.0,0.0,0.0,0.0,0.0
person_nn_1697.jpg,0.7663828730583191,0.06682337075471878,0.7760666608810425,0.057285066694021225,0.7644968628883362,0.052558086812496185,0.7957314848899841,0.06402967870235443,0.0,0.0,0.8091238737106323,0.1336490362882614,0.7471100687980652,0.11520740389823914,0.8034417629241943,0.21208159625530243,0.7287558913230896,0.18328607082366943,0.7499054670333862,0.1752169132232666,0.7301998734474182,0.17651258409023285,0.7881985902786255,0.3184959292411804,0.7450557947158813,0.30815252661705017,0.0,0.0,0.0,0.0,0.0,0.0,0.0,0.0
person_nn_1698.jpg,0.7663828730583191,0.06682337075471878,0.7760666608810425,0.057285066694021225,0.7644968628883362,0.052558086812496185,0.7957314848899841,0.06402967870235443,0.0,0.0,0.8091238737106323,0.1336490362882614,0.7471100687980652,0.11520740389823914,0.8034417629241943,0.21208159625530243,0.7287558913230896,0.18328607082366943,0.7499054670333862,0.1752169132232666,0.7301998734474182,0.17651258409023285,0.7881985902786255,0.3184959292411804,0.7450557947158813,0.30815252661705017,0.0,0.0,0.0,0.0,0.0,0.0,0.0,0.0
person_nn_1699.jpg,0.7660695910453796,0.06418877840042114,0.7759153246879578,0.05202685669064522,0.7632716298103333,0.04941815882921219,0.7971437573432922,0.057914555072784424,0.0,0.0,0.8101768493652344,0.13288015127182007,0.7503596544265747,0.12562274932861328,0.7957711815834045,0.19709940254688263,0.0,0.0,0.7483566999435425,0.15582726895809174,0.0,0.0,0.7859053015708923,0.32818207144737244,0.7433315515518188,0.32211539149284363,0.0,0.0,0.0,0.0,0.0,0.0,0.0,0.0
person_nn_1700.jpg,0.7660695910453796,0.06418877840042114,0.7759153246879578,0.05202685669064522,0.7632716298103333,0.04941815882921219,0.7971437573432922,0.057914555072784424,0.0,0.0,0.8101768493652344,0.13288015127182007,0.7503596544265747,0.12562274932861328,0.7957711815834045,0.19709940254688263,0.0,0.0,0.7483566999435425,0.15582726895809174,0.0,0.0,0.7859053015708923,0.32818207144737244,0.7433315515518188,0.32211539149284363,0.0,0.0,0.0,0.0,0.0,0.0,0.0,0.0
person_nn_1701.jpg,0.7660695910453796,0.06418877840042114,0.7759153246879578,0.05202685669064522,0.7632716298103333,0.04941815882921219,0.7971437573432922,0.057914555072784424,0.0,0.0,0.8101768493652344,0.13288015127182007,0.7503596544265747,0.12562274932861328,0.7957711815834045,0.19709940254688263,0.0,0.0,0.7483566999435425,0.15582726895809174,0.0,0.0,0.7859053015708923,0.32818207144737244,0.7433315515518188,0.32211539149284363,0.0,0.0,0.0,0.0,0.0,0.0,0.0,0.0
person_nn_1702.jpg,0.7657294869422913,0.0586123913526535,0.7751045823097229,0.04788762331008911,0.7636371850967407,0.04489454999566078,0.7963799238204956,0.05581118166446686,0.0,0.0,0.8094578385353088,0.13008452951908112,0.7510198354721069,0.11579585075378418,0.7936026453971863,0.18509630858898163,0.7279848456382751,0.16074138879776,0.7466989755630493,0.13337744772434235,0.7362762689590454,0.12894630432128906,0.7867241501808167,0.3157802224159241,0.7453498244285583,0.30694255232810974,0.0,0.0,0.0,0.0,0.0,0.0,0.0,0.0
person_nn_1703.jpg,0.7657294869422913,0.0586123913526535,0.7751045823097229,0.04788762331008911,0.7636371850967407,0.04489454999566078,0.7963799238204956,0.05581118166446686,0.0,0.0,0.8094578385353088,0.13008452951908112,0.7510198354721069,0.11579585075378418,0.7936026453971863,0.18509630858898163,0.7279848456382751,0.16074138879776,0.7466989755630493,0.13337744772434235,0.7362762689590454,0.12894630432128906,0.7867241501808167,0.3157802224159241,0.7453498244285583,0.30694255232810974,0.0,0.0,0.0,0.0,0.0,0.0,0.0,0.0
person_nn_1704.jpg,0.7659834027290344,0.0557289756834507,0.7749213576316833,0.045418109744787216,0.7644050121307373,0.04352087527513504,0.7957270741462708,0.0530746690928936,0.0,0.0,0.8089197874069214,0.12051297724246979,0.7502776980400085,0.1174774169921875,0.7949434518814087,0.1743989884853363,0.7247287034988403,0.17630043625831604,0.7483165860176086,0.1200476735830307,0.7315363883972168,0.14063024520874023,0.7879666686058044,0.30972468852996826,0.7469924688339233,0.3065336048603058,0.0,0.0,0.0,0.0,0.0,0.0,0.0,0.0
person_nn_1705.jpg,0.7659834027290344,0.0557289756834507,0.7749213576316833,0.045418109744787216,0.7644050121307373,0.04352087527513504,0.7957270741462708,0.0530746690928936,0.0,0.0,0.8089197874069214,0.12051297724246979,0.7502776980400085,0.1174774169921875,0.7949434518814087,0.1743989884853363,0.7247287034988403,0.17630043625831604,0.7483165860176086,0.1200476735830307,0.7315363883972168,0.14063024520874023,0.7879666686058044,0.30972468852996826,0.7469924688339233,0.3065336048603058,0.0,0.0,0.0,0.0,0.0,0.0,0.0,0.0
person_nn_1706.jpg,0.7659834027290344,0.0557289756834507,0.7749213576316833,0.045418109744787216,0.7644050121307373,0.04352087527513504,0.7957270741462708,0.0530746690928936,0.0,0.0,0.8089197874069214,0.12051297724246979,0.7502776980400085,0.1174774169921875,0.7949434518814087,0.1743989884853363,0.7247287034988403,0.17630043625831604,0.7483165860176086,0.1200476735830307,0.7315363883972168,0.14063024520874023,0.7879666686058044,0.30972468852996826,0.7469924688339233,0.3065336048603058,0.0,0.0,0.0,0.0,0.0,0.0,0.0,0.0
person_nn_1707.jpg,0.8962963819503784,0.48462748527526855,0.9040240049362183,0.45846161246299744,0.8815997838973999,0.45844247937202454,0.0,0.0,0.8494300246238708,0.45222610235214233,0.9248226881027222,0.5296550989151001,0.8035826683044434,0.5342867374420166,0.9391121864318848,0.6722867488861084,0.7784367799758911,0.6744608283042908,0.9033768773078918,0.7043787240982056,0.848832368850708,0.6965173482894897,0.8839967846870422,0.7419130802154541,0.7986781597137451,0.7418735027313232,0.8773675560951233,0.9176598191261292,0.761808454990387,0.9184760451316833,0.0,0.0,0.0,0.0
person_nn_1708.jpg,0.8962963819503784,0.48462748527526855,0.9040240049362183,0.45846161246299744,0.8815997838973999,0.45844247937202454,0.0,0.0,0.8494300246238708,0.45222610235214233,0.9248226881027222,0.5296550989151001,0.8035826683044434,0.5342867374420166,0.9391121864318848,0.6722867488861084,0.7784367799758911,0.6744608283042908,0.9033768773078918,0.7043787240982056,0.848832368850708,0.6965173482894897,0.8839967846870422,0.7419130802154541,0.7986781597137451,0.7418735027313232,0.8773675560951233,0.9176598191261292,0.761808454990387,0.9184760451316833,0.0,0.0,0.0,0.0
person_nn_1709.jpg,0.8962963819503784,0.48462748527526855,0.9040240049362183,0.45846161246299744,0.8815997838973999,0.45844247937202454,0.0,0.0,0.8494300246238708,0.45222610235214233,0.9248226881027222,0.5296550989151001,0.8035826683044434,0.5342867374420166,0.9391121864318848,0.6722867488861084,0.7784367799758911,0.6744608283042908,0.9033768773078918,0.7043787240982056,0.848832368850708,0.6965173482894897,0.8839967846870422,0.7419130802154541,0.7986781597137451,0.7418735027313232,0.8773675560951233,0.9176598191261292,0.761808454990387,0.9184760451316833,0.0,0.0,0.0,0.0
person_nn_1710.jpg,0.8760424852371216,0.48329293727874756,0.8899986743927002,0.4618581235408783,0.8644226789474487,0.45824959874153137,0.9133089184761047,0.4542144238948822,0.0,0.0,0.9292559623718262,0.5259982943534851,0.8071973919868469,0.5198702216148376,0.9386715888977051,0.6750310659408569,0.7771284580230713,0.6660279631614685,0.9016509056091309,0.7046567797660828,0.846327543258667,0.6935180425643921,0.8810905814170837,0.7509077787399292,0.7939584851264954,0.7462065815925598,0.8827610611915588,0.9187508225440979,0.7547483444213867,0.9188194870948792,0.0,0.0,0.0,0.0
person_nn_1711.jpg,0.8760424852371216,0.48329293727874756,0.8899986743927002,0.4618581235408783,0.8644226789474487,0.45824959874153137,0.9133089184761047,0.4542144238948822,0.0,0.0,0.9292559623718262,0.5259982943534851,0.8071973919868469,0.5198702216148376,0.9386715888977051,0.6750310659408569,0.7771284580230713,0.6660279631614685,0.9016509056091309,0.7046567797660828,0.846327543258667,0.6935180425643921,0.8810905814170837,0.7509077787399292,0.7939584851264954,0.7462065815925598,0.8827610611915588,0.9187508225440979,0.7547483444213867,0.9188194870948792,0.0,0.0,0.0,0.0
person_nn_1712.jpg,0.8769552111625671,0.48257243633270264,0.8904512524604797,0.46192407608032227,0.865402102470398,0.4586732089519501,0.9116697907447815,0.4551123082637787,0.0,0.0,0.9267368316650391,0.527611494064331,0.8076809644699097,0.5216999650001526,0.9367021322250366,0.6702022552490234,0.7789662480354309,0.6618703603744507,0.9016696810722351,0.7047083973884583,0.8468029499053955,0.6964728236198425,0.8780823349952698,0.7496644854545593,0.7939233779907227,0.7446537017822266,0.8741403222084045,0.9157727956771851,0.7541793584823608,0.9157477617263794,0.0,0.0,0.0,0.0
person_nn_1713.jpg,0.8769552111625671,0.48257243633270264,0.8904512524604797,0.46192407608032227,0.865402102470398,0.4586732089519501,0.9116697907447815,0.4551123082637787,0.0,0.0,0.9267368316650391,0.527611494064331,0.8076809644699097,0.5216999650001526,0.9367021322250366,0.6702022552490234,0.7789662480354309,0.6618703603744507,0.9016696810722351,0.7047083973884583,0.8468029499053955,0.6964728236198425,0.8780823349952698,0.7496644854545593,0.7939233779907227,0.7446537017822266,0.8741403222084045,0.9157727956771851,0.7541793584823608,0.9157477617263794,0.0,0.0,0.0,0.0
person_nn_1714.jpg,0.8786223530769348,0.4815838038921356,0.8916512727737427,0.46052414178848267,0.8657060265541077,0.4579324424266815,0.9104440212249756,0.45530828833580017,0.8433800339698792,0.44969335198402405,0.9221605062484741,0.5426439642906189,0.8055227994918823,0.5333136320114136,0.931549608707428,0.672513484954834,0.7800012230873108,0.6566299200057983,0.902526319026947,0.7059046626091003,0.8440335392951965,0.702189564704895,0.8853983283042908,0.7505806088447571,0.8009555339813232,0.7477158308029175,0.9063123464584351,0.8860670924186707,0.7623326182365417,0.890291154384613,0.0,0.0,0.0,0.0
person_nn_1715.jpg,0.8786223530769348,0.4815838038921356,0.8916512727737427,0.46052414178848267,0.8657060265541077,0.4579324424266815,0.9104440212249756,0.45530828833580017,0.8433800339698792,0.44969335198402405,0.9221605062484741,0.5426439642906189,0.8055227994918823,0.5333136320114136,0.931549608707428,0.672513484954834,0.7800012230873108,0.6566299200057983,0.902526319026947,0.7059046626091003,0.8440335392951965,0.702189564704895,0.8853983283042908,0.7505806088447571,0.8009555339813232,0.7477158308029175,0.9063123464584351,0.8860670924186707,0.7623326182365417,0.890291154384613,0.0,0.0,0.0,0.0
person_nn_1716.jpg,0.8786223530769348,0.4815838038921356,0.8916512727737427,0.46052414178848267,0.8657060265541077,0.4579324424266815,0.9104440212249756,0.45530828833580017,0.8433800339698792,0.44969335198402405,0.9221605062484741,0.5426439642906189,0.8055227994918823,0.5333136320114136,0.931549608707428,0.672513484954834,0.7800012230873108,0.6566299200057983,0.902526319026947,0.7059046626091003,0.8440335392951965,0.702189564704895,0.8853983283042908,0.7505806088447571,0.8009555339813232,0.7477158308029175,0.9063123464584351,0.8860670924186707,0.7623326182365417,0.890291154384613,0.0,0.0,0.0,0.0
person_nn_1717.jpg,0.8809500336647034,0.48096054792404175,0.8931990265846252,0.4574953615665436,0.8689154982566833,0.45550379157066345,0.9113684296607971,0.4498423635959625,0.8489868640899658,0.44714468717575073,0.9273216724395752,0.5329660773277283,0.8072985410690308,0.5272416472434998,0.9394474625587463,0.6713867783546448,0.7785388827323914,0.6602712273597717,0.9035187363624573,0.697479784488678,0.8479563593864441,0.6953937411308289,0.8780297040939331,0.7363660335540771,0.7946739196777344,0.7314621210098267,0.8685401082038879,0.9070516228675842,0.7582044005393982,0.9071324467658997,0.0,0.0,0.0,0.0
person_nn_1718.jpg,0.8809500336647034,0.48096054792404175,0.8931990265846252,0.4574953615665436,0.8689154982566833,0.45550379157066345,0.9113684296607971,0.4498423635959625,0.8489868640899658,0.44714468717575073,0.9273216724395752,0.5329660773277283,0.8072985410690308,0.5272416472434998,0.9394474625587463,0.6713867783546448,0.7785388827323914,0.6602712273597717,0.9035187363624573,0.697479784488678,0.8479563593864441,0.6953937411308289,0.8780297040939331,0.7363660335540771,0.7946739196777344,0.7314621210098267,0.8685401082038879,0.9070516228675842,0.7582044005393982,0.9071324467658997,0.0,0.0,0.0,0.0
person_nn_1719.jpg,0.8809500336647034,0.48096054792404175,0.8931990265846252,0.4574953615665436,0.8689154982566833,0.45550379157066345,0.9113684296607971,0.4498423635959625,0.8489868640899658,0.44714468717575073,0.9273216724395752,0.5329660773277283,0.8072985410690308,0.5272416472434998,0.9394474625587463,0.6713867783546448,0.7785388827323914,0.6602712273597717,0.9035187363624573,0.697479784488678,0.8479563593864441,0.6953937411308289,0.8780297040939331,0.7363660335540771,0.7946739196777344,0.7314621210098267,0.8685401082038879,0.9070516228675842,0.7582044005393982,0.9071324467658997,0.0,0.0,0.0,0.0
person_nn_1720.jpg,0.8808510303497314,0.4797348082065582,0.8931550979614258,0.4565443992614746,0.8686854839324951,0.45466145873069763,0.911243200302124,0.44856026768684387,0.8483700752258301,0.44625696539878845,0.9275442957878113,0.5293296575546265,0.8065677881240845,0.5259380340576172,0.9401053190231323,0.6676216721534729,0.7800087928771973,0.6614900231361389,0.9034624695777893,0.6986280083656311,0.8508164882659912,0.6942922472953796,0.876184344291687,0.7383807897567749,0.7924702763557434,0.7337970733642578,0.8625234365463257,0.9095480442047119,0.75545334815979,0.9099852442741394,0.0,0.0,0.0,0.0
person_nn_1721.jpg,0.8808510303497314,0.4797348082065582,0.8931550979614258,0.4565443992614746,0.8686854839324951,0.45466145873069763,0.911243200302124,0.44856026768684387,0.8483700752258301,0.44625696539878845,0.9275442957878113,0.5293296575546265,0.8065677881240845,0.5259380340576172,0.9401053190231323,0.6676216721534729,0.7800087928771973,0.6614900231361389,0.9034624695777893,0.6986280083656311,0.8508164882659912,0.6942922472953796,0.876184344291687,0.7383807897567749,0.7924702763557434,0.7337970733642578,0.8625234365463257,0.9095480442047119,0.75545334815979,0.9099852442741394,0.0,0.0,0.0,0.0
person_nn_1722.jpg,0.880789577960968,0.481545090675354,0.8938920497894287,0.4593304991722107,0.8693302273750305,0.4565570056438446,0.9128309488296509,0.4532771706581116,0.8505367040634155,0.4481537342071533,0.9218650460243225,0.531701385974884,0.8105677366256714,0.5271787643432617,0.928547739982605,0.661885678768158,0.7814429402351379,0.6606143712997437,0.9058178067207336,0.6951156854629517,0.8522003889083862,0.6969263553619385,0.8694440722465515,0.7320402264595032,0.7926725149154663,0.7274312376976013,0.8529342412948608,0.8996347188949585,0.7594363689422607,0.9000772833824158,0.0,0.0,0.0,0.0
person_nn_1723.jpg,0.880789577960968,0.481545090675354,0.8938920497894287,0.4593304991722107,0.8693302273750305,0.4565570056438446,0.9128309488296509,0.4532771706581116,0.8505367040634155,0.4481537342071533,0.9218650460243225,0.531701385974884,0.8105677366256714,0.5271787643432617,0.928547739982605,0.661885678768158,0.7814429402351379,0.6606143712997437,0.9058178067207336,0.6951156854629517,0.8522003889083862,0.6969263553619385,0.8694440722465515,0.7320402264595032,0.7926725149154663,0.7274312376976013,0.8529342412948608,0.8996347188949585,0.7594363689422607,0.9000772833824158,0.0,0.0,0.0,0.0
person_nn_1724.jpg,0.880789577960968,0.481545090675354,0.8938920497894287,0.4593304991722107,0.8693302273750305,0.4565570056438446,0.9128309488296509,0.4532771706581116,0.8505367040634155,0.4481537342071533,0.9218650460243225,0.531701385974884,0.8105677366256714,0.5271787643432617,0.928547739982605,0.661885678768158,0.7814429402351379,0.6606143712997437,0.9058178067207336,0.6951156854629517,0.8522003889083862,0.6969263553619385,0.8694440722465515,0.7320402264595032,0.7926725149154663,0.7274312376976013,0.8529342412948608,0.8996347188949585,0.7594363689422607,0.9000772833824158,0.0,0.0,0.0,0.0
person_nn_1725.jpg,0.8815599083900452,0.47890421748161316,0.8934081196784973,0.4565257728099823,0.8693795204162598,0.45177969336509705,0.905366837978363,0.455913245677948,0.8453355431556702,0.44648346304893494,0.9107946157455444,0.5523818731307983,0.8067044019699097,0.5355663895606995,0.9191339612007141,0.6828032732009888,0.7816833853721619,0.6597583293914795,0.9051369428634644,0.6997445821762085,0.8524667024612427,0.6993007659912109,0.8638439178466797,0.7508034110069275,0.7916898727416992,0.7411471605300903,0.8495617508888245,0.9173117876052856,0.7596263885498047,0.9057074785232544,0.0,0.0,0.0,0.0
person_nn_1726.jpg,0.8815599083900452,0.47890421748161316,0.8934081196784973,0.4565257728099823,0.8693795204162598,0.45177969336509705,0.905366837978363,0.455913245677948,0.8453355431556702,0.44648346304893494,0.9107946157455444,0.5523818731307983,0.8067044019699097,0.5355663895606995,0.9191339612007141,0.6828032732009888,0.7816833853721619,0.6597583293914795,0.9051369428634644,0.6997445821762085,0.8524667024612427,0.6993007659912109,0.8638439178466797,0.7508034110069275,0.7916898727416992,0.7411471605300903,0.8495617508888245,0.9173117876052856,0.7596263885498047,0.9057074785232544,0.0,0.0,0.0,0.0
person_nn_1727.jpg,0.8815599083900452,0.47890421748161316,0.8934081196784973,0.4565257728099823,0.8693795204162598,0.45177969336509705,0.905366837978363,0.455913245677948,0.8453355431556702,0.44648346304893494,0.9107946157455444,0.5523818731307983,0.8067044019699097,0.5355663895606995,0.9191339612007141,0.6828032732009888,0.7816833853721619,0.6597583293914795,0.9051369428634644,0.6997445821762085,0.8524667024612427,0.6993007659912109,0.8638439178466797,0.7508034110069275,0.7916898727416992,0.7411471605300903,0.8495617508888245,0.9173117876052856,0.7596263885498047,0.9057074785232544,0.0,0.0,0.0,0.0
person_nn_1728.jpg,0.8804910182952881,0.47915175557136536,0.8929879665374756,0.45677486062049866,0.8681784272193909,0.4524221420288086,0.9068765044212341,0.45650964975357056,0.8452112078666687,0.4479128122329712,0.9130269885063171,0.5517807006835938,0.8076403737068176,0.5349621772766113,0.9203156232833862,0.6820631623268127,0.7814470529556274,0.6583515405654907,0.9043832421302795,0.6980894207954407,0.8518447279930115,0.6994267106056213,0.863480269908905,0.7517420649528503,0.7907857298851013,0.7413631081581116,0.8452242016792297,0.9203388690948486,0.7581825852394104,0.90774005651474,0.0,0.0,0.0,0.0
person_nn_1729.jpg,0.8804910182952881,0.47915175557136536,0.8929879665374756,0.45677486062049866,0.8681784272193909,0.4524221420288086,0.9068765044212341,0.45650964975357056,0.8452112078666687,0.4479128122329712,0.9130269885063171,0.5517807006835938,0.8076403737068176,0.5349621772766113,0.9203156232833862,0.6820631623268127,0.7814470529556274,0.6583515405654907,0.9043832421302795,0.6980894207954407,0.8518447279930115,0.6994267106056213,0.863480269908905,0.7517420649528503,0.7907857298851013,0.7413631081581116,0.8452242016792297,0.9203388690948486,0.7581825852394104,0.90774005651474,0.0,0.0,0.0,0.0
